nu,sampling,scale,lr,L2_Error,L_inf_Error,l2_shock,TV_Error,Oscillation_Count,step
0.005,uniform,15,0.001,0.0018941907910630107,0.020773887634277344,0.020073087885975838,0.011310935020446777,41,1600
0.005,banded,15,0.0002,0.0371587760746479,0.32617610692977905,0.352742999792099,9.822845458984375e-05,1,3200
0.005,uniform,15,0.0005,0.04101547226309776,0.4913891553878784,0.5348495841026306,0.013555526733398438,39,4999
0.005,uniform,30,0.0002,0.04520250856876373,0.5215031504631042,0.5698479413986206,0.0208815336227417,72,2000
0.005,uniform,15,0.0002,0.08029380440711975,0.9314114451408386,1.029731273651123,0.03029799461364746,48,4400
0.005,banded,30,0.0002,0.17987148463726044,1.6740546226501465,1.746497392654419,0.015789389610290527,23,3400
0.005,banded,15,0.0005,0.18635253608226776,1.3020442724227905,1.359750509262085,0.0005450248718261719,1,1000
0.005,banded,15,0.001,0.23448938131332397,1.8761197328567505,1.8403903245925903,0.0214691162109375,32,600
0.005,uniform,30,0.0005,0.24512366950511932,1.7565040588378906,1.663072943687439,0.01162409782409668,21,1000
0.005,uniform,50,0.001,0.26844942569732666,1.7544395923614502,1.6347252130508423,3.814697265625e-06,1,4600
0.005,banded,50,0.0005,0.27420303225517273,1.6539980173110962,1.5205751657485962,0.0069283246994018555,4,4999
0.005,banded,30,0.001,0.2746330499649048,1.7340114116668701,1.6034640073776245,0.00549626350402832,6,1000
0.005,banded,30,0.0005,0.2803928554058075,1.8581738471984863,1.7413290739059448,0.0015894174575805664,8,1400
0.005,banded,50,0.001,0.2859817147254944,1.773877501487732,1.6347299814224243,1.6689300537109375e-06,1,4800
0.005,uniform,50,0.0005,0.28800225257873535,1.8258395195007324,1.694470763206482,0.01659214496612549,5,4200
0.005,uniform,30,0.001,0.3754887282848358,1.5454978942871094,1.3533974885940552,0.002745985984802246,3,600
0.005,uniform,50,0.0002,0.5590470433235168,0.9726517200469971,0.9850608110427856,0.0,1,4999
0.005,banded,80,0.001,0.5712677836418152,0.9679681062698364,0.9863734841346741,0.0,1,3600
0.005,banded,50,0.0002,0.571316123008728,0.9670262336730957,0.9863269329071045,0.0,1,4800
0.005,banded,80,0.0005,0.571381151676178,0.9655340313911438,0.986419677734375,0.0,1,4200
0.005,uniform,80,0.0005,0.5713950991630554,0.9678663015365601,0.9864928126335144,0.0,1,4000
0.005,uniform,80,0.001,0.5714043974876404,0.9704775810241699,0.9865248203277588,0.0,1,2200
0.005,banded,80,0.0002,0.5714055895805359,0.966350257396698,0.9863391518592834,0.0,1,3600
0.005,uniform,80,0.0002,0.5714093446731567,0.9675211906433105,0.9864627122879028,5.960464477539063e-08,1,2800
