mode,lr,seed,L2,Linf,step
single,0.001,42,0.0018941907910630107,0.020773887634277344,1600
single,0.001,123,0.08019957691431046,0.9193788170814514,5600
single,0.001,2024,0.24371066689491272,1.7857708930969238,200
single,0.001,7,0.16117800772190094,1.6084671020507812,1800
single,0.001,99,0.21487130224704742,1.791440725326538,4600
multiscale,0.001,42,0.06999965012073517,0.7931210994720459,1200
multiscale,0.001,123,0.23826664686203003,1.760715365409851,400
multiscale,0.001,2024,0.41575419902801514,1.8331475257873535,400
multiscale,0.001,7,0.2947525680065155,1.8253947496414185,600
multiscale,0.001,99,0.07370932400226593,0.8650516271591187,2600
anneal,0.001,42,0.03854618966579437,0.39668768644332886,800
anneal,0.001,123,0.06980478018522263,0.5960614085197449,5800
anneal,0.001,2024,0.03868063911795616,0.36665552854537964,800
anneal,0.001,7,0.11488856375217438,1.1708781719207764,2200
anneal,0.001,99,0.05751785263419151,0.434446781873703,5800
