seed,point,n,family,contrast,E_off,kappa_orig,kappa_new,improve_ratio,beta_sat,eps_star,SA_holds,w_min,w_max
0,gate,128,rational,5.0,0.09977548401324746,2152.192099166301,2944.0526844528576,1.3679321123766328,3.9052679538726807,0.0018577069837608863,0,2.334825038909912,3.205681800842285
0,gate,128,linear,5.0,0.08249055098757975,2152.192099166301,2173.703241258729,1.0099949916648987,4.965700626373291,0.0018577069837608863,0,3.0033578872680664,4.779356002807617
0,gate,128,band,5.0,0.4005677003863859,2152.192099166301,3828.618669890382,1.7789390971993075,4.8761677742004395,0.0018577069837608863,0,1.0,3.8125
0,gate,128,down_lin,5.0,0.1141714118401211,2152.192099166301,1606.012442840759,0.7462216980830304,0.41898345947265625,0.0018577069837608863,0,0.2368270754814148,0.558863639831543
0,gate,128,down_inv,5.0,0.09887223628804584,2152.192099166301,1891.7888721464421,0.8790055835997485,0.26327961683273315,0.0018577069837608863,0,0.20764704048633575,0.3167268633842468
0,gate,128,rational_shuf,5.0,0.12491849961255368,2152.192099166301,2282.3763793235503,1.0604891543871382,3.058140277862549,0.0018577069837608863,0,2.334825038909912,3.205681800842285
0,gate,128,rational,15.0,0.12770393759326454,2152.192099166301,3197.6550215097063,1.4857665460013483,11.168357849121094,0.0065019744431631015,0,5.671887397766113,8.719886779785156
0,gate,128,linear,15.0,0.09682577346709134,2152.192099166301,2180.463491757639,1.0131360916166776,14.879871368408203,0.0065019744431631015,0,8.01175308227539,14.227745056152344
0,gate,128,band,15.0,0.4708172223278584,2152.192099166301,10593.475644681117,4.922179413624245,14.566506385803223,0.0065019744431631015,0,1.0,10.84375
0,gate,128,down_lin,15.0,0.1520837722126905,2152.192099166301,1367.5430324564181,0.6354186659202801,0.32214227318763733,0.0065019744431631015,0,0.10963159799575806,0.4853408932685852
0,gate,128,down_inv,15.0,0.12862200515529765,2152.192099166301,1860.9065970840736,0.8646563649243656,0.09344948828220367,0.0065019744431631015,0,0.06965958327054977,0.11759651452302933
0,gate,128,rational_shuf,15.0,0.1598848398909399,2152.192099166301,2359.690391101164,1.0964125330704644,8.203413009643555,0.0065019744431631015,0,5.671887397766113,8.719886779785156
0,gate,128,rational,40.0,0.13753556965067673,2152.192099166301,3288.7356921168857,1.5280864999880122,29.326087951660156,0.01811264309166864,0,14.014542579650879,22.50539779663086
0,gate,128,linear,40.0,0.10133592642304991,2152.192099166301,2182.973917058523,1.0143025420008493,39.66530990600586,0.01811264309166864,0,20.532739639282227,37.848716735839844
0,gate,128,band,40.0,0.4922322085976638,2152.192099166301,27771.16055147349,12.903662531904686,38.79236602783203,0.01811264309166864,0,1.0,28.421875
0,gate,128,down_lin,40.0,0.1661354347886118,2152.192099166301,1537.8792978135457,0.7145641406309767,0.29187944531440735,0.01811264309166864,0,0.06988298892974854,0.4623650312423706
0,gate,128,down_inv,40.0,0.13961277775179248,2152.192099166301,1851.969516356734,0.8605038170496654,0.03579811379313469,0.01811264309166864,0,0.02617480233311653,0.04575418680906296
0,gate,128,rational_shuf,40.0,0.17219402549038834,2152.192099166301,2390.998598300009,1.1109596579349097,21.066585540771484,0.01811264309166864,0,14.014542579650879,22.50539779663086
0,gate,256,rational,5.0,0.09959496410596501,11622.856064318492,17127.79456870333,1.4736304462450232,3.3015570640563965,0.0003441198839581915,0,2.3590710163116455,3.2168822288513184
0,gate,256,linear,5.0,0.07508362937312624,11622.856064318492,12011.328358174504,1.0334231355620587,4.900162696838379,0.0003441198839581915,0,3.05847430229187,4.820766925811768
0,gate,256,band,5.0,0.3839993660171924,11622.856064318492,24384.03476191708,2.097938288745972,4.373978137969971,0.0003441198839581915,0,1.0,3.921875
0,gate,256,down_lin,5.0,0.11484759835642937,11622.856064318492,6038.9229252433815,0.5195730629223339,0.5397960543632507,0.0003441198839581915,0,0.22321367263793945,0.5566235184669495
0,gate,256,down_inv,5.0,0.09695971967016304,11622.856064318492,8401.839439688249,0.72287219192892,0.3068036139011383,0.0003441198839581915,0,0.2047530710697174,0.3150089979171753
0,gate,256,rational_shuf,5.0,0.11706948787770502,11622.856064318492,11290.680789671933,0.9714205120661936,3.2558670043945312,0.0003441198839581915,0,2.3590710163116455,3.2168822288513184
0,gate,256,rational,15.0,0.1274412681583797,11622.856064318492,18837.26053942034,1.6207084072261428,9.055224418640137,0.0012044195938536702,0,5.756748676300049,8.759088516235352
0,gate,256,linear,15.0,0.08802535437470926,11622.856064318492,12122.527834721302,1.0429904463789046,14.650346755981445,0.0012044195938536702,0,8.204660415649414,14.372686386108398
0,gate,256,band,15.0,0.4509237448757432,11622.856064318492,59315.82943587926,5.103378129062055,12.808699607849121,0.0012044195938536702,0,1.0,11.2265625
0,gate,256,down_lin,15.0,0.15334982828949728,11622.856064318492,4319.199858770112,0.3716126083699694,0.4630804657936096,0.0012044195938536702,0,0.0937492847442627,0.4827274680137634
0,gate,256,down_inv,15.0,0.1257593097275018,11622.856064318492,7894.313195788764,0.6792059672857739,0.11273287981748581,0.0012044195938536702,0,0.06852243840694427,0.11669619381427765
0,gate,256,rational_shuf,15.0,0.14980159349370217,11622.856064318492,11286.575908319655,0.9710673388590608,8.89531135559082,0.0012044195938536702,0,5.756748676300049,8.759088516235352
0,gate,256,rational,40.0,0.13724671733720564,11622.856064318492,19465.91788585163,1.674796433693341,23.439395904541016,0.0033551688685923673,0,14.25094223022461,22.61460304260254
0,gate,256,linear,40.0,0.09209154800085334,11622.856064318492,12161.875796481381,1.0463758416330775,39.02580261230469,0.0033551688685923673,0,21.07012367248535,38.25248336791992
0,gate,256,band,40.0,0.4713860319247406,11622.856064318492,147804.46036623823,12.716707455406725,33.89550018310547,0.0033551688685923673,0,1.0,29.48828125
0,gate,256,down_lin,40.0,0.16767903161646125,11622.856064318492,3959.909297719064,0.340700192431683,0.43910688161849976,0.0033551688685923673,0,0.05329161882400513,0.4596349000930786
0,gate,256,down_inv,40.0,0.1363978420250642,11622.856064318492,7738.307610797511,0.6657836566137713,0.043690986931324005,0.0033551688685923673,0,0.025727884843945503,0.045363977551460266
0,gate,256,rational_shuf,40.0,0.1613274561308697,11622.856064318492,11294.752578220183,0.9717708380554098,22.993921279907227,0.0033551688685923673,0,14.25094223022461,22.614601135253906
0,conv,128,rational,5.0,0.27177964853759184,2429.3599100088713,6843.117485742881,2.816839718787445,2.8061559200286865,0.0016458467667800688,0,1.096608281135559,2.882023334503174
0,conv,128,linear,5.0,0.3096438445107856,2429.3599100088713,6543.031200488862,2.693314882464233,3.700425148010254,0.0016458467667800688,0,1.0989993810653687,3.862311840057373
0,conv,128,band,5.0,0.5399723829070463,2429.3599100088713,10991.194744291533,4.524317166430641,3.344799280166626,0.0016458467667800688,0,1.0,2.9375
0,conv,128,down_lin,5.0,0.2528364663689703,2429.3599100088713,1074.9750520459447,0.44249312241347527,0.6388071775436401,0.0016458467667800688,0,0.21039718389511108,0.6235953569412231
0,conv,128,down_inv,5.0,0.32724519801275054,2429.3599100088713,1695.1393708719509,0.6977720196534242,0.4153522849082947,0.0016458467667800688,0,0.20210127532482147,0.38925108313560486
0,conv,128,rational_shuf,5.0,0.2899319257649064,2429.3599100088713,2845.1003736325993,1.171131688602785,3.445483922958374,0.0016458467667800688,0,1.096608281135559,2.882023334503174
0,conv,128,rational,15.0,0.34972428237507064,2429.3599100088713,12783.269767917662,5.261990911783418,7.321463584899902,0.005760463683730241,0,1.3381290435791016,7.587081432342529
0,conv,128,linear,15.0,0.37012690133812526,2429.3599100088713,12614.488503683946,5.19251530072293,10.451406478881836,0.005760463683730241,0,1.3464977741241455,11.018091201782227
0,conv,128,band,15.0,0.6417239527846738,2429.3599100088713,32854.72816748577,13.52402665085792,9.206714630126953,0.005760463683730241,0,1.0,7.78125
0,conv,128,down_lin,15.0,0.3197697854615488,2429.3599100088713,742.6168553463777,0.30568416490567096,0.5786031484603882,0.005760463683730241,0,0.07879674434661865,0.5608612298965454
0,conv,128,down_inv,15.0,0.5001081148208618,2429.3599100088713,1605.966112120251,0.6610655364418138,0.18982498347759247,0.005760463683730241,0,0.0674852654337883,0.16939528286457062
0,conv,128,rational_shuf,15.0,0.3730824811209769,2429.3599100088713,3240.380241730142,1.3338411605377605,9.559114456176758,0.005760463683730241,0,1.3381290435791016,7.587081432342529
0,conv,128,rational,40.0,0.37674036115488235,2429.3599100088713,22280.061651417254,9.171165441408759,18.609739303588867,0.01604700597610567,0,1.9419310092926025,19.349727630615234
0,conv,128,linear,40.0,0.3892574961615944,2429.3599100088713,22204.11279711838,9.139902533847815,27.328861236572266,0.01604700597610567,0,1.9652436971664429,28.90753936767578
0,conv,128,band,40.0,0.6717329561551693,2429.3599100088713,87521.06610697847,36.026389398456345,23.86150360107422,0.01604700597610567,0,1.0,19.890625
0,conv,128,down_lin,40.0,0.34258181274019345,2429.3599100088713,761.9085928220508,0.31362524329269453,0.5597891807556152,0.01604700597610567,0,0.037671566009521484,0.5412567853927612
0,conv,128,down_inv,40.0,0.6031617508592816,2429.3599100088713,1594.9256185637369,0.6565209263529472,0.08363086730241776,0.01604700597610567,0,0.025320854038000107,0.07333717495203018
0,conv,128,rational_shuf,40.0,0.40190293095755697,2429.3599100088713,3448.7199531436795,1.4196002572262278,24.843185424804688,0.01604700597610567,0,1.9419310092926025,19.349727630615234
0,conv,256,rational,5.0,0.27093118285690854,13652.721674943272,28557.8785296797,2.0917352019335267,2.9109158515930176,0.00029296041733006974,0,1.0698997974395752,2.907322406768799
0,conv,256,linear,5.0,0.299891860848669,13652.721674943272,27880.79812114989,2.0421421299695353,3.9251210689544678,0.00029296041733006974,0,1.0711430311203003,3.912848472595215
0,conv,256,band,5.0,0.536411039678043,13652.721674943272,58141.302535806026,4.258586963104381,2.9529528617858887,0.00029296041733006974,0,1.0,2.96875
0,conv,256,down_lin,5.0,0.25597044163188104,13652.721674943272,5966.2256244885275,0.43699899306072376,0.6179328560829163,0.00029296041733006974,0,0.2059115767478943,0.6185355186462402
0,conv,256,down_inv,5.0,0.3390800094403023,13652.721674943272,8453.787508413521,0.6192016295130873,0.38409149646759033,0.00029296041733006974,0,0.20118935406208038,0.38617363572120667
0,conv,256,rational_shuf,5.0,0.2894624552304775,13652.721674943272,19345.32381026405,1.4169573123114612,2.8807668685913086,0.00029296041733006974,0,1.0698997974395752,2.907322406768799
0,conv,256,rational,15.0,0.34806263274221927,13652.721674943272,55387.408144186724,4.056876677259068,7.687962532043457,0.0010253614606552442,0,1.2446491718292236,7.675628662109375
0,conv,256,linear,15.0,0.3580490793153554,13652.721674943272,54963.80102020002,4.02584937485942,11.237682342529297,0.0010253614606552442,0,1.2490005493164062,11.194969177246094
0,conv,256,band,15.0,0.6371369033320456,13652.721674943272,172331.45464976318,12.62249819140763,7.835094451904297,0.0010253614606552442,0,1.0,7.890625
0,conv,256,down_lin,15.0,0.3243886759939013,13652.721674943272,3998.645054060336,0.29288263170258694,0.5542389154434204,0.0010253614606552442,0,0.07356351613998413,0.5549581050872803
0,conv,256,down_inv,15.0,0.5455737984546375,13652.721674943272,7666.770596606848,0.5615562068241389,0.16730907559394836,0.0010253614606552442,0,0.06712964922189713,0.16953730583190918
0,conv,256,rational_shuf,15.0,0.3718694784960373,13652.721674943272,26035.427005754962,1.9069770574417824,7.582441329956055,0.0010253614606552442,0,1.2446491718292236,7.675628662109375
0,conv,256,rational,40.0,0.37476631713129144,13652.721674943272,87649.38096861067,6.419920002432399,19.630582809448242,0.0028563640689681803,0,1.6815228462219238,19.59639549255371
0,conv,256,linear,40.0,0.3764406014386016,13652.721674943272,87486.00555028542,6.407953493320513,29.519084930419922,0.0028563640689681803,0,1.6936442852020264,29.4002742767334
0,conv,256,band,40.0,0.6668898270199267,13652.721674943272,457903.99051865895,33.539392468466296,20.04044532775879,0.0028563640689681803,0,1.0,20.1953125
0,conv,256,down_lin,40.0,0.3477614379945173,13652.721674943272,3637.8451860258842,0.2664556762116078,0.5343345999717712,0.0028563640689681803,0,0.03220474720001221,0.5350900888442993
0,conv,256,down_inv,40.0,0.6772935020417032,13652.721674943272,7506.795104386756,0.549838726893841,0.07335969060659409,0.0028563640689681803,0,0.025181425735354424,0.07493382692337036
0,conv,256,rational_shuf,40.0,0.40039961964717247,13652.721674943272,30127.488306883137,2.2067020059579674,19.336627960205078,0.0028563640689681803,0,1.6815228462219238,19.596393585205078
10,gate,128,rational,5.0,0.09573527431420671,11963.717773016364,10033.267000140855,0.8386412309700623,4.0169878005981445,0.00033431628525505794,0,2.463946580886841,3.2338709831237793
10,gate,128,linear,5.0,0.06572278123108602,11963.717773016364,11755.152353218538,0.982566838857714,4.998429298400879,0.00033431628525505794,0,3.3090152740478516,4.8572564125061035
10,gate,128,band,5.0,0.3590467329946275,11963.717773016364,10943.218791719886,0.914700513614742,4.98996639251709,0.00033431628525505794,0,1.0,4.03125
10,gate,128,down_lin,5.0,0.11169159539960052,11963.717773016364,17297.42332202046,1.445823417954077,0.39664584398269653,0.00033431628525505794,0,0.25658535957336426,0.5532257556915283
10,gate,128,down_inv,5.0,0.09091491061036411,11963.717773016364,14891.497158983815,1.2447215356894266,0.25123971700668335,0.00033431628525505794,0,0.21199585497379303,0.31255096197128296
10,gate,128,rational_shuf,5.0,0.10279604691966589,11963.717773016364,12592.075864715967,1.0525219754946775,3.0780019760131836,0.00033431628525505794,0,2.463946580886841,3.2338709831237793
10,gate,128,rational,15.0,0.12242704038928054,11963.717773016364,9689.007628789475,0.8098659474099767,11.559364318847656,0.0011701069983927027,0,6.123813152313232,8.818549156188965
10,gate,128,linear,15.0,0.07698272360558965,11963.717773016364,11722.337359794505,0.9798239629351436,14.994413375854492,0.0011701069983927027,0,9.08155345916748,14.500398635864258
10,gate,128,band,15.0,0.42125769645472577,11963.717773016364,19495.25261516944,1.6295313033161078,14.964794158935547,0.0011701069983927027,0,1.0,11.609375
10,gate,128,down_lin,15.0,0.14963260319808647,11963.717773016364,21395.457402881097,1.7883619296952662,0.2960808575153351,0.0011701069983927027,0,0.1326829195022583,0.4787634015083313
10,gate,128,down_inv,15.0,0.11733869292347444,11963.717773016364,15809.929131919345,1.321489643259384,0.08773297071456909,0.0011701069983927027,0,0.07137882709503174,0.11540725082159042
10,gate,128,rational_shuf,15.0,0.13145643161448176,11963.717773016364,12798.514674900893,1.0697773817238798,8.272915840148926,0.0011701069983927027,0,6.123813152313232,8.818548202514648
10,gate,128,rational,40.0,0.13182493170705367,11963.717773016364,9582.51076432276,0.8009642943881282,30.415315628051758,0.0032595837812368147,0,15.273479461669922,22.780242919921875
10,gate,128,linear,40.0,0.08051748705582845,11963.717773016364,11712.13054362701,0.9789708154135166,39.984375,0.0032595837812368147,0,23.51289939880371,38.608253479003906
10,gate,128,band,40.0,0.4403322850413408,11963.717773016364,50644.386331881375,4.233164580838538,39.90185546875,0.0032595837812368147,0,1.0,30.5546875
10,gate,128,down_lin,40.0,0.1638321205602274,11963.717773016364,23731.990592419865,1.9836635268968246,0.2646542191505432,0.0032595837812368147,0,0.0939633846282959,0.45549389719963074
10,gate,128,down_inv,40.0,0.12704647085893017,11963.717773016364,16147.30093678088,1.3496892222917865,0.033405851572752,0.0032595837812368147,0,0.026851791888475418,0.04480453580617905
10,gate,128,rational_shuf,40.0,0.14154747488565916,11963.717773016364,12875.08834702207,1.0761778730739755,21.260204315185547,0.0032595837812368147,0,15.273479461669922,22.780242919921875
10,gate,256,rational,5.0,0.09801280167265576,55467.956803505374,50910.10992063603,0.917829191022567,3.666473865509033,7.211240720047613e-05,0,2.416574001312256,3.223081111907959
10,gate,256,linear,5.0,0.06406770648532886,55467.956803505374,54529.405431834886,0.9830793952804987,5.000153064727783,7.211240720047613e-05,0,3.193326711654663,4.867149353027344
10,gate,256,band,5.0,0.3391562722474361,55467.956803505374,59260.05434543202,1.0683655530229843,4.997725009918213,7.211240720047613e-05,0,1.0,4.203125
10,gate,256,down_lin,5.0,0.11355048028622208,55467.956803505374,67516.81772441021,1.2172220073580102,0.46682724356651306,7.211240720047613e-05,0,0.23650884628295898,0.5553837418556213
10,gate,256,down_inv,5.0,0.09111945694787006,55467.956803505374,62654.11669216352,1.1295551576582321,0.2751275300979614,7.211240720047613e-05,0,0.20757845044136047,0.3133446276187897
10,gate,256,rational_shuf,5.0,0.10201961205962674,55467.956803505374,57881.63876658475,1.0435148886343482,3.1824915409088135,7.211240720047613e-05,0,2.416574001312256,3.223081111907959
10,gate,256,rational,15.0,0.1254831973116732,55467.956803505374,50151.57964572843,0.9041540834718295,10.332406044006348,0.0002523934252016664,0,5.958009243011475,8.780784606933594
10,gate,256,linear,15.0,0.07502592613789665,55467.956803505374,54376.1693039507,0.9803167889629986,15.000283241271973,0.0002523934252016664,0,8.676643371582031,14.535022735595703
10,gate,256,band,15.0,0.3974266353796135,55467.956803505374,151560.38796753614,2.7323953630460402,14.991782188415527,0.0002523934252016664,0,1.0,12.2109375
10,gate,256,down_lin,15.0,0.1519900436852348,55467.956803505374,77720.89266820275,1.40118542573198,0.37794822454452515,0.0002523934252016664,0,0.10926032066345215,0.481281042098999
10,gate,256,down_inv,15.0,0.11685828395393712,55467.956803505374,65029.99700034284,1.172388541923599,0.09806849807500839,0.0002523934252016664,0,0.06963257491588593,0.11574333906173706
10,gate,256,rational_shuf,15.0,0.13061297725659302,55467.956803505374,58838.18698540164,1.060759948195591,8.638466835021973,0.0002523934252016664,0,5.958009243011475,8.780784606933594
10,gate,256,rational,40.0,0.1351717575299856,55467.956803505374,49937.84483415961,0.9003007810629094,26.997230529785156,0.0007030959702046421,0,14.81159782409668,22.67504119873047
10,gate,256,linear,40.0,0.07846514425024888,55467.956803505374,54328.50912553453,0.9794575509242692,40.000606536865234,0.0007030959702046421,0,22.38493537902832,38.704708099365234
10,gate,256,band,40.0,0.4153660825652471,55467.956803505374,385190.0005896196,6.944369736822125,39.9769287109375,0.0007030959702046421,0,1.0,32.23046875
10,gate,256,down_lin,40.0,0.16636488952106798,55467.956803505374,84155.28022667063,1.517187310951254,0.3501734733581543,0.0007030959702046421,0,0.06949514150619507,0.45812395215034485
10,gate,256,down_inv,40.0,0.12621877354873653,55467.956803505374,65911.16065439487,1.1882745363757392,0.037597961723804474,0.0007030959702046421,0,0.026164179667830467,0.044938795268535614
10,gate,256,rational_shuf,40.0,0.14069760249508143,55467.956803505374,59199.61405285289,1.0672759096313367,22.27840232849121,0.0007030959702046421,0,14.81159782409668,22.67504119873047
10,conv,128,rational,5.0,0.2640017352789973,1497.196789981301,2807.1873478523135,1.8749621737349393,2.7948625087738037,0.002669876231713141,0,1.1106303930282593,2.77105975151062
10,conv,128,linear,5.0,0.31431914046632814,1497.196789981301,4181.874840629498,2.7931363923654464,4.449673652648926,0.002669876231713141,0,1.1137771606445312,3.8334672451019287
10,conv,128,band,5.0,0.5465518555282388,1497.196789981301,7114.603135754012,4.751949231632316,1.0073429346084595,0.002669876231713141,0,1.0,2.84375
10,conv,128,down_lin,5.0,0.22896479327143252,1497.196789981301,1383.8328869591344,0.9242825634006453,0.6410677433013916,0.002669876231713141,0,0.3467205762863159,0.6457880139350891
10,conv,128,down_inv,5.0,0.33417902789144094,1497.196789981301,1443.9345140314917,0.9644253338597697,0.3769215941429138,0.002669876231713141,0,0.23438981175422668,0.4039270281791687
10,conv,128,rational_shuf,5.0,0.273173044398833,1497.196789981301,1630.4643225476404,1.0890113667475896,3.8960530757904053,0.002669876231713141,0,1.1106303930282593,2.77105975151062
10,conv,128,rational,15.0,0.34473964566792276,1497.196789981301,4687.783826575857,3.131040527167043,7.2819366455078125,0.009344566810995993,0,1.3872063159942627,7.198709487915039
10,conv,128,linear,15.0,0.3756090339111032,1497.196789981301,7576.435413783985,5.060413877776621,13.073774337768555,0.009344566810995993,0,1.398220181465149,10.917135238647461
10,conv,128,band,15.0,0.6506988296635634,1497.196789981301,21214.12841412601,14.169231831168274,1.0256165266036987,0.009344566810995993,0,1.0,7.453125
10,conv,128,down_lin,15.0,0.2884843438108916,1497.196789981301,1359.684712289128,0.9081536384446226,0.5812397599220276,0.009344566810995993,0,0.2378407120704651,0.586752712726593
10,conv,128,down_inv,15.0,0.5264441293830312,1497.196789981301,1801.197141210012,1.2030463552039192,0.15876612067222595,0.009344566810995993,0,0.08043505996465683,0.18115684390068054
10,conv,128,rational_shuf,15.0,0.35671569692586036,1497.196789981301,1713.883343999565,1.144728171652686,11.136099815368652,0.009344566810995993,0,1.3872063159942627,7.198709487915039
10,conv,128,rational,40.0,0.37330895257829805,1497.196789981301,6239.840010258204,4.1676819320031635,18.499622344970703,0.026031293259203125,0,2.078646183013916,18.267833709716797
10,conv,128,linear,40.0,0.39495790066445846,1497.196789981301,10257.699246316826,6.851269863091904,34.634029388427734,0.026031293259203125,0,2.109327554702759,28.626306533813477
10,conv,128,band,40.0,0.6812632870300318,1497.196789981301,56468.49474468299,37.71614735120308,1.071300983428955,0.026031293259203125,0,1.0,18.9765625
10,conv,128,down_lin,40.0,0.3087731843616107,1497.196789981301,1352.1291053577804,0.903107136219994,0.5625436902046204,0.026031293259203125,0,0.20381569862365723,0.568304181098938
10,conv,128,down_inv,40.0,0.6349141144879221,1497.196789981301,2504.6568576758336,1.6728975605852823,0.06745140999555588,0.026031293259203125,0,0.030443837866187096,0.08015444874763489
10,conv,128,rational_shuf,40.0,0.38627745518543327,1497.196789981301,1766.7051613693525,1.1800086489575077,29.236221313476562,0.026031293259203125,0,2.078646183013916,18.267833709716797
10,conv,256,rational,5.0,0.2833848542879827,12602.124953864715,20752.44001931238,1.6467413309489678,2.8541572093963623,0.0003173816029470858,0,1.0284589529037476,2.825282335281372
10,conv,256,linear,5.0,0.32490864713589174,12602.124953864715,20759.495616396558,1.6473012045504443,3.873188018798828,0.0003173816029470858,0,1.028662919998169,3.8294734954833984
10,conv,256,band,5.0,0.5401522317332856,12602.124953864715,35477.664744872236,2.815212900582472,2.9991984367370605,0.0003173816029470858,0,1.0,2.9375
10,conv,256,down_lin,5.0,0.25459516042412944,12602.124953864715,8921.659148185789,0.7079487928303526,0.6292794942855835,0.0003173816029470858,0,0.3125515580177307,0.6349435448646545
10,conv,256,down_inv,5.0,0.363318791874274,12602.124953864715,9949.604973544258,0.789518038423591,0.3984639346599579,0.0003173816029470858,0,0.22536520659923553,0.40377116203308105
10,conv,256,rational_shuf,5.0,0.29629638050273266,12602.124953864715,13891.197345323146,1.1022900817265036,2.827357053756714,0.0003173816029470858,0,1.0284589529037476,2.825282096862793
10,conv,256,rational,15.0,0.3664119733925139,12602.124953864715,32894.06621599072,2.6101999731325503,7.489320278167725,0.0011108356103148003,0,1.0996063947677612,7.388488292694092
10,conv,256,linear,15.0,0.3878474493256633,12602.124953864715,37709.92499887272,2.992346539724489,11.055927276611328,0.0011108356103148003,0,1.1003201007843018,10.903156280517578
10,conv,256,band,15.0,0.6419377285541911,12602.124953864715,95093.08982861563,7.545798044119001,7.9969635009765625,0.0011108356103148003,0,1.0,7.78125
10,conv,256,down_lin,15.0,0.3208266311817495,12602.124953864715,8434.363000397501,0.669281016596405,0.5674772262573242,0.0011108356103148003,0,0.19797682762145996,0.5741007924079895
10,conv,256,down_inv,15.0,0.5729643906753678,12602.124953864715,11422.007846751536,0.90635570497567,0.1808379590511322,0.0011108356103148003,0,0.07674393057823181,0.1846941113471985
10,conv,256,rational_shuf,15.0,0.3831062825194678,12602.124953864715,30401.170182316335,2.412384442593005,7.3955183029174805,0.0011108356103148003,0,1.0996063947677612,7.388488292694092
10,conv,256,rational,40.0,0.39532846352224693,12602.124953864715,45227.99140133033,3.588917866384128,19.07723045349121,0.0030944706287340863,0,1.2774748802185059,18.79650115966797
10,conv,256,linear,40.0,0.4076693104817842,12602.124953864715,51625.07076932311,4.096536969623616,29.012771606445312,0.0030944706287340863,0,1.2794631719589233,28.587364196777344
10,conv,256,band,40.0,0.6719566186001019,12602.124953864715,243057.69457109657,19.287040515858212,20.491374969482422,0.0030944706287340863,0,1.0,19.890625
10,conv,256,down_lin,40.0,0.34332169605636614,12602.124953864715,8401.240583761635,0.666652696629961,0.5481641292572021,0.0030944706287340863,0,0.16217225790023804,0.5550874471664429
10,conv,256,down_inv,40.0,0.7077466421719313,12602.124953864715,18449.891989808024,1.4640302375473562,0.08196404576301575,0.0030944706287340863,0,0.028974495828151703,0.08395311236381531
10,conv,256,rational_shuf,40.0,0.4133402571254674,12602.124953864715,64886.80583877973,5.148878151607343,18.815921783447266,0.0030944706287340863,0,1.2774748802185059,18.79650115966797
20,gate,128,rational,5.0,0.10191533333195271,12649.918050446615,10834.391879935944,0.8564792148636431,4.014112949371338,0.00031618258722803034,0,2.4998412132263184,3.234600305557251
20,gate,128,linear,5.0,0.06212349240860374,12649.918050446615,12418.016210514388,0.9816677199798903,4.9991326332092285,0.00031618258722803034,0,3.3995940685272217,4.848848342895508
20,gate,128,band,5.0,0.37736044249023803,12649.918050446615,10895.81410490851,0.8613347581744868,4.99273681640625,0.00031618258722803034,0,1.0,3.90625
20,gate,128,down_lin,5.0,0.11891862293517716,12649.918050446615,20127.95669353546,1.591153129472236,0.3972201943397522,0.00031618258722803034,0,0.23321694135665894,0.5530799627304077
20,gate,128,down_inv,5.0,0.09435832548463823,12649.918050446615,16347.525606562487,1.2923028861823596,0.2540757656097412,0.00031618258722803034,0,0.2068716436624527,0.3129408061504364
20,gate,128,rational_shuf,5.0,0.11224958687510038,12649.918050446615,12990.671358113674,1.026937194874162,3.1982712745666504,0.00031618258722803034,0,2.4998412132263184,3.23460054397583
20,gate,128,rational,15.0,0.13024467625694192,12649.918050446615,10642.659416902989,0.8413224002290862,11.549304962158203,0.0011066390552981061,0,6.249444484710693,8.821101188659668
20,gate,128,linear,15.0,0.07279495541580941,12649.918050446615,12381.133211769333,0.9787520490168082,14.996871948242188,0.0011066390552981061,0,9.398579597473145,14.470968246459961
20,gate,128,band,15.0,0.4431847380254935,12649.918050446615,18897.0980802645,1.4938514229819317,14.974486351013184,0.0011066390552981061,0,1.0,11.171875
20,gate,128,down_lin,15.0,0.15916692649312425,12649.918050446615,26710.94041699026,2.1115504709571784,0.2967510223388672,0.0011066390552981061,0,0.10541975498199463,0.47859328985214233
20,gate,128,down_inv,15.0,0.12029296900569668,12649.918050446615,17565.374013465072,1.3885761111981998,0.08921286463737488,0.0011066390552981061,0,0.06935436278581619,0.11563294380903244
20,gate,128,rational_shuf,15.0,0.14345153116393866,12649.918050446615,13153.556436331986,1.0398135690584644,8.693859100341797,0.0011066390552981061,0,6.249444484710693,8.821101188659668
20,gate,128,rational,40.0,0.14020549858543851,12649.918050446615,10598.596534357992,0.8378391458420397,30.387287139892578,0.0030827802254732957,0,15.623453140258789,22.787353515625
20,gate,128,linear,40.0,0.07614691522913185,12649.918050446615,12369.720262291068,0.977849833727132,39.99123001098633,0.0030827802254732957,0,24.396041870117188,38.526268005371094
20,gate,128,band,40.0,0.46330234263776654,12649.918050446615,48467.531034123,3.831450199190169,39.928871154785156,0.0030827802254732957,0,1.0,29.3359375
20,gate,128,down_lin,40.0,0.17419753898795814,12649.918050446615,30617.377558542976,2.420361731707978,0.2653543949127197,0.0030827802254732957,0,0.06548315286636353,0.4553161859512329
20,gate,128,down_inv,40.0,0.12960663158543553,12649.918050446615,18013.76093724231,1.4240219474470288,0.03404030203819275,0.0030827802254732957,0,0.026054780930280685,0.04490410536527634
20,gate,128,rational_shuf,40.0,0.15442238977088493,12649.918050446615,13218.17799169455,1.0449220255010168,22.432830810546875,0.0030827802254732957,0,15.623453140258789,22.787353515625
20,gate,256,rational,5.0,0.10304851399647756,44698.333503299225,38731.32943025409,0.8665049990598709,3.7976553440093994,8.948679290049734e-05,0,2.4399516582489014,3.2162981033325195
20,gate,256,linear,5.0,0.06700907360611091,44698.333503299225,43450.43595377886,0.972081788028445,4.99987268447876,8.948679290049734e-05,0,3.2498819828033447,4.843423843383789
20,gate,256,band,5.0,0.39834058638981074,44698.333503299225,47630.398523473814,1.0655967413182903,4.993403911590576,8.948679290049734e-05,0,1.0,3.859375
20,gate,256,down_lin,5.0,0.11881863851508347,44698.333503299225,62870.59678796348,1.4065534855639068,0.44059503078460693,8.948679290049734e-05,0,0.2419920563697815,0.556740403175354
20,gate,256,down_inv,5.0,0.09579249565369427,44698.333503299225,54652.87898833946,1.22270506985021,0.2665858566761017,8.948679290049734e-05,0,0.20876654982566833,0.3144782781600952
20,gate,256,rational_shuf,5.0,0.10916535478081016,44698.333503299225,46124.215846274485,1.031900123141504,3.1372759342193604,8.948679290049734e-05,0,2.4399516582489014,3.2162978649139404
20,gate,256,rational,15.0,0.1319392473423683,44698.333503299225,37690.88171360309,0.8432278959756093,10.791525840759277,0.00031320377515174066,0,6.039830684661865,8.75704288482666
20,gate,256,linear,15.0,0.07852911670685811,44698.333503299225,43250.353351796555,0.9676055002946409,14.99929428100586,0.00031320377515174066,0,8.874587059020996,14.451984405517578
20,gate,256,band,15.0,0.4680091145394137,44698.333503299225,122246.93536125186,2.7349327319379526,14.976656913757324,0.00031320377515174066,0,1.0,11.0078125
20,gate,256,down_lin,15.0,0.15878341237322524,44698.333503299225,78948.0268511573,1.7662409459925406,0.3473432660102844,0.00031320377515174066,0,0.11565744876861572,0.48286381363868713
20,gate,256,down_inv,15.0,0.12261724277644545,44698.333503299225,58024.80201263711,1.2981424018493721,0.09438847005367279,0.00031320377515174066,0,0.07010096311569214,0.11634327471256256
20,gate,256,rational_shuf,15.0,0.1397709047730584,44698.333503299225,46755.01616991622,1.0460125133404625,8.480201721191406,0.00031320377515174066,0,6.039830684661865,8.75704288482666
20,gate,256,rational,40.0,0.1421252128435194,44698.333503299225,37373.59906403373,0.8361295854861156,28.276216506958008,0.0008724962307798491,0,15.039528846740723,22.608905792236328
20,gate,256,linear,40.0,0.08214797635000383,44698.333503299225,43188.04534328795,0.9662115331458655,39.99782943725586,0.0008724962307798491,0,22.936349868774414,38.47338104248047
20,gate,256,band,40.0,0.48927456893766486,44698.333503299225,311583.1801273146,6.970800826485317,39.93477249145508,0.0008724962307798491,0,1.0,28.87890625
20,gate,256,down_lin,40.0,0.17368536145325483,44698.333503299225,88705.39274431573,1.9845346748278279,0.31820201873779297,0.0008724962307798491,0,0.07617783546447754,0.4597773551940918
20,gate,256,down_inv,40.0,0.1323185698042633,44698.333503299225,59287.155649546854,1.3263840282808488,0.03610667213797569,0.0008724962307798491,0,0.026348458603024483,0.04519929364323616
20,gate,256,rational_shuf,40.0,0.15056149156220464,44698.333503299225,47013.66495466044,1.051799055353827,21.837520599365234,0.0008724962307798491,0,15.039528846740723,22.608905792236328
20,conv,128,rational,5.0,0.23986982203888788,15517.283160614787,12975.02278821261,0.8361658838027253,3.3737165927886963,0.0002577604725084506,0,1.0597232580184937,2.874173641204834
20,conv,128,linear,5.0,0.2832748866290401,15517.283160614787,12284.107883701034,0.7916403765112671,4.99885892868042,0.0002577604725084506,0,1.0606285333633423,4.032943248748779
20,conv,128,band,5.0,0.5236533818870974,15517.283160614787,8823.321792704894,0.5686125400546804,4.997282028198242,0.0002577604725084506,0,1.0,2.96875
20,conv,128,down_lin,5.0,0.22162746447820306,15517.283160614787,19139.94481429245,1.2334597890739356,0.5253006815910339,0.0002577604725084506,0,0.3595319390296936,0.6251652240753174
20,conv,128,down_inv,5.0,0.313555615005521,15517.283160614787,20549.79331898584,1.3243164480715495,0.2966141104698181,0.0002577604725084506,0,0.23796264827251434,0.3797928988933563
20,conv,128,rational_shuf,5.0,0.24472242852576284,15517.283160614787,15071.352084183065,0.9712622968972067,2.9728851318359375,0.0002577604725084506,0,1.0597232580184937,2.874173641204834
20,conv,128,rational,15.0,0.3118004514709256,15517.283160614787,12351.312317304708,0.7959713172376855,9.307914733886719,0.0009021616537795772,0,1.2090314626693726,7.559608459472656
20,conv,128,linear,15.0,0.3372250915976686,15517.283160614787,11792.918493025161,0.7599860343437809,14.995914459228516,0.0009021616537795772,0,1.2121998071670532,11.615303039550781
20,conv,128,band,15.0,0.6219835138190919,15517.283160614787,8105.591429071513,0.5223589300506374,14.990398406982422,0.0009021616537795772,0,1.0,7.890625
20,conv,128,down_lin,15.0,0.2822156315129902,15517.283160614787,20567.958847874972,1.32548711233675,0.44617801904678345,0.0009021616537795772,0,0.2527872920036316,0.5626927614212036
20,conv,128,down_inv,15.0,0.5145933057204122,15517.283160614787,24447.84450911005,1.5755235150417555,0.10755980014801025,0.0009021616537795772,0,0.08191221952438354,0.16143371164798737
20,conv,128,rational_shuf,15.0,0.3181082178674547,15517.283160614787,15085.335233372512,0.9721634307519358,7.90500545501709,0.0009021616537795772,0,1.2090314626693726,7.559607982635498
20,conv,128,rational,40.0,0.3372665092806549,15517.283160614787,12141.177525318866,0.7824293337724875,24.143413543701172,0.0025131646069573937,0,1.5823018550872803,19.273193359375
20,conv,128,linear,40.0,0.3542698285675808,15517.283160614787,11643.9046595758,0.7503829464896145,39.988555908203125,0.0025131646069573937,0,1.591127872467041,30.571199417114258
20,conv,128,band,40.0,0.6510287875251591,15517.283160614787,13061.08751991633,0.8417122626896019,39.973182678222656,0.0025131646069573937,0,1.0,20.1953125
20,conv,128,down_lin,40.0,0.3031826732678006,15517.283160614787,21133.292463269278,1.361919625009407,0.4214521646499634,0.0025131646069573937,0,0.21942955255508423,0.543170154094696
20,conv,128,down_inv,40.0,0.6686584981816551,15517.283160614787,29245.534841303823,1.8847071706169167,0.04147697985172272,0.0025131646069573937,0,0.031033910810947418,0.06921941787004471
20,conv,128,rational_shuf,40.0,0.3440895402112589,15517.283160614787,15117.081810768668,0.9742093157865489,20.235309600830078,0.0025131646069573937,0,1.5823018550872803,19.273193359375
20,conv,256,rational,5.0,0.2581429068690417,54441.855488949426,44720.29923767375,0.8214323122537778,3.312243938446045,7.347153201418508e-05,0,1.0381338596343994,2.8248472213745117
20,conv,256,linear,5.0,0.3059759454525561,54441.855488949426,40324.49238408418,0.7406891631801422,4.998096942901611,7.347153201418508e-05,0,1.0385009050369263,3.927792549133301
20,conv,256,band,5.0,0.5313356290731044,54441.855488949426,29343.358325765807,0.538985272677231,4.995935440063477,7.347153201418508e-05,0,1.0,3.015625
20,conv,256,down_lin,5.0,0.23135672341866875,54441.855488949426,67734.7207451641,1.2441662786256955,0.5376809239387512,7.347153201418508e-05,0,0.35614097118377686,0.6350305080413818
20,conv,256,down_inv,5.0,0.3425029046771394,54441.855488949426,75392.38718870564,1.384823983525116,0.3022201955318451,7.347153201418508e-05,0,0.23700641095638275,0.39171725511550903
20,conv,256,rational_shuf,5.0,0.25990799182699376,54441.855488949426,50932.923248255975,0.9355471592733335,3.3542380332946777,7.347153201418508e-05,0,1.0381338596343994,2.8248472213745117
20,conv,256,rational,15.0,0.3363188888475534,54441.855488949426,42226.307924825,0.7756221301714463,9.092581748962402,0.0002571503620496478,0,1.133468747138977,7.386965751647949
20,conv,256,linear,15.0,0.36510256099346167,54441.855488949426,38128.2104310869,0.7003473722313918,14.993070602416992,0.0002571503620496478,0,1.1347533464431763,11.247274398803711
20,conv,256,band,15.0,0.630601021750648,54441.855488949426,48100.01823759516,0.8835117356967834,14.985509872436523,0.0002571503620496478,0,1.0,8.0546875
20,conv,256,down_lin,15.0,0.2930839408037142,54441.855488949426,72988.89284998499,1.340676069808095,0.46060970425605774,0.0002571503620496478,0,0.2488311529159546,0.574202299118042
20,conv,256,down_inv,15.0,0.5662536197234039,54441.855488949426,96592.19456491408,1.7742267176128907,0.11017242074012756,0.0002571503620496478,0,0.08151598274707794,0.17245449125766754
20,conv,256,rational_shuf,15.0,0.3386186279817921,54441.855488949426,50915.143875334965,0.9352205838331445,9.239563941955566,0.0002571503620496478,0,1.133468747138977,7.386965751647949
20,conv,256,rational,40.0,0.36399828006503476,54441.855488949426,41381.42247177805,0.7601030879665303,23.543426513671875,0.0007163474371383046,0,1.3718056678771973,18.79226303100586
20,conv,256,linear,40.0,0.3837905357662093,54441.855488949426,37474.0038847033,0.6883307622075766,39.980506896972656,0.0007163474371383046,0,1.3753843307495117,29.54598045349121
20,conv,256,band,40.0,0.6599893910602896,54441.855488949426,112076.36001374651,2.0586432811147612,39.95942687988281,0.0007163474371383046,0,1.0,20.65234375
20,conv,256,down_lin,40.0,0.3142881663930029,54441.855488949426,75082.65321053634,1.379134721552181,0.4365249276161194,0.0007163474371383046,0,0.21529680490493774,0.5551934242248535
20,conv,256,down_inv,40.0,0.7180374537840533,54441.855488949426,117455.96768058614,2.1574571003449226,0.0425696037709713,0.0007163474371383046,0,0.030875513330101967,0.07653985917568207
20,conv,256,rational_shuf,40.0,0.36648730805015406,54441.855488949426,51181.09221026319,0.940105581461159,23.952877044677734,0.0007163474371383046,0,1.3718056678771973,18.79226303100586
