nu,beta,n,L2_med,L2_q1,L2_q3,L2_min,L2_max,Linf_med,Linf_q1,Linf_q3,Linf_min,Linf_max,l2_band_med,l2_band_q1,l2_band_q3,l2_band_min,l2_band_max,l2_smooth_med,l2_smooth_q1,l2_smooth_q3,l2_smooth_min,l2_smooth_max,T01_med,T01_q1,T01_q3,T01_min,T01_max,focus_t_med,focus_t_q1,focus_t_q3,focus_t_min,focus_t_max,grad_energy_t_med,grad_energy_t_q1,grad_energy_t_q3,grad_energy_t_min,grad_energy_t_max,gap_final_best_med,gap_final_best_q1,gap_final_best_q3,gap_final_best_min,gap_final_best_max,wshock_t_med,wshock_t_q1,wshock_t_q3,wshock_t_min,wshock_t_max,eta_gate_med,eta_gate_q1,eta_gate_q3,eta_gate_min,eta_gate_max,eta_end_med,eta_end_q1,eta_end_q3,eta_end_min,eta_end_max,success
0.001,1.0,11,0.008219565264880657,0.0032470044679939747,0.5742127299308777,0.0005506066372618079,0.5775237679481506,0.04051385819911957,0.013998381793498993,1.0170429348945618,0.0042378902435302734,1.1197872161865234,0.044744350016117096,0.015663497149944305,0.9937141537666321,0.004671524278819561,1.0250165462493896,0.008199337869882584,0.0032356432639062405,0.5735602676868439,0.0003635849861893803,0.5768218636512756,200.0,200.0,950.0,200.0,3000.0,1.0,1.0,1.0,1.0,1.0,63.175555438378495,0.003080419462374911,66.19155365634978,9.210793133535084e-10,104.57037325765933,0.0029185739113017917,0.0025527082616463304,0.005157429724931717,0.0002254799474030733,0.009649374580476433,1.0,1.0,1.0,1.0,1.0,69.07166160994447,8.540010042981194,934800.0306923247,0.9185133027903595,43509674.870667964,2888824.660366052,84.36511059019298,5558083.315483083,0.07846580141178829,13326661.60459804,0.5454545454545454
0.001,5.0,11,0.5725342035293579,0.008297699503600597,0.5753216743469238,0.002924293279647827,0.5774685144424438,0.9854522943496704,0.022962242364883423,1.0172657370567322,0.012425899505615234,1.1189404726028442,0.9854299426078796,0.026529368944466114,0.9944688081741333,0.013479669578373432,1.0245171785354614,0.5718873739242554,0.008252901956439018,0.5746645033359528,0.0028385710902512074,0.5767675042152405,600.0,200.0,600.0,200.0,800.0,1.491981157107141,1.0428159175790594,1.5556383326064003,0.9682205795231842,1.5854451493425008,0.19270989614738637,3.672706463865216e-05,42.0098999742751,1.3556038666252702e-09,58.12144172141925,0.008091548457741737,0.003657132387161255,0.01300821197219193,0.0,0.04567422345280647,4.645270347595215,3.2982953786849976,4.869126319885254,2.9847702980041504,4.925079822540283,70.22086515621358,9.963075087123075,1331098.9848993274,1.0239795104539422,67793422.32827005,175.19700820684488,35.81166303173474,12559190.92984251,0.0399888370681492,38976602.848821364,0.36363636363636365
0.001,10.0,11,0.5725294351577759,0.00744014116935432,0.5753426551818848,0.004470692947506905,0.5774779319763184,0.9853138327598572,0.0333821177482605,1.0172776579856873,0.009030401706695557,1.1188421249389648,0.9854214191436768,0.03652771096676588,0.994492381811142,0.010949934832751751,1.024449348449707,0.5718824863433838,0.007341668708249927,0.5746854841709137,0.004458049777895212,0.5767771005630493,1000.0,800.0,1200.0,800.0,1600.0,1.59883425267613,1.0519529841644766,1.6755059877931575,0.9612344685332003,1.71399498971575,0.06052302763602166,3.6688056134093095e-06,48.131636751784505,2.147809650228449e-09,99.02164086061303,0.00800180435180664,0.002638015663251281,0.012567583587951958,0.0006259307265281677,0.08795955358073115,9.201858520507812,6.171164512634277,9.7055344581604,5.465733528137207,9.83143138885498,70.42008541913911,10.284988596711116,1362380.849640359,1.047094402439291,71179429.63173957,198.57635557666612,36.57908581604141,8297731.971163405,0.041036415184816065,23352533.02966335,0.36363636363636365
0.001,15.0,11,0.5725281238555908,0.008902890607714653,0.5753445029258728,0.002246167976409197,0.5774739980697632,0.9852026104927063,0.01832886040210724,1.0173029899597168,0.013056457042694092,1.1187843084335327,0.9854126572608948,0.021751558408141136,0.994504451751709,0.014819908887147903,1.024418830871582,0.5718811750411987,0.008878123480826616,0.5746873319149017,0.0021654260344803333,0.5767732262611389,1000.0,200.0,1600.0,200.0,1800.0,1.6384529368247254,1.055326217855983,1.719877522132228,0.9586366348809061,1.7617864730491655,0.12263372667454579,7.65840448911741e-07,24.430157710055365,2.058759501557499e-09,59.10172967025177,0.006978590041399002,0.0008823181269690394,0.01727089285850525,0.0004367530345916748,0.04032405512407422,13.758447647094727,9.044033527374268,14.541943073272705,7.946697235107422,14.737781524658203,70.48945360142602,10.40545966248828,1372317.5381017076,1.0556794651405441,72295676.89132124,207.78887042117435,37.022097237126374,6968015.38804406,0.03822848761723429,22241576.72009771,0.36363636363636365
0.001,30.0,11,0.5725318789482117,0.006521645933389664,0.5753470063209534,0.0019528487464413047,0.5774751305580139,0.9851429462432861,0.021070152521133423,1.0173614025115967,0.015563726425170898,1.1187297105789185,0.9854049682617188,0.02431875467300415,0.99451544880867,0.019228152930736542,1.0243898630142212,0.5718849897384644,0.006469856481999159,0.5746898353099823,0.001843093428760767,0.5767743587493896,1000.0,600.0,1000.0,400.0,1000.0,1.6803608708444897,1.0588862360847102,1.76676984029237,0.9558839174415985,1.8124153396582672,0.05421284637343527,1.389904248334856e-07,62.630952519718235,5.757392342135969e-09,86.96849082387597,0.010015083942562342,0.004346845205873251,0.015059056517202407,0.0,0.08641273621469736,27.428213119506836,17.662641525268555,29.05116558074951,15.38958740234375,29.456832885742188,70.56020105600383,10.533535554930362,1381968.4250593474,1.0647688753319118,73401375.6037323,216.84209179228648,37.4814421704217,6588440.349343423,0.03941288882520766,25294427.65312831,0.45454545454545453
0.001,60.0,11,0.5725342631340027,0.007109900005161762,0.5753477513790131,0.003053027205169201,0.5774766802787781,0.9851865768432617,0.021297454833984375,1.017365574836731,0.012990832328796387,1.1186485290527344,0.9853994250297546,0.024076362140476704,0.9945237338542938,0.01730528101325035,1.0243480205535889,0.5718873143196106,0.007069370010867715,0.574690580368042,0.002929253736510873,0.5767760276794434,600.0,600.0,600.0,200.0,1000.0,1.7022362470981311,1.0607410341285517,1.7912295034181116,0.9544451630655172,1.838873983691018,0.029087389539928933,8.290244809274527e-08,25.008658170462297,8.522120897383396e-10,75.99820143276841,0.01400854904204607,0.006285920739173889,0.020400173729285598,0.0,0.12289568409323692,54.76774215698242,34.89985466003418,58.06961250305176,30.275365829467773,58.894935607910156,70.59607434987075,10.600652436642765,1386678.4377619645,1.069516852947962,73949366.49125715,221.13439062995067,37.68359756751288,10789600.076191846,0.039520098061429414,25558965.180107225,0.45454545454545453
0.003,1.0,11,0.008240913040935993,0.002250121033284813,0.052112143486738205,0.00023367539688479155,0.5739706158638,0.11705600470304489,0.03196994960308075,0.7927492558956146,0.0025919675827026367,1.0352956056594849,0.12674570083618164,0.03416102449409664,0.8712386190891266,0.002638184931129217,0.9959468841552734,0.0036133432295173407,0.0005644242337439209,0.011021574959158897,0.00010502232180442661,0.5721696615219116,300.0,200.0,4600.0,200.0,7200.0,1.0,1.0,1.0,1.0,1.0,49.9415428357543,6.688794114285827,64.7031093745388,5.233732996244036e-07,72.46356281646065,0.003495352284517139,0.0016671704943291843,0.00441409379709512,0.0,0.005988570861518383,1.0,1.0,1.0,1.0,1.0,55525.50255218323,9369.006406753313,179403.00775396914,19.451873669396143,414795.4528781045,175277.24906738068,40748.62133840058,721899.6807315974,4.916306505486102,1184715.6560045371,0.5454545454545454
0.003,5.0,11,0.013629449531435966,0.0023353988071903586,0.30007381085306406,0.0010032228892669082,0.5748766660690308,0.19575387239456177,0.005666285753250122,0.712299719452858,0.0017421245574951172,1.0355255603790283,0.21136151254177094,0.005728554213419557,0.7197130471467972,0.0014108158648014069,0.9953067302703857,0.004694183822721243,0.0023151637287810445,0.28790357732214034,0.0010015398729592562,0.5729961395263672,800.0,200.0,2800.0,200.0,4200.0,1.4592646374204419,1.3467744213067765,1.48579931633282,1.237432176873597,1.5137106754183152,55.361737479332234,11.757666943199315,65.33598496842245,4.2609539620242256e-08,79.00126668093542,0.004346956615336239,0.0003391937352716923,0.008947739319410175,0.0,0.0166960209608078,4.6342339515686035,4.303185939788818,4.741360902786255,3.9525928497314453,4.7848310470581055,60602.28544881719,13670.01015101095,387259.5324800386,28.465436489196595,609395.3836087493,577294.3983021857,91892.36517464448,1277644.1263790731,4.6117397930698,6085948.396430762,0.45454545454545453
0.003,10.0,11,0.010708966292440891,0.006037988932803273,0.3000191254541278,0.0006336513324640691,0.5748664140701294,0.1364849954843521,0.015205010771751404,0.7117845416069031,0.005852818489074707,1.0355602502822876,0.14722417294979095,0.015336024574935436,0.7185444235801697,0.003003721358254552,0.9953294396400452,0.00498090498149395,0.0015139435417950153,0.29047107649967074,0.0005253648851066828,0.5729855895042419,2100.0,250.0,3800.0,200.0,7800.0,1.556642496682181,1.4197979776743668,1.5882610446896583,1.2869994143478563,1.6236492328546344,59.71994418002528,9.904761056944848,64.74384041556632,4.925060945511267e-08,72.51545795349682,0.0034672091715037823,0.0011208336800336838,0.0084040772926528,0.0,0.017205744981765747,9.17702579498291,8.43216848373413,9.41806173324585,7.6433329582214355,9.515869140625,61193.41340125204,14354.514653443239,438181.3461497575,30.486208617887907,642715.4792691,647089.5793599323,7534.418262577221,1424316.2712877977,4.834781333275245,3218298.1512645027,0.45454545454545453
0.003,15.0,11,0.012778581120073795,0.0018855727394111454,0.2964464630931616,0.0010130186565220356,0.574864387512207,0.19471150636672974,0.009692639112472534,0.6460232436656952,0.003859303891658783,1.0354470014572144,0.2109297215938568,0.01091609662398696,0.6485362946987152,0.004040207248181105,0.9952715039253235,0.003358517773449421,0.0018255915492773056,0.28890500706620514,0.0006399034755304456,0.5729835033416748,400.0,200.0,3200.0,200.0,3400.0,1.5925382806401205,1.4466723719694385,1.6259832911888012,1.30520388298349,1.6642656775611155,48.514006960346165,20.520966505300386,61.01035010500516,7.425060203144575e-09,80.17274052384485,0.005171491648070514,0.0,0.013872807088773698,0.0,0.01930187246762216,13.719817161560059,12.561150074005127,14.094761848449707,11.334074020385742,14.246908187866211,61386.8811115998,14589.550378055586,455473.5772420893,31.2388407454218,654389.2482543893,276401.4198248155,59724.36788244752,1669009.6124498136,4.870381469851156,5140688.2241776185,0.45454545454545453
0.003,30.0,11,0.0063804322853684425,0.003452236414887011,0.29616463370621204,0.0009706327691674232,0.5748584270477295,0.09801739454269409,0.019295714795589447,0.6427188366651535,0.00814935564994812,1.0353214740753174,0.1069495752453804,0.021839396096765995,0.6446602940559387,0.008572423830628395,0.9951935410499573,0.004765145014971495,0.0015674646710976958,0.28872420568950474,0.0008326791576109827,0.5729774832725525,2000.0,250.0,4350.0,200.0,7600.0,1.6303862736879833,1.4749827530547228,1.6657293688452246,1.3243591143066586,1.7071438765705218,60.51649259497837,15.78275750290956,61.85907209151132,6.630461131789234e-08,79.38049287534244,0.0034290235489606857,0.002505619137082249,0.010750695830211043,0.0,0.0185953329782933,27.348196029663086,24.94809627532959,28.124863624572754,22.40629768371582,28.440025329589844,61578.409257857864,14827.852014354361,473843.79222908383,32.03660485152768,666358.8309737657,406825.36464638193,90050.56865759272,1334354.9085873975,4.904114332548627,2449507.770270813,0.5454545454545454
0.003,60.0,11,0.008936396799981594,0.003913387423381209,0.29521462600678205,0.0018493212992325425,0.5748578310012817,0.10378756374120712,0.01610536128282547,0.6366688311100006,0.0073424577713012695,1.0353344678878784,0.11051419377326965,0.016094540245831013,0.6388145536184311,0.005362313240766525,0.9952021241188049,0.003997000399976969,0.0023344128858298063,0.288900691550225,0.001668055192567408,0.57297682762146,1500.0,200.0,3400.0,200.0,7999.0,1.6500927620686945,1.4897128961106287,1.6864127872158758,1.3343168773112661,1.7294914311697942,43.59000004538008,19.316121981322063,62.0347591268349,1.8570300360804487e-08,80.87943222907906,0.0023911938769742846,0.0002967739710584283,0.008964185952208936,0.0,0.02101951837539673,54.604949951171875,49.721994400024414,56.1850700378418,44.55073547363281,56.826255798339844,61673.44908067529,14948.197354414042,483461.06508446735,32.45362058726138,672457.0889866982,537552.6268088471,199404.1747062347,720526.3572008356,4.889367030372314,2823583.7207651637,0.5454545454545454
0.005,1.0,11,0.008398977108299732,0.002779430360533297,0.04015673138201237,0.00036146282218396664,0.5721607208251953,0.09710881114006042,0.020726438611745834,0.4818287789821625,0.0021996498107910156,1.031653642654419,0.1051235944032669,0.02250560838729143,0.5231938064098358,0.002549614990130067,0.9891490936279297,0.0035126805305480957,0.00212982454104349,0.006828090408816934,0.00030659613548778,0.569233775138855,300.0,200.0,2200.0,200.0,6200.0,1.0,1.0,1.0,1.0,1.0,62.02972527479445,20.64913755094716,71.61788216837243,0.0006032091008016285,90.16761953930379,0.0013341158628463745,0.0006520402966998518,0.002740278374403715,0.0,0.0032701194286346436,1.0,1.0,1.0,1.0,1.0,31597.621627297107,3707.3586530128773,103936.95381490122,15.014724919367696,796474.190474866,148252.67049928906,21454.017632772164,274948.55127102754,5.102023911046833,593183.5864086902,0.5454545454545454
0.005,2.0,11,0.01104832161217928,0.007142042741179466,0.032200838439166546,0.0029134510550647974,0.5721058249473572,0.13444417715072632,0.02037748694419861,0.381646990776062,0.012682661414146423,1.0324252843856812,0.14456582069396973,0.021538096480071545,0.4140360653400421,0.012251646257936954,0.9891799688339233,0.004820195958018303,0.0033753536408767104,0.009117073845118284,0.0015834374353289604,0.5691718459129333,200.0,200.0,3400.0,200.0,7800.0,1.2216582903411006,1.18967025541903,1.2466333765897195,1.1007419077659057,1.255156591027825,64.59973539225757,29.32720768344423,68.78369278117565,0.001018632660211126,77.2177364933401,0.007323803147301078,0.0034985304810106754,0.010220700176432729,0.0,0.013130679726600647,1.8882642984390259,1.8365517854690552,1.9256964921951294,1.7045689821243286,1.936471939086914,46353.35365578636,5775.171148062959,155495.1272368006,17.29523400422597,1182390.3169997297,144428.81092189002,52741.13542859639,400239.51890656643,4.395198196252228,744695.6400504309,0.45454545454545453
0.005,3.0,11,0.010882994160056114,0.004503940464928746,0.021210319362580776,0.0016795090632513165,0.5720927715301514,0.1314055472612381,0.02955876663327217,0.24627657234668732,0.007747352123260498,1.032603144645691,0.14222469925880432,0.033852290362119675,0.2648453637957573,0.008599611930549145,0.9893428087234497,0.004576327279210091,0.002983126207254827,0.006881075678393245,0.0015347970183938742,0.5691555738449097,400.0,200.0,800.0,200.0,7400.0,1.3276482841678672,1.2805436157207721,1.364636962517801,1.1487799554115,1.3776128404849577,56.23653802713613,44.43724294054924,65.12368207887877,0.0010057361809786176,86.94840166995148,0.0024885330349206924,0.0003274977207183838,0.01084582571638748,0.0,0.02622973918914795,2.7765285968780518,2.6731035709381104,2.8513928651809692,2.4091379642486572,2.872943639755249,53891.19060874385,6900.544376606704,182397.13301624847,18.426103447367545,1378793.6919719342,573472.0704119654,79231.11083413867,1300764.3326588615,4.533521991776137,1934871.8593097585,0.45454545454545453
0.005,5.0,11,0.006993222050368786,0.003468272159807384,0.025511843152344227,0.0017733456334099174,0.572085976600647,0.06591019034385681,0.03371262550354004,0.3070485144853592,0.006786465644836426,1.032512903213501,0.07029523700475693,0.036633336916565895,0.33206430077552795,0.008822950534522533,0.9894858002662659,0.00429421104490757,0.002504320233128965,0.005896557588130236,0.0009173006401397288,0.5691452026367188,2000.0,200.0,5900.0,200.0,7600.0,1.4305975128141626,1.3689216016094656,1.4792548789516977,1.1953572996273907,1.4968347708056102,57.03866107664443,31.724885474676874,74.49011696722178,0.0009899680178274478,85.91999928482049,0.0048480534460395575,0.0008786860853433609,0.010993626550771296,0.0,0.02884495258331299,4.5530571937561035,4.3462073802948,4.7027857303619385,3.8182761669158936,4.745887279510498,61421.05554181078,8072.646504091803,209661.06617339753,19.54698967704106,1574248.799761534,135764.84340476783,25279.74812495375,540113.7869377872,4.586099394828535,1001132.0528496966,0.5454545454545454
0.005,7.0,11,0.008759183809161186,0.0052788014290854335,0.030745573341846466,0.00239586248062551,0.5720793008804321,0.09179064631462097,0.024333909153938293,0.37062904983758926,0.006484925746917725,1.0324125289916992,0.09916229546070099,0.02868827525526285,0.401434525847435,0.007079392671585083,0.9895013570785522,0.004536728374660015,0.0036255064187571406,0.0063146138563752174,0.002336375415325165,0.5691368579864502,1000.0,200.0,5100.0,200.0,7800.0,1.480972266183322,1.4122070152164583,1.535348042184137,1.2181189290910501,1.5552725593418046,59.193968593281795,33.430790496090566,64.51188226441289,0.001539002871962441,81.25230689264203,0.003349058679305017,0.0007326044142246246,0.009520250838249922,0.0,0.023606151342391968,6.329586029052734,6.019311428070068,6.554178953170776,5.227414608001709,6.618830680847168,65162.77432015989,8673.35028900804,223357.71633788373,20.102977678481206,1671060.6540359582,508434.0938081042,209036.9881517921,720081.1779841057,4.581376663437004,1665644.5590163623,0.5454545454545454
0.005,10.0,11,0.006219967734068632,0.00353433343116194,0.019668792374432087,0.001031964784488082,0.5720778107643127,0.04142479598522186,0.022066015750169754,0.2280786707997322,0.009401440620422363,1.0325243473052979,0.043089352548122406,0.021257717162370682,0.245812326669693,0.009386969730257988,0.9895884990692139,0.00502456771209836,0.002246380317956209,0.007131529273465276,0.000751025159843266,0.569133996963501,300.0,200.0,3850.0,200.0,7200.0,1.5216574601234665,1.447185588122727,1.5806555154077209,1.2364881161248216,1.6025183780496364,59.15088323454852,48.483603136654885,62.07688074616119,0.0011227520579565416,91.79420754352186,0.004432831425219774,0.00014088721945881844,0.014845241443254054,0.0,0.031089186668395996,8.994379043579102,8.528966903686523,9.331267833709717,7.341121673583984,9.428245544433594,68206.35018542023,9171.11610405881,234573.3831719953,20.555441378157198,1749645.4831346693,554006.9279867584,122211.04431117541,1075602.2526107952,4.676405970243694,2506204.503069083,0.5454545454545454
0.005,15.0,11,0.009859464131295681,0.005133867030963302,0.03236634284257889,0.0018658527405932546,0.5720744729042053,0.045531198382377625,0.022231727838516235,0.3886081278324127,0.00967472791671753,1.032606601715088,0.047571782022714615,0.024822376668453217,0.422198623418808,0.008560504764318466,0.9897130727767944,0.005231453105807304,0.003230780130252242,0.007762722671031952,0.0012183847138658166,0.5691300630569458,500.0,200.0,5000.0,200.0,7000.0,1.5552035363433037,1.4760393936940983,1.6180154627540886,1.2516244801559122,1.6415061183726238,50.08570367007787,32.35037907937209,65.58879747498474,0.0014017063955953201,89.11592560337994,0.006348011316731572,0.003454322344623506,0.01685250853188336,0.0,0.03151847422122955,13.435701370239258,12.71172571182251,13.959750175476074,10.86396598815918,14.11060619354248,70728.00316721035,9589.830470691995,243917.0770742475,20.930716260268195,1814638.1984496333,222535.83776969957,39639.43565988282,332693.4205385197,4.697519626043972,1795102.5955138255,0.5454545454545454
0.005,20.0,11,0.004515321925282478,0.003525252570398152,0.031442515552043915,0.0025805109180510044,0.5720725059509277,0.017430972307920456,0.009325206279754639,0.37335413694381714,0.0065503716468811035,1.0327118635177612,0.017635706812143326,0.011132997460663319,0.40777233242988586,0.0066120377741754055,0.9897460341453552,0.0038183066062629223,0.002718002418987453,0.00685447733849287,0.0015062802704051137,0.5691276788711548,1800.0,200.0,5600.0,200.0,7400.0,1.572646606925599,1.491047689235806,1.637443006719091,1.2594919625256553,1.661790860984233,47.468287759914055,29.841445421727993,65.66992437704496,0.0013421699071121658,90.09404079333513,0.005820932448841631,0.002026380621828139,0.017728773644194007,0.0,0.03305646777153015,17.87702178955078,16.894485473632812,18.588231086730957,14.386813163757324,18.792964935302734,72042.96395416002,9810.468056587057,248808.19490495848,21.126620532385196,1848486.9263608272,267419.0665854764,24121.285733988105,618442.7755993039,4.658054720121471,2301657.4587432686,0.6363636363636364
0.005,30.0,11,0.0058828312903642654,0.004529141588136554,0.04166196286678314,0.0015314404154196382,0.5720682144165039,0.0389908105134964,0.0130385160446167,0.4962013214826584,0.008793652057647705,1.0327082872390747,0.04102723300457001,0.014205693267285824,0.5395063012838364,0.009413347579538822,0.9898399114608765,0.005576551891863346,0.00360088306479156,0.008636055514216423,0.0013597466750070453,0.5691230893135071,2400.0,300.0,6000.0,200.0,7200.0,1.5905610282606382,1.506464560852044,1.6573958540867642,1.2675692581201363,1.682631349198424,53.94632097135274,21.54756177721469,62.95109768801911,0.001495748342119168,86.38516753121067,0.007464882917702198,0.002017664664890617,0.015900746686384082,0.0,0.03574763238430023,26.75966453552246,25.260003089904785,27.84519672393799,21.432504653930664,28.157686233520508,73395.77689170247,10039.11536289992,253853.57070017757,21.328357996025623,1883279.228489533,149327.60199672115,70129.79505561263,1316162.5802563922,4.64644414997919,3044765.4214319224,0.6363636363636364
0.005,40.0,11,0.007486548740416765,0.003704534494318068,0.0398092046380043,0.0012570546241477132,0.572066068649292,0.07744014263153076,0.018696710467338562,0.4709899127483368,0.00416189432144165,1.03271484375,0.08388254791498184,0.01956009306013584,0.5159962624311447,0.0045968107879161835,0.9898377060890198,0.0050126733258366585,0.0020576132228598,0.008311036974191666,0.000807098753284663,0.5691205263137817,3800.0,300.0,6100.0,200.0,7800.0,1.5997010646362118,1.5143315453868396,1.6675762214648826,1.2716892462834404,1.6932677224766597,61.53388216269719,23.141520402482776,68.09675909020277,0.0014756823986619354,81.5813373721994,0.005544797284528613,0.0008606011397205293,0.011678873910568655,0.0,0.03521333634853363,35.642311096191406,33.62552261352539,37.1021614074707,28.478193283081055,37.522403717041016,74086.80618279826,10156.562188553484,256436.23488493677,21.431485425141954,1901039.4386176388,173404.28565096547,86927.89980390799,238119.4199604204,4.599460626766338,1396837.1412886954,0.5454545454545454
0.005,60.0,11,0.006162764970213175,0.00503652379848063,0.05343725346028805,0.0031718872487545013,0.5720667243003845,0.06273244321346283,0.01416085660457611,0.6321917772293091,0.008947014808654785,1.0326712131500244,0.071637824177742,0.0145819834433496,0.6909960508346558,0.010031157173216343,0.9898589253425598,0.0043928478844463825,0.003518352401442826,0.011149145662784576,0.0016441107727587223,0.5691208243370056,3600.0,200.0,5300.0,200.0,7600.0,1.608965954183507,1.5223071296524586,1.677895972729045,1.2758650770639333,1.7040511584970606,57.53894526784646,13.768257809298035,67.30198605027815,0.000974710713965238,83.30143233799082,0.0065381943713873625,0.002867736970074475,0.011476667714305222,2.2064894437789917e-05,0.03557266294956207,53.4075927734375,50.356557846069336,55.61609077453613,42.569576263427734,56.251834869384766,74787.82727831225,10276.162829654093,259059.89552544695,21.53615887355592,1919048.2209080914,246334.7375848714,50165.89984972282,600601.2024151125,4.4407625943911215,1646468.7380567356,0.6363636363636364
0.005,100.0,11,0.007214358076453209,0.00311957870144397,0.04478413239121437,0.0010025707306340337,0.5720676779747009,0.03394126892089844,0.017761096358299255,0.5370743572711945,0.008058726787567139,1.0326217412948608,0.03727291151881218,0.018101555295288563,0.5840620994567871,0.007677060551941395,0.9898732304573059,0.006659743841737509,0.0021255474421195686,0.019263694062829018,0.0004396395233925432,0.5691215395927429,2400.0,300.0,5500.0,200.0,7000.0,1.6164697288334238,1.528767236462968,1.6862541432075633,1.27924650447598,1.7127869491542462,47.813007379155785,18.78603148958389,65.39933335277998,0.0010283385992891484,92.18271969309275,0.0038749357918277383,0.002123087295331061,0.020353681640699506,0.0,0.03546871244907379,88.93817138671875,83.81863403320312,92.64394760131836,70.75233459472656,93.71070861816406,75355.98154759494,10373.426469543529,261188.87447500898,21.62104907720469,1933636.7850438545,793668.5819740585,19780.83931940889,1581914.8960715113,4.4299586593906755,2898056.2347588697,0.5454545454545454
0.01,1.0,11,0.028779668733477592,0.020467746071517467,0.06733022443950176,0.008399092592298985,0.10660869628190994,0.2081904411315918,0.16961809247732162,0.5601559281349182,0.04489782452583313,0.8579614162445068,0.21529127657413483,0.17377400398254395,0.5915204286575317,0.04688941687345505,0.9106324315071106,0.009122593328356743,0.005596341099590063,0.015875766519457102,0.002898529637604952,0.033429522067308426,600.0,600.0,600.0,600.0,600.0,1.0,1.0,1.0,1.0,1.0,37.10688178034443,16.94217577791966,44.732843241356875,3.943430371801402,72.31658304332093,0.00995299220085144,0.004021482542157173,0.011484438553452492,0.0013197511434555054,0.01866573840379715,1.0,1.0,1.0,1.0,1.0,10438.570997971821,5265.2216760992005,15123.2973467991,680.5440803358784,191331.22998749936,17772.986426867723,5262.886228775658,62580.62623023361,1629.8651816509155,489630.8694053973,0.09090909090909091
0.01,5.0,11,0.039152633398771286,0.01777387037873268,0.06302980333566666,0.0059376307763159275,0.1061890721321106,0.20957937836647034,0.13533196598291397,0.5128743946552277,0.013755381107330322,0.8558046817779541,0.2169237732887268,0.13698932528495789,0.5351075232028961,0.01676180213689804,0.9078289270401001,0.012262079864740372,0.007028629537671804,0.027462439611554146,0.0031730295158922672,0.05569137632846832,1600.0,1600.0,1600.0,1600.0,1600.0,1.4309177906260622,1.37088108698177,1.4437376832625821,1.3367351166300274,1.4674241649816129,38.25104390258675,22.52987551097447,51.50520670064658,3.8977588908102567,65.07991952108846,0.007217897102236748,0.004033342469483614,0.010645262897014618,0.0019245892763137817,0.018321523442864418,4.497506141662598,4.314547538757324,4.532844305038452,4.207852840423584,4.603244304656982,15096.57860015036,10116.264907847417,32096.74658982662,1331.8853811191648,326460.9486234241,94639.79894305262,15824.912042960479,148379.7015920973,507.5306843816803,574205.7769800527,0.09090909090909091
0.01,10.0,11,0.04278338700532913,0.017629762645810843,0.06848123110830784,0.004280237480998039,0.10275180637836456,0.21024799346923828,0.10492657124996185,0.4986310601234436,0.013257861137390137,0.8358936309814453,0.2173861712217331,0.11095159128308296,0.531872496008873,0.015877049416303635,0.8960292339324951,0.018014809116721153,0.007106065982952714,0.02848469465970993,0.0012670530704781413,0.03851979970932007,4700.0,3150.0,6250.0,1600.0,7800.0,1.523437761066603,1.4503821211711596,1.5391934363324318,1.4089010162590494,1.5680206860530546,33.22934762155275,20.49621799998127,61.094210266829585,3.3692779570154094,70.01760576278522,0.009845259599387646,0.0019756443798542023,0.015047990716993809,0.0,0.02409985102713108,8.869388580322266,8.457731246948242,8.948899269104004,8.217670440673828,9.1072998046875,15883.440552335021,11251.022110530539,36405.54292869961,1486.26964880103,352701.96196203836,74803.48558181051,31769.211921734808,241803.3905168771,8213.741444653322,596021.892168252,0.18181818181818182
0.01,15.0,11,0.03113716095685959,0.020340919960290194,0.05869610421359539,0.010393244214355946,0.10607367008924484,0.19316896796226501,0.10573052242398262,0.44250234961509705,0.0336395800113678,0.855275571346283,0.20468217134475708,0.11425070837140083,0.46860475838184357,0.037607356905937195,0.9070491194725037,0.013960572890937328,0.010330875869840384,0.024776513688266277,0.005070825107395649,0.03561790660023689,1800.0,1800.0,1800.0,1800.0,1800.0,1.5576460568034267,1.4797653587685744,1.5745036628536422,1.4355716165150454,1.6052365941881879,48.336684100599605,26.384310711529725,56.94940616605092,3.558221334139204,63.07325553535936,0.0037072021514177322,0.0010876469314098358,0.006368704605847597,0.0,0.013133890926837921,13.24127197265625,12.60091495513916,13.364955425262451,12.227486610412598,13.611353874206543,16157.722431016164,11676.987392607978,38052.78024996877,1544.3212569795228,362084.4299688619,145050.15876054563,51836.70312881333,401953.03697319014,3016.7130712311864,772434.5080807753,0.0
0.01,30.0,11,0.03397057577967644,0.016812272369861603,0.05999116785824299,0.006838181056082249,0.10179024934768677,0.2104824185371399,0.10315771773457527,0.5058479309082031,0.017599016427993774,0.8122506737709045,0.21762365102767944,0.11143829300999641,0.529435783624649,0.02139407768845558,0.8620173931121826,0.012655629776418209,0.006131072295829654,0.02544386126101017,0.0013930249260738492,0.04069572687149048,3700.0,2250.0,5150.0,800.0,6600.0,1.5937749592895065,1.5107915635584104,1.611806028256739,1.4637325232805205,1.644554295716051,44.359039100058006,19.902292434980424,60.80884617848237,5.542226659431106,65.62230364455635,0.0032845400273799896,0.00022011762484908104,0.010103500448167324,0.0,0.03981068078428507,26.35692024230957,25.030467987060547,26.613121032714844,24.25693702697754,27.123517990112305,16438.12626992349,12130.353313000025,39823.32884507647,1606.150518618728,371801.5060577645,175425.7429130379,34290.60306451766,443707.9873715269,13752.894214665994,791976.9094729805,0.18181818181818182
0.01,60.0,11,0.03460661321878433,0.018865357153117657,0.060325197875499725,0.007075144909322262,0.10604019463062286,0.21059805154800415,0.1279463842511177,0.4897332340478897,0.016962528228759766,0.8549553155899048,0.21767567098140717,0.13199880719184875,0.5202005803585052,0.014307321980595589,0.906771183013916,0.014455231837928295,0.007677376735955477,0.020320593379437923,0.0060371942818164825,0.03593175858259201,2400.0,1400.0,3400.0,400.0,4400.0,1.6126107262236546,1.5269644749210105,1.6312575602066577,1.478411607936591,1.6650583282218645,40.516900135012634,20.842111757429752,60.93902494318246,4.101526384028492,69.18777788513437,0.002741154283285141,0.0009599905461072922,0.004515754408203065,0.0,0.025935150682926178,52.58821487426758,49.88957405090332,53.10945129394531,48.315834045410156,54.147850036621094,16580.643046876183,12368.079449622897,40758.76691262333,1638.5863670292877,376788.6260704037,157303.6492428034,48910.00955901611,407398.4307191791,8111.791943659185,1393471.7682184994,0.18181818181818182
