nu,seed,family,lr,clip,blown,blow_step,g_peak,frac_clip,L2,l2_band
0.005,0,uniform,0.0005,1.0,0,-1,21.299869537353516,0.646,0.001780722290277481,0.01842387020587921
0.005,0,uniform,0.001,1.0,0,-1,41.286441802978516,0.99,0.005875712260603905,0.06949680298566818
0.005,0,uniform,0.002,1.0,0,-1,75.89251708984375,0.996,0.07268108427524567,0.21610836684703827
0.005,0,uniform,0.005,1.0,0,-1,139.46653747558594,0.986,0.3944437801837921,1.3209290504455566
0.005,0,uniform,0.01,1.0,0,-1,141.24607849121094,0.39,0.5269208550453186,0.9835690855979919
0.005,0,uniform,0.02,1.0,0,-1,1587.75537109375,0.508,0.5705239772796631,0.9882329106330872
0.005,0,uniform,0.05,1.0,0,-1,26061265960960.0,1.0,0.5070101618766785,0.9768174886703491
0.005,0,uniform,0.1,1.0,0,-1,3.355698492856074e+18,1.0,0.8185234665870667,1.2273234128952026
0.005,0,down_inv,0.0005,1.0,0,-1,2.2227916717529297,0.006,0.00620974600315094,0.08139802515506744
0.005,0,down_inv,0.001,1.0,0,-1,4.371630668640137,0.01,0.013499838300049305,0.17664799094200134
0.005,0,down_inv,0.002,1.0,0,-1,8.19764518737793,0.04,0.02994108386337757,0.3919440805912018
0.005,0,down_inv,0.005,1.0,0,-1,15.342870712280273,0.118,0.44531622529029846,1.027899146080017
0.005,0,down_inv,0.01,1.0,0,-1,28.573162078857422,0.054,0.5834455490112305,1.0307255983352661
0.005,0,down_inv,0.02,1.0,0,-1,288.0032043457031,0.272,0.5718467235565186,0.9879809021949768
0.005,0,down_inv,0.05,1.0,0,-1,17712812130304.0,0.998,0.8433387875556946,1.4105488061904907
0.005,0,down_inv,0.1,1.0,1,490,4.012467024696443e+17,0.9979591836734694,nan,nan
0.005,0,down_lin,0.0005,1.0,0,-1,3.228398323059082,0.012,0.005901489872485399,0.07682039588689804
0.005,0,down_lin,0.001,1.0,0,-1,6.355669975280762,0.046,0.009399640373885632,0.12272319942712784
0.005,0,down_lin,0.002,1.0,0,-1,12.313312530517578,0.158,0.019232377409934998,0.035006333142519
0.005,0,down_lin,0.005,1.0,0,-1,25.93813133239746,0.824,0.24246984720230103,0.6576579213142395
0.005,0,down_lin,0.01,1.0,0,-1,37.75409698486328,0.204,0.5335471034049988,1.0173451900482178
0.005,0,down_lin,0.02,1.0,0,-1,470.8137512207031,0.244,0.566561222076416,0.9868006110191345
0.005,0,down_lin,0.05,1.0,0,-1,1846417817600.0,0.998,0.7673791646957397,1.3024330139160156
0.005,0,down_lin,0.1,1.0,0,-1,3.0828323485935206e+17,0.998,0.9457261562347412,1.8564319610595703
0.005,0,rational,0.0005,1.0,0,-1,209.9245147705078,1.0,0.001080082030966878,0.009230319410562515
0.005,0,rational,0.001,1.0,0,-1,391.909423828125,1.0,0.023746894672513008,0.2997782528400421
0.005,0,rational,0.002,1.0,0,-1,710.8008422851562,1.0,0.09559445828199387,1.098921537399292
0.005,0,rational,0.005,1.0,0,-1,1218.2813720703125,1.0,0.4310559630393982,1.1993601322174072
0.005,0,rational,0.01,1.0,0,-1,1112.6785888671875,0.982,0.5382422804832458,0.9928553104400635
0.005,0,rational,0.02,1.0,0,-1,25583.8203125,0.96,0.5787864923477173,1.0077168941497803
0.005,0,rational,0.05,1.0,0,-1,125778754797568.0,1.0,0.6091366410255432,1.1128461360931396
0.005,0,rational,0.1,1.0,1,464,2.0277299267439165e+18,1.0,nan,nan
0.005,5,uniform,0.0005,1.0,0,-1,29.351930618286133,0.972,0.04802558571100235,0.611509382724762
0.005,5,uniform,0.001,1.0,0,-1,68.16751098632812,0.996,0.05158909782767296,0.5938652157783508
0.005,5,uniform,0.002,1.0,0,-1,173.95706176757812,0.996,0.035756971687078476,0.20318417251110077
0.005,5,uniform,0.005,1.0,0,-1,737.593505859375,0.986,0.35608065128326416,1.6318215131759644
0.005,5,uniform,0.01,1.0,0,-1,5177.03369140625,0.606,0.5375844240188599,0.9891460537910461
0.005,5,uniform,0.02,1.0,0,-1,50123.23046875,0.558,0.5681226253509521,0.9865438342094421
0.005,5,uniform,0.05,1.0,0,-1,77222874447872.0,1.0,0.6090517640113831,1.2185118198394775
0.005,5,uniform,0.1,1.0,0,-1,2.5384699828371456e+17,1.0,1.25286865234375,1.977303147315979
0.005,5,down_inv,0.0005,1.0,0,-1,3.196319103240967,0.006,0.04836742952466011,0.6293137669563293
0.005,5,down_inv,0.001,1.0,0,-1,7.506897926330566,0.01,0.04472268000245094,0.5831330418586731
0.005,5,down_inv,0.002,1.0,0,-1,19.450786590576172,0.078,0.04023061692714691,0.4697788953781128
0.005,5,down_inv,0.005,1.0,0,-1,92.7091064453125,0.088,0.40801456570625305,0.9258543252944946
0.005,5,down_inv,0.01,1.0,0,-1,576.5833129882812,0.062,0.5030208230018616,0.9969548583030701
0.005,5,down_inv,0.02,1.0,0,-1,4611.7275390625,0.234,0.5659235119819641,0.990723192691803
0.005,5,down_inv,0.05,1.0,0,-1,2956836732928.0,0.998,0.7000240087509155,1.2096226215362549
0.005,5,down_inv,0.1,1.0,0,-1,7.346557021690266e+16,0.998,0.7632471919059753,0.9164670705795288
0.005,5,down_lin,0.0005,1.0,0,-1,6.308347225189209,0.02,0.051409393548965454,0.6697749495506287
0.005,5,down_lin,0.001,1.0,0,-1,15.047209739685059,0.056,0.05300353467464447,0.6896992921829224
0.005,5,down_lin,0.002,1.0,0,-1,40.659061431884766,0.352,0.04803690314292908,0.6263904571533203
0.005,5,down_lin,0.005,1.0,0,-1,222.59275817871094,0.89,0.12654149532318115,0.7072937488555908
0.005,5,down_lin,0.01,1.0,0,-1,1100.0211181640625,0.474,0.5227497220039368,0.9867886304855347
0.005,5,down_lin,0.02,1.0,0,-1,13297.4873046875,0.43,0.5714540481567383,0.9873221516609192
0.005,5,down_lin,0.05,1.0,0,-1,5641758310400.0,0.998,0.5898009538650513,0.97380530834198
0.005,5,down_lin,0.1,1.0,0,-1,3.069706241342177e+17,0.998,0.7506667971611023,1.5289136171340942
0.005,5,rational,0.0005,1.0,0,-1,277.999755859375,1.0,0.04530271515250206,0.5862491726875305
0.005,5,rational,0.001,1.0,0,-1,639.5451049804688,1.0,0.04145584627985954,0.5013278722763062
0.005,5,rational,0.002,1.0,0,-1,1615.018310546875,1.0,0.10251320153474808,1.1944772005081177
0.005,5,rational,0.005,1.0,0,-1,6325.21728515625,1.0,0.38076359033584595,1.3168799877166748
0.005,5,rational,0.01,1.0,0,-1,48194.87109375,0.998,0.5505545735359192,0.9916409850120544
0.005,5,rational,0.02,1.0,0,-1,544143.625,0.94,0.5722916722297668,0.9911502003669739
0.005,5,rational,0.05,1.0,0,-1,17399757668352.0,1.0,0.6072462797164917,1.0440404415130615
0.005,5,rational,0.1,1.0,0,-1,2.113010385056432e+18,1.0,0.8902184963226318,0.9802654385566711
0.005,25,uniform,0.0005,1.0,0,-1,18.398530960083008,0.942,0.003544765990227461,0.03734566271305084
0.005,25,uniform,0.001,1.0,0,-1,41.281253814697266,0.992,0.009011898189783096,0.03728789836168289
0.005,25,uniform,0.002,1.0,0,-1,94.48641204833984,0.998,0.04113808274269104,0.5161545276641846
0.005,25,uniform,0.005,1.0,0,-1,290.0256042480469,0.976,0.38313281536102295,1.5620911121368408
0.005,25,uniform,0.01,1.0,0,-1,490.2590026855469,0.63,0.5332461595535278,0.98049396276474
0.005,25,uniform,0.02,1.0,0,-1,4930.03466796875,0.558,0.5658566355705261,0.9849640130996704
0.005,25,uniform,0.05,1.0,0,-1,2268394422272.0,1.0,0.6496178507804871,1.2519620656967163
0.005,25,uniform,0.1,1.0,0,-1,5.571966213900206e+17,1.0,1.0469287633895874,0.9011141657829285
0.005,25,down_inv,0.0005,1.0,0,-1,1.8125715255737305,0.002,0.005325309932231903,0.06980077922344208
0.005,25,down_inv,0.001,1.0,0,-1,4.206948757171631,0.01,0.006006884388625622,0.07876988500356674
0.005,25,down_inv,0.002,1.0,0,-1,10.125100135803223,0.048,0.01239410787820816,0.07354825735092163
0.005,25,down_inv,0.005,1.0,0,-1,37.0529899597168,0.064,0.39264577627182007,1.00230073928833
0.005,25,down_inv,0.01,1.0,0,-1,81.42359161376953,0.082,0.5482396483421326,1.0421932935714722
0.005,25,down_inv,0.02,1.0,0,-1,529.3642578125,0.61,0.5671979784965515,0.9877901673316956
0.005,25,down_inv,0.05,1.0,0,-1,565616377856.0,0.998,0.5864044427871704,1.5247629880905151
0.005,25,down_inv,0.1,1.0,0,-1,5.498140965942067e+16,0.998,0.8745002150535583,1.4123188257217407
0.005,25,down_lin,0.0005,1.0,0,-1,3.994190216064453,0.012,0.0057305204682052135,0.07496289908885956
0.005,25,down_lin,0.001,1.0,0,-1,9.276284217834473,0.028,0.009319032542407513,0.08572444319725037
0.005,25,down_lin,0.002,1.0,0,-1,22.8472900390625,0.214,0.008000712841749191,0.07990096509456635
0.005,25,down_lin,0.005,1.0,0,-1,92.60710906982422,0.812,0.07356427609920502,0.21981507539749146
0.005,25,down_lin,0.01,1.0,0,-1,250.81393432617188,0.338,0.534369945526123,1.0629281997680664
0.005,25,down_lin,0.02,1.0,0,-1,4150.009765625,0.464,0.571960985660553,0.9903569221496582
0.005,25,down_lin,0.05,1.0,0,-1,4478385782784.0,0.998,0.5770166516304016,1.2633084058761597
0.005,25,down_lin,0.1,1.0,0,-1,6.923553251849667e+17,0.998,0.7341626286506653,0.8417770266532898
0.005,25,rational,0.0005,1.0,0,-1,206.5193328857422,1.0,0.004138696473091841,0.0457526259124279
0.005,25,rational,0.001,1.0,0,-1,453.55938720703125,1.0,0.0054856957867741585,0.05758526548743248
0.005,25,rational,0.002,1.0,0,-1,1015.8603515625,1.0,0.18476003408432007,1.6827129125595093
0.005,25,rational,0.005,1.0,0,-1,2869.600341796875,1.0,0.3684388995170593,1.5018388032913208
0.005,25,rational,0.01,1.0,0,-1,3338.857177734375,1.0,0.5627279877662659,0.99554842710495
0.005,25,rational,0.02,1.0,0,-1,84453.96875,0.964,0.5766792297363281,1.001269817352295
0.005,25,rational,0.05,1.0,0,-1,290007432560640.0,1.0,0.6391121745109558,1.0036866664886475
0.005,25,rational,0.1,1.0,0,-1,4.452983059830014e+18,1.0,1.2067022323608398,0.9224462509155273
0.005,30,uniform,0.0005,1.0,0,-1,45.91851806640625,0.97,0.050142720341682434,0.6524500250816345
0.005,30,uniform,0.001,1.0,0,-1,99.75373077392578,0.994,0.049640774726867676,0.6305135488510132
0.005,30,uniform,0.002,1.0,0,-1,230.0902099609375,0.992,0.1444617658853531,1.5806248188018799
0.005,30,uniform,0.005,1.0,0,-1,768.5003051757812,0.99,0.35289865732192993,1.3314054012298584
0.005,30,uniform,0.01,1.0,0,-1,1531.4805908203125,0.564,0.5403978228569031,0.9859045147895813
0.005,30,uniform,0.02,1.0,0,-1,3451.22705078125,0.422,0.5728450417518616,0.9922138452529907
0.005,30,uniform,0.05,1.0,0,-1,6381285408768.0,1.0,0.6756454706192017,2.1099631786346436
0.005,30,uniform,0.1,1.0,0,-1,1.370624806906495e+18,1.0,0.9882876873016357,0.931679904460907
0.005,30,down_inv,0.0005,1.0,0,-1,4.7452802658081055,0.012,0.049044184386730194,0.6395410895347595
0.005,30,down_inv,0.001,1.0,0,-1,10.344674110412598,0.012,0.05913718044757843,0.7649785876274109
0.005,30,down_inv,0.002,1.0,0,-1,23.909997940063477,0.164,0.10499574989080429,1.3105659484863281
0.005,30,down_inv,0.005,1.0,0,-1,77.35377502441406,0.052,0.4719811677932739,0.9842674136161804
0.005,30,down_inv,0.01,1.0,0,-1,148.9559326171875,0.068,0.554148256778717,0.9838277101516724
0.005,30,down_inv,0.02,1.0,0,-1,451.850341796875,0.204,0.5689781308174133,0.9867563843727112
0.005,30,down_inv,0.05,1.0,0,-1,1627960508416.0,0.998,0.5835586786270142,1.0709547996520996
0.005,30,down_inv,0.1,1.0,0,-1,6.737875974488064e+17,0.998,0.7291111350059509,1.5539237260818481
0.005,30,down_lin,0.0005,1.0,0,-1,6.6000075340271,0.022,0.04958530515432358,0.6461039781570435
0.005,30,down_lin,0.001,1.0,0,-1,14.253704071044922,0.06,0.050812479108572006,0.6612427830696106
0.005,30,down_lin,0.002,1.0,0,-1,32.26688003540039,0.538,0.049074213951826096,0.6368687152862549
0.005,30,down_lin,0.005,1.0,0,-1,108.72294616699219,0.818,0.09441623836755753,0.5969915986061096
0.005,30,down_lin,0.01,1.0,0,-1,209.42727661132812,0.24,0.5225797891616821,0.9849547743797302
0.005,30,down_lin,0.02,1.0,0,-1,3464.3095703125,0.214,0.570561945438385,0.9893994331359863
0.005,30,down_lin,0.05,1.0,0,-1,21271156883456.0,0.998,0.7219892144203186,1.0909191370010376
0.005,30,down_lin,0.1,1.0,0,-1,7.991342422976102e+16,0.998,0.8076507449150085,1.3446135520935059
0.005,30,rational,0.0005,1.0,0,-1,441.4132385253906,1.0,0.04856488108634949,0.6264302134513855
0.005,30,rational,0.001,1.0,0,-1,956.14501953125,1.0,0.057620711624622345,0.6693768501281738
0.005,30,rational,0.002,1.0,0,-1,2189.66796875,1.0,0.24626807868480682,1.710366129875183
0.005,30,rational,0.005,1.0,0,-1,7289.2705078125,1.0,0.3663869798183441,1.37511146068573
0.005,30,rational,0.01,1.0,0,-1,12623.4140625,0.912,0.5649002194404602,0.9870096445083618
0.005,30,rational,0.02,1.0,0,-1,79603.015625,0.934,0.5869504809379578,1.031460165977478
0.005,30,rational,0.05,1.0,0,-1,60181668954112.0,1.0,0.612718939781189,1.1033130884170532
0.005,30,rational,0.1,1.0,0,-1,1.0242332343268278e+19,1.0,0.8699169158935547,2.1962997913360596
0.005,35,uniform,0.0005,1.0,0,-1,39.29080581665039,0.94,0.04309631884098053,0.5589778423309326
0.005,35,uniform,0.001,1.0,0,-1,95.27265167236328,0.996,0.0643869936466217,0.8155381679534912
0.005,35,uniform,0.002,1.0,0,-1,267.5257263183594,0.996,0.2298867255449295,1.8300448656082153
0.005,35,uniform,0.005,1.0,0,-1,1104.0579833984375,0.938,0.3748859465122223,1.1634418964385986
0.005,35,uniform,0.01,1.0,0,-1,5821.8935546875,0.342,0.5551006197929382,1.014877438545227
0.005,35,uniform,0.02,1.0,0,-1,131975.34375,0.142,0.5690352916717529,0.9861765503883362
0.005,35,uniform,0.05,1.0,0,-1,321349386240.0,1.0,0.6139209866523743,1.0643439292907715
0.005,35,uniform,0.1,1.0,0,-1,1.4329235480531436e+18,1.0,1.1882996559143066,1.8291300535202026
0.005,35,down_inv,0.0005,1.0,0,-1,4.418536186218262,0.014,0.04765177518129349,0.6215589642524719
0.005,35,down_inv,0.001,1.0,0,-1,10.78006362915039,0.01,0.058417126536369324,0.7578981518745422
0.005,35,down_inv,0.002,1.0,0,-1,30.640810012817383,0.194,0.11695431917905807,1.4312372207641602
0.005,35,down_inv,0.005,1.0,0,-1,152.16233825683594,0.078,0.4575219452381134,0.9969899654388428
0.005,35,down_inv,0.01,1.0,0,-1,993.3942260742188,0.098,0.5287231206893921,0.9879744052886963
0.005,35,down_inv,0.02,1.0,0,-1,11450.765625,0.092,0.5708514451980591,0.9893649220466614
0.005,35,down_inv,0.05,1.0,0,-1,1234269765632.0,0.998,0.6006717085838318,1.0736366510391235
0.005,35,down_inv,0.1,1.0,0,-1,1.08199805681297e+18,0.998,0.8230010271072388,2.226872205734253
0.005,35,down_lin,0.0005,1.0,0,-1,8.347905158996582,0.022,0.0487358421087265,0.6354638934135437
0.005,35,down_lin,0.001,1.0,0,-1,20.63821029663086,0.062,0.05725577101111412,0.7398108243942261
0.005,35,down_lin,0.002,1.0,0,-1,60.5439338684082,0.336,0.06775981187820435,0.8506088256835938
0.005,35,down_lin,0.005,1.0,0,-1,394.9944152832031,0.838,0.1629144549369812,0.6247636675834656
0.005,35,down_lin,0.01,1.0,0,-1,2867.87548828125,0.282,0.5375152826309204,1.0068795680999756
0.005,35,down_lin,0.02,1.0,0,-1,33760.12890625,0.284,0.5724040865898132,0.9900160431861877
0.005,35,down_lin,0.05,1.0,0,-1,5725902340096.0,0.998,0.5121275782585144,1.0229864120483398
0.005,35,down_lin,0.1,1.0,0,-1,1.0124746996381123e+18,0.998,0.8850626349449158,1.3643041849136353
0.005,35,rational,0.0005,1.0,0,-1,360.60272216796875,1.0,0.0444556325674057,0.5733627080917358
0.005,35,rational,0.001,1.0,0,-1,867.2294311523438,1.0,0.07703514397144318,0.9853404760360718
0.005,35,rational,0.002,1.0,0,-1,2391.7734375,1.0,0.259245365858078,1.7889938354492188
0.005,35,rational,0.005,1.0,0,-1,8583.611328125,1.0,0.36083871126174927,1.5582406520843506
0.005,35,rational,0.01,1.0,0,-1,35528.4453125,0.984,0.5539513826370239,0.9874849319458008
0.005,35,rational,0.02,1.0,0,-1,488778.21875,0.85,0.5716744065284729,0.9878725409507751
0.005,35,rational,0.05,1.0,0,-1,12436896743424.0,1.0,0.5240683555603027,0.924739420413971
0.005,35,rational,0.1,1.0,1,351,3.755888289773519e+18,1.0,nan,nan
0.005,40,uniform,0.0005,1.0,0,-1,31.0258846282959,0.938,0.02114197611808777,0.27387139201164246
0.005,40,uniform,0.001,1.0,0,-1,77.07388305664062,0.998,0.024462232366204262,0.2848663032054901
0.005,40,uniform,0.002,1.0,0,-1,218.47134399414062,0.998,0.04561940208077431,0.42171353101730347
0.005,40,uniform,0.005,1.0,0,-1,1337.770263671875,0.964,0.34527719020843506,1.2796776294708252
0.005,40,uniform,0.01,1.0,0,-1,9468.517578125,0.504,0.5465589761734009,0.9907367825508118
0.005,40,uniform,0.02,1.0,0,-1,89325.4296875,0.33,0.5687456727027893,0.9875975251197815
0.005,40,uniform,0.05,1.0,0,-1,7564353863680.0,1.0,0.5257389545440674,0.9815905094146729
0.005,40,uniform,0.1,1.0,0,-1,5.361344110080819e+17,1.0,0.9686854481697083,2.095400094985962
0.005,40,down_inv,0.0005,1.0,0,-1,3.083928346633911,0.008,0.014359083026647568,0.18833161890506744
0.005,40,down_inv,0.001,1.0,0,-1,7.768249034881592,0.012,0.015595716424286366,0.204549640417099
0.005,40,down_inv,0.002,1.0,0,-1,21.882152557373047,0.15,0.019174735993146896,0.09207639843225479
0.005,40,down_inv,0.005,1.0,0,-1,128.32894897460938,0.072,0.5097398161888123,0.9713971018791199
0.005,40,down_inv,0.01,1.0,0,-1,863.4595336914062,0.114,0.5641358494758606,0.9845575094223022
0.005,40,down_inv,0.02,1.0,0,-1,7774.8681640625,0.36,0.5676473379135132,0.9875351190567017
0.005,40,down_inv,0.05,1.0,0,-1,460072288256.0,0.998,0.5814304947853088,1.0705770254135132
0.005,40,down_inv,0.1,1.0,0,-1,1.5467151331478733e+17,0.998,1.5080927610397339,2.045957565307617
0.005,40,down_lin,0.0005,1.0,0,-1,4.912541389465332,0.016,0.015018196776509285,0.1960488259792328
0.005,40,down_lin,0.001,1.0,0,-1,12.755874633789062,0.038,0.02327614836394787,0.30503472685813904
0.005,40,down_lin,0.002,1.0,0,-1,36.11933517456055,0.49,0.02774958126246929,0.3632665276527405
0.005,40,down_lin,0.005,1.0,0,-1,205.75111389160156,0.83,0.07505122572183609,0.7243927717208862
0.005,40,down_lin,0.01,1.0,0,-1,1141.0582275390625,0.336,0.5606529712677002,0.998104453086853
0.005,40,down_lin,0.02,1.0,0,-1,24253.3046875,0.628,0.5666667222976685,0.9857940673828125
0.005,40,down_lin,0.05,1.0,0,-1,1652389614452736.0,1.0,0.591417670249939,1.1348683834075928
0.005,40,down_lin,0.1,1.0,0,-1,3.288304271228928e+17,1.0,1.0655211210250854,3.826671838760376
0.005,40,rational,0.0005,1.0,0,-1,303.7831115722656,1.0,0.01573546603322029,0.1967664211988449
0.005,40,rational,0.001,1.0,0,-1,749.1917724609375,1.0,0.02489238791167736,0.09002960473299026
0.005,40,rational,0.002,1.0,0,-1,2136.308349609375,1.0,0.1708042472600937,1.752428412437439
0.005,40,rational,0.005,1.0,0,-1,13769.1005859375,1.0,0.37286075949668884,1.2905762195587158
0.005,40,rational,0.01,1.0,0,-1,101791.2421875,1.0,0.5565053820610046,0.9969960451126099
0.005,40,rational,0.02,1.0,0,-1,837172.125,0.894,0.5814069509506226,1.015992283821106
0.005,40,rational,0.05,1.0,0,-1,745889387773952.0,1.0,0.7200285792350769,0.9687948822975159
0.005,40,rational,0.1,1.0,1,442,8.47986743074567e+18,1.0,nan,nan
0.005,45,uniform,0.0005,1.0,0,-1,30.490690231323242,0.854,0.016739023849368095,0.2187865823507309
0.005,45,uniform,0.001,1.0,0,-1,61.811485290527344,0.99,0.021539468318223953,0.28040811419487
0.005,45,uniform,0.002,1.0,0,-1,122.68122863769531,0.986,0.10316668450832367,1.2105016708374023
0.005,45,uniform,0.005,1.0,0,-1,241.71949768066406,0.954,0.3777380883693695,1.3079785108566284
0.005,45,uniform,0.01,1.0,0,-1,286.2632141113281,0.536,0.5454734563827515,0.9899460673332214
0.005,45,uniform,0.02,1.0,0,-1,5510.8857421875,0.418,0.5680719017982483,0.989104688167572
0.005,45,uniform,0.05,1.0,0,-1,726713298321408.0,1.0,0.6239100694656372,0.9602070450782776
0.005,45,uniform,0.1,1.0,0,-1,1.561210166735536e+18,1.0,1.212278962135315,0.8077709078788757
0.005,45,down_inv,0.0005,1.0,0,-1,3.0998871326446533,0.008,0.0202102642506361,0.2649703025817871
0.005,45,down_inv,0.001,1.0,0,-1,6.329479217529297,0.012,0.03865921124815941,0.5054131746292114
0.005,45,down_inv,0.002,1.0,0,-1,12.728365898132324,0.086,0.07241228967905045,0.8904821276664734
0.005,45,down_inv,0.005,1.0,0,-1,28.168787002563477,0.062,0.5299553871154785,0.9963972568511963
0.005,45,down_inv,0.01,1.0,0,-1,53.68245315551758,0.078,0.5284431576728821,1.0213066339492798
0.005,45,down_inv,0.02,1.0,0,-1,718.2426147460938,0.272,0.5672808885574341,0.9914523959159851
0.005,45,down_inv,0.05,1.0,0,-1,393758877155328.0,0.998,0.5988128781318665,1.0139447450637817
0.005,45,down_inv,0.1,1.0,0,-1,3.171688693597471e+17,0.998,1.4525237083435059,2.7243196964263916
0.005,45,down_lin,0.0005,1.0,0,-1,4.334061145782471,0.012,0.017678165808320045,0.23018121719360352
0.005,45,down_lin,0.001,1.0,0,-1,8.86492919921875,0.026,0.020015837624669075,0.2611507475376129
0.005,45,down_lin,0.002,1.0,0,-1,17.95339012145996,0.294,0.028885334730148315,0.37394964694976807
0.005,45,down_lin,0.005,1.0,0,-1,46.18925857543945,0.72,0.19293320178985596,0.5623192191123962
0.005,45,down_lin,0.01,1.0,0,-1,171.75437927246094,0.276,0.5167674422264099,0.9990396499633789
0.005,45,down_lin,0.02,1.0,0,-1,1013.546630859375,0.812,0.5655990242958069,0.9862820506095886
0.005,45,down_lin,0.05,1.0,0,-1,4555761254400.0,0.998,0.6678248643875122,1.0300790071487427
0.005,45,down_lin,0.1,1.0,0,-1,9.236526456530534e+16,0.998,1.4928125143051147,3.6616291999816895
0.005,45,rational,0.0005,1.0,0,-1,297.5397644042969,1.0,0.019457347691059113,0.25462788343429565
0.005,45,rational,0.001,1.0,0,-1,599.1784057617188,1.0,0.037178296595811844,0.4184327721595764
0.005,45,rational,0.002,1.0,0,-1,1174.405029296875,1.0,0.17484864592552185,1.7089977264404297
0.005,45,rational,0.005,1.0,0,-1,2149.90478515625,1.0,0.3421277701854706,1.4316332340240479
0.005,45,rational,0.01,1.0,0,-1,3132.329833984375,0.972,0.5628191828727722,0.987200140953064
0.005,45,rational,0.02,1.0,0,-1,79534.1640625,0.996,0.575321614742279,0.9987873435020447
0.005,45,rational,0.05,1.0,0,-1,798693796085760.0,1.0,0.6516294479370117,1.0271940231323242
0.005,45,rational,0.1,1.0,0,-1,9.963842540627034e+18,1.0,1.570953130722046,3.3109986782073975
0.005,50,uniform,0.0005,1.0,0,-1,41.62959289550781,0.976,0.003489716676995158,0.03960351645946503
0.005,50,uniform,0.001,1.0,0,-1,97.38998413085938,0.998,0.02850978635251522,0.31247127056121826
0.005,50,uniform,0.002,1.0,0,-1,238.73825073242188,1.0,0.18492744863033295,1.8130971193313599
0.005,50,uniform,0.005,1.0,0,-1,625.9839477539062,0.982,0.3193986415863037,1.2987399101257324
0.005,50,uniform,0.01,1.0,0,-1,5984.3779296875,0.39,0.5541312098503113,0.9993266463279724
0.005,50,uniform,0.02,1.0,0,-1,199333.59375,0.128,0.5791255235671997,1.0147120952606201
0.005,50,uniform,0.05,1.0,0,-1,11474147737600.0,1.0,0.6359419226646423,1.3386220932006836
0.005,50,uniform,0.1,1.0,0,-1,5.603959528367325e+18,1.0,1.127759337425232,2.958108901977539
0.005,50,down_inv,0.0005,1.0,0,-1,4.4981889724731445,0.01,0.004771889187395573,0.06259934604167938
0.005,50,down_inv,0.001,1.0,0,-1,10.6410551071167,0.014,0.011950705200433731,0.15673871338367462
0.005,50,down_inv,0.002,1.0,0,-1,26.965200424194336,0.132,0.06722017377614975,0.8710559606552124
0.005,50,down_inv,0.005,1.0,0,-1,98.59220886230469,0.098,0.4538283944129944,1.0189168453216553
0.005,50,down_inv,0.01,1.0,0,-1,975.8455810546875,0.062,0.5541254281997681,0.9830543398857117
0.005,50,down_inv,0.02,1.0,0,-1,25203.990234375,0.106,0.5692355036735535,0.9864863753318787
0.005,50,down_inv,0.05,1.0,0,-1,654513078272.0,0.998,0.5634490847587585,0.8978777527809143
0.005,50,down_inv,0.1,1.0,0,-1,1.1246061767937229e+17,0.998,0.9761386513710022,2.185471773147583
0.005,50,down_lin,0.0005,1.0,0,-1,7.282613277435303,0.018,0.004902339540421963,0.06319282203912735
0.005,50,down_lin,0.001,1.0,0,-1,17.805784225463867,0.06,0.01655125990509987,0.217009499669075
0.005,50,down_lin,0.002,1.0,0,-1,49.2714729309082,0.564,0.011737651191651821,0.08849601447582245
0.005,50,down_lin,0.005,1.0,0,-1,298.87872314453125,0.87,0.060022953897714615,0.312710165977478
0.005,50,down_lin,0.01,1.0,0,-1,2765.747314453125,0.15,0.5497121214866638,0.9839836359024048
0.005,50,down_lin,0.02,1.0,0,-1,56176.05078125,0.492,0.5702072381973267,0.9863723516464233
0.005,50,down_lin,0.05,1.0,0,-1,4323870507008.0,0.998,0.4230571687221527,0.9359205365180969
0.005,50,down_lin,0.1,1.0,1,420,1.7811954366991565e+17,0.9976190476190476,nan,nan
0.005,50,rational,0.0005,1.0,0,-1,391.2591552734375,1.0,0.009194748476147652,0.11826705932617188
0.005,50,rational,0.001,1.0,0,-1,910.9755859375,1.0,0.05850562825798988,0.5140196681022644
0.005,50,rational,0.002,1.0,0,-1,2202.9482421875,1.0,0.22594211995601654,1.499100685119629
0.005,50,rational,0.005,1.0,0,-1,5327.939453125,1.0,0.3720000386238098,1.2168883085250854
0.005,50,rational,0.01,1.0,0,-1,39115.96484375,0.97,0.5596752166748047,0.9866361021995544
0.005,50,rational,0.02,1.0,0,-1,1893462.0,0.834,0.5804809331893921,1.0156123638153076
0.005,50,rational,0.05,1.0,0,-1,7628160761856.0,1.0,0.5399103164672852,0.9402997493743896
0.005,50,rational,0.1,1.0,1,497,1.4571004068706124e+19,1.0,nan,nan
