tau,n_good,n_bad,agree,agree_pct,auc_ge,direction
0.01,2,78,68,85.0,1.0,ge_t大→good
0.02,5,75,71,88.75,0.9813333333333333,ge_t大→good
0.03,6,74,72,90.0,0.9594594594594594,ge_t大→good
0.04,11,69,77,96.25,0.9617918313570487,ge_t大→good
0.05,14,66,80,100.0,0.9707792207792207,ge_t大→good
0.06,14,66,80,100.0,0.9707792207792207,ge_t大→good
0.07,16,64,78,97.5,0.970703125,ge_t大→good
0.08,18,62,76,95.0,0.9838709677419355,ge_t大→good
0.1,23,57,71,88.75,0.996186117467582,ge_t大→good
0.12,28,52,66,82.5,1.0,ge_t大→good
0.15,28,52,66,82.5,1.0,ge_t大→good
0.2,28,52,66,82.5,1.0,ge_t大→good
