nu,seed,stage,snap_epoch,L2_at,n,beta,E_off,kappa_orig,kappa_new,kappa_diag,lam_min_orig,lam_min_new,beta_sat,eps_star,SA_holds,improve_ratio,w_min,w_max
0.005,42,0,0,0.0389653779566288,64,1.0,1.3436767458684076e-06,637.1075532715529,637.1075532715529,637.1052526091819,39.454864501953125,39.454864501953125,1.0000132322311401,0.0,False,1.0,1.0,1.0
0.005,42,0,0,0.0389653779566288,64,5.0,0.23264002661829225,637.1075532715529,841.2117484796638,733.399519909771,39.454864501953125,120.97694396972656,3.0997860431671143,0.006268535734285159,False,1.3203606583535763,1.3392332792282104,2.945329189300537
0.005,42,0,0,0.0389653779566288,64,15.0,0.2989915882941966,637.1075532715529,964.13018671216,762.2330692598764,39.454864501953125,309.111328125,8.349218368530273,0.021939875069998057,False,1.5132926642626399,2.187316656112671,7.808652877807617
0.005,42,0,0,0.0389653779566288,64,40.0,0.32206400963416176,637.1075532715529,1103.886175041893,772.6392740039769,39.454864501953125,714.7333374023438,21.472795486450195,0.0611182234092803,False,1.7326527826792004,4.307524681091309,19.966960906982422
0.005,42,0,0,0.0389653779566288,128,1.0,2.0483797678265336e-06,3378.795261548035,3378.795261548035,3378.8150693014395,26.00493049621582,26.00493049621582,1.0000255107879639,0.0,False,1.0,1.0,1.0
0.005,42,0,0,0.0389653779566288,128,5.0,0.28878671880573586,3378.795261548035,5838.567203887349,5229.3200359803495,26.00493049621582,71.53205108642578,3.0528457164764404,0.001183503641628249,False,1.7280026612835786,1.0860047340393066,2.8736915588378906
0.005,42,0,0,0.0389653779566288,128,15.0,0.3706555720348631,3378.795261548035,8727.883704269912,6604.805489023,26.00493049621582,142.45068359375,8.184897422790527,0.004142262745698872,False,2.583134824295666,1.3010164499282837,7.557921409606934
0.005,42,0,0,0.0389653779566288,128,40.0,0.3988522599735945,3378.795261548035,10478.669529253046,7450.582228036422,26.00493049621582,315.64617919921875,21.015024185180664,0.01153916050587543,False,3.1013034878153936,1.8385459184646606,19.268495559692383
0.005,42,0,0,0.0389653779566288,256,1.0,4.218511001510928e-06,12786.33805171743,12786.33805171743,12785.879910847207,7.92514705657959,7.92514705657959,1.0000940561294556,0.0,False,1.0,1.0,1.0
0.005,42,0,0,0.0389653779566288,256,5.0,0.27227258573277413,12786.33805171743,23391.554295672708,19614.033202106504,7.92514705657959,20.019939422607422,2.9920542240142822,0.0003128094356950837,False,1.8294177896016766,1.0598113536834717,2.9447438716888428
0.005,42,0,0,0.0389653779566288,256,15.0,0.34829607475891733,12786.33805171743,36672.04115267583,24161.782430075,7.92514705657959,37.8319206237793,7.971953392028809,0.001094833024932793,False,2.8680644140915805,1.2093397378921509,7.80660343170166
0.005,42,0,0,0.0389653779566288,256,40.0,0.37446470705265583,12786.33805171743,45494.06872077217,26439.230607581827,7.92514705657959,81.00634002685547,20.421703338623047,0.003049891998027066,False,3.558021736697437,1.583160638809204,19.961254119873047
0.005,42,0,0,0.0389653779566288,512,1.0,7.484687412531123e-06,3504710.9311761213,3504710.9311761213,3504584.7345032436,0.053557854145765305,0.053557854145765305,1.0002868175506592,0.0,False,1.0,1.0,1.0
0.005,42,0,0,0.0389653779566288,512,5.0,0.29561900783191,3504710.9311761213,50806207.34152582,9680549.39371775,0.053557854145765305,0.016623513773083687,2.924346446990967,1.1413206216516827e-06,False,14.49654717300069,1.031157374382019,2.914536476135254
0.005,42,0,0,0.0389653779566288,512,15.0,0.37825369588704105,3504710.9311761213,16008311.12133212,14609620.360067172,0.053557854145765305,0.15569286048412323,7.734495162963867,3.994622175780889e-06,False,4.567655203437849,1.109050989151001,7.700878143310547
0.005,42,0,0,0.0389653779566288,512,40.0,0.4066342973250278,3504710.9311761213,20010289.328143474,17466889.372385602,0.053557854145765305,0.33046451210975647,19.759868621826172,1.1127876061103906e-05,False,5.709540592960789,1.3037852048873901,19.666730880737305
0.005,42,1,1500,0.03353862091898918,64,1.0,1.1361055307348339e-06,576.0377925510023,576.0377925510023,576.0357110465405,37.30661392211914,37.30661392211914,1.0000128746032715,0.0,False,1.0,1.0,1.0
0.005,42,1,1500,0.03353862091898918,64,5.0,0.2300327602871167,576.0377925510023,881.0433170765157,854.8969933681504,37.30661392211914,112.15121459960938,3.017197847366333,0.00693195498048155,False,1.529488739228005,1.1086442470550537,3.1217987537384033
0.005,42,1,1500,0.03353862091898918,64,15.0,0.2916989932494505,576.0377925510023,981.386935117143,941.391591748062,37.30661392211914,298.5704040527344,8.060160636901855,0.024261842431685426,False,1.7036849800618787,1.3802546262741089,8.42629623413086
0.005,42,1,1500,0.03353862091898918,64,40.0,0.3128416574682689,576.0377925510023,1018.84322136373,972.9591646928825,37.30661392211914,764.200439453125,20.667570114135742,0.06758656105969511,False,1.7687089884358962,2.05928111076355,21.687538146972656
0.005,42,1,1500,0.03353862091898918,128,1.0,2.0798576536735676e-06,3603.397529603268,3603.397529603268,3603.3914193771616,23.66461944580078,23.66461944580078,1.0000277757644653,0.0,False,1.0,1.0,1.0
0.005,42,1,1500,0.03353862091898918,128,5.0,0.2911307140053158,3603.397529603268,8856.122412131233,6918.808950813131,23.66461944580078,46.450679779052734,2.9349799156188965,0.0011097555048097804,False,2.4577145150860686,1.0191518068313599,2.887815475463867
0.005,42,1,1500,0.03353862091898918,128,15.0,0.3729470807546135,3603.397529603268,20723.533793729,11651.988121315622,23.66461944580078,59.215087890625,7.7723612785339355,0.0038841442668342313,False,5.751109508034393,1.0670315027236938,7.607353687286377
0.005,42,1,1500,0.03353862091898918,128,40.0,0.4010471087444504,3603.397529603268,37398.64340280605,14855.073087004484,23.66461944580078,87.34677124023438,19.865812301635742,0.010820116171895358,False,10.37871705676715,1.1867306232452393,19.406200408935547
0.005,42,1,1500,0.03353862091898918,256,1.0,4.1580386942929995e-06,13395.680187463286,13395.680187463286,13395.26995634521,6.668379306793213,6.668379306793213,1.0000901222229004,0.0,False,1.0,1.0,1.0
0.005,42,1,1500,0.03353862091898918,256,5.0,0.27748585739273857,13395.680187463286,25246.777447608423,20819.43134117147,6.668379306793213,16.387723922729492,2.9601051807403564,0.0002985814354024238,False,1.8846954461660195,1.0312589406967163,2.918917179107666
0.005,42,1,1500,0.03353862091898918,256,15.0,0.3557319209277075,13395.680187463286,48574.4502279792,25927.031213262653,6.668379306793213,25.247066497802734,7.860143661499023,0.0010450350239084834,False,3.6261279418598638,1.1094059944152832,7.716209888458252
0.005,42,1,1500,0.03353862091898918,256,40.0,0.3827274702392666,13395.680187463286,79770.44294869759,28773.48204248653,6.668379306793213,40.84434509277344,20.11023712158203,0.0029111689951736323,False,5.954937848049921,1.3047740459442139,19.709442138671875
0.005,42,1,1500,0.03353862091898918,512,1.0,7.654165113187994e-06,5138806.089642284,5138806.089642284,5137772.441568888,0.035828616470098495,0.035828616470098495,1.0002834796905518,0.0,False,1.0,1.0,1.0
0.005,42,1,1500,0.03353862091898918,512,5.0,0.29494706092431605,5138806.089642284,14038499.929009454,12665613.013361685,0.035828616470098495,0.062004853039979935,2.862700939178467,7.783907685622895e-07,False,2.7318602189145227,1.0152866840362549,2.9023330211639404
0.005,42,1,1500,0.03353862091898918,512,15.0,0.3780810728854244,5138806.089642284,25859430.441994626,18416604.17012957,0.035828616470098495,0.10008503496646881,7.518742561340332,2.7243676899680135e-06,False,5.032186463333688,1.053503155708313,7.658165454864502
0.005,42,1,1500,0.03353862091898918,512,40.0,0.40671286499549625,5138806.089642284,38886532.77904568,21510809.48020322,0.035828616470098495,0.1769929975271225,19.15885353088379,7.589309993482323e-06,False,7.567231006716697,1.1490446329116821,19.547744750976562
0.005,42,2,3000,0.0297901201993227,64,1.0,1.055436371556523e-06,496.12139939575525,496.12139939575525,496.12097073343836,34.151702880859375,34.151702880859375,1.0000126361846924,0.0,False,1.0,1.0,1.0
0.005,42,2,3000,0.0297901201993227,64,5.0,0.2430089567855628,496.12139939575525,859.7878527232548,839.5861245855194,34.151702880859375,91.08625030517578,2.672133684158325,0.00804632430803009,False,1.7330190831728332,1.393865704536438,2.9271674156188965
0.005,42,2,3000,0.0297901201993227,64,15.0,0.312851816488899,496.12139939575525,996.352874512958,964.8952696990896,34.151702880859375,233.20123291015625,6.852436065673828,0.028162135078105312,False,2.0082844153194226,2.3785300254821777,7.745085716247559
0.005,42,2,3000,0.0297901201993227,64,40.0,0.33718778349253525,496.12139939575525,1049.4719175717662,1013.274067549459,34.151702880859375,588.390625,17.303192138671875,0.07845166200329337,False,2.1153530544136117,4.840190887451172,19.78988265991211
0.005,42,2,3000,0.0297901201993227,128,1.0,2.0834299288998903e-06,3736.4893467376614,3736.4893467376614,3736.4952323236494,21.074045181274414,21.074045181274414,1.0000298023223877,0.0,False,1.0,1.0,1.0
0.005,42,2,3000,0.0297901201993227,128,5.0,0.2529758230405857,3736.4893467376614,7148.858458110501,6946.019791005551,21.074045181274414,53.15847396850586,2.5919814109802246,0.0010702371642855586,False,1.9132554102829673,1.1892167329788208,3.0332565307617188
0.005,42,2,3000,0.0297901201993227,128,15.0,0.32273327326503615,3736.4893467376614,9014.20359305996,8166.9929053791275,21.074045181274414,125.75147247314453,6.5718607902526855,0.0037458300749994553,False,2.4124794042114113,1.6622586250305176,8.116397857666016
0.005,42,2,3000,0.0297901201993227,128,40.0,0.34678967566515523,3736.4893467376614,10097.012351011905,8645.873072163691,21.074045181274414,298.8426818847656,16.52155876159668,0.010434812351784197,False,2.702272484686095,2.8448636531829834,20.824251174926758
0.005,42,2,3000,0.0297901201993227,256,1.0,4.044828613504979e-06,14808.280652876492,14808.280652876492,14807.667635908372,5.630226135253906,5.630226135253906,1.0000934600830078,0.0,False,1.0,1.0,1.0
0.005,42,2,3000,0.0297901201993227,256,5.0,0.27796202595896324,14808.280652876492,25442.05542574602,22400.089962932652,5.630226135253906,14.688950538635254,2.955648183822632,0.00027010089779229467,False,1.7180965178968248,1.0126184225082397,2.93966007232666
0.005,42,2,3000,0.0297901201993227,256,15.0,0.3561921569929002,14808.280652876492,33545.31571767552,24819.968137109892,5.630226135253906,32.79571533203125,7.844533920288086,0.0009453531422730313,False,2.2653079384445203,1.0441646575927734,7.788809776306152
0.005,42,2,3000,0.0297901201993227,256,40.0,0.38320901458287826,14808.280652876492,41210.73144036302,25711.028789769483,5.630226135253906,70.76545715332031,20.066749572753906,0.002633483753474873,False,2.7829518096253723,1.1230297088623047,19.911685943603516
0.005,42,2,3000,0.0297901201993227,512,1.0,7.779253874529947e-06,5405683.459915365,5405683.459915365,5405215.934035089,0.03158937394618988,0.03158937394618988,1.0002995729446411,0.0,False,1.0,1.0,1.0
0.005,42,2,3000,0.0297901201993227,512,5.0,0.2687859435556892,5405683.459915365,13463542.924149282,11244222.950177489,0.03158937394618988,0.0604376345872879,2.9726738929748535,7.399617994096953e-07,False,2.490627322888062,1.0542253255844116,2.9679274559020996
0.005,42,2,3000,0.0297901201993227,512,15.0,0.3444535704222397,5405683.459915365,24663583.717357267,13900101.61601175,0.03158937394618988,0.09820921719074249,7.9036102294921875,2.5898662979339334e-06,False,4.562528290870997,1.1897886991500854,7.887746810913086
0.005,42,2,3000,0.0297901201993227,512,40.0,0.37065518836790634,5405683.459915365,42336865.07638055,15021645.378533293,0.03158937394618988,0.15219637751579285,20.230953216552734,7.2146275442445286e-06,False,7.831917164650888,1.5286972522735596,20.187294006347656
0.005,42,3,6000,0.016801830381155014,64,1.0,1.1215407210079195e-06,384.807090445001,384.807090445001,384.8057100700445,31.37324333190918,31.37324333190918,1.0000133514404297,0.0,False,1.0,1.0,1.0
0.005,42,3,6000,0.016801830381155014,64,5.0,0.2159516609716466,384.807090445001,483.62838422188537,448.76666039001276,31.37324333190918,98.34487915039062,3.3151798248291016,0.01036787580908968,False,1.2568073620021005,1.0859977006912231,3.0833024978637695
0.005,42,3,6000,0.016801830381155014,64,15.0,0.2755666297037921,384.807090445001,852.6663114676553,466.3327351142559,31.37324333190918,160.32083129882812,9.103096008300781,0.03628756533181388,False,2.215827963257147,1.3009920120239258,8.291558265686035
0.005,42,3,6000,0.016801830381155014,64,40.0,0.29622088434180727,384.807090445001,1528.9997653932155,472.5087070430056,31.37324333190918,235.18408203125,23.57288360595703,0.10108678913862437,False,3.9734188983499243,1.8384779691696167,21.312198638916016
0.005,42,3,6000,0.016801830381155014,128,1.0,2.1606895071479157e-06,3935.6783627381446,3935.6783627381446,3935.6711053259546,18.787769317626953,18.787769317626953,1.0000299215316772,0.0,False,1.0,1.0,1.0
0.005,42,3,6000,0.016801830381155014,128,5.0,0.24389762628151682,3935.6783627381446,6704.272710877774,5591.0840506724735,18.787769317626953,51.844242095947266,3.305436372756958,0.001016085042116017,False,1.7034605201359627,1.1142009496688843,3.013970375061035
0.005,42,3,6000,0.016801830381155014,128,15.0,0.3119765631877207,3935.6783627381446,10850.720259151396,6964.202705756206,18.787769317626953,95.09798431396484,9.068951606750488,0.003556297647406059,False,2.7570139780432394,1.3997033834457397,8.048896789550781
0.005,42,3,6000,0.016801830381155014,128,40.0,0.3355500717851587,3935.6783627381446,17372.155684937334,7710.865430928895,18.787769317626953,157.877197265625,23.477741241455078,0.009906829160631164,False,4.4140181396457185,2.113459348678589,20.636211395263672
0.005,42,3,6000,0.016801830381155014,256,1.0,4.122674328135255e-06,18158.83997494834,18158.83997494834,18158.177398391384,5.0432891845703125,5.0432891845703125,1.0000948905944824,0.0,False,1.0,1.0,1.0
0.005,42,3,6000,0.016801830381155014,256,5.0,0.26448952677086845,18158.83997494834,32133.136606210566,28311.94365888883,5.0432891845703125,13.243350982666016,2.9510202407836914,0.00022026625815635135,False,1.769558884297728,1.1216062307357788,2.9322032928466797
0.005,42,3,6000,0.016801830381155014,256,15.0,0.3398608083842803,18158.83997494834,55911.70936936587,31554.88703350693,5.0432891845703125,22.586612701416016,7.828334808349609,0.0007709319035472297,False,3.079035304375214,1.4256218671798706,7.762712001800537
0.005,42,3,6000,0.016801830381155014,256,40.0,0.366027637758036,18158.83997494834,77674.05291518892,32749.849433130563,5.0432891845703125,43.212223052978516,20.021617889404297,0.0021475960170244256,False,4.277478793928845,2.1856606006622314,19.838985443115234
0.005,42,3,6000,0.016801830381155014,512,1.0,7.896099439932412e-06,6357590.240986653,6357590.240986653,6357082.437201148,0.02677384577691555,0.02677384577691555,1.0001657009124756,0.0,False,1.0,1.0,1.0
0.005,42,3,6000,0.016801830381155014,512,5.0,0.2817102207199307,6357590.240986653,18411589.02940697,16371533.171808952,0.02677384577691555,0.042573779821395874,1.7862552404403687,6.29169106408173e-07,False,2.8960012098152492,1.0447115898132324,2.914069175720215
0.005,42,3,6000,0.016801830381155014,512,15.0,0.3619069255554002,6357590.240986653,32786120.484265808,23046302.016930453,0.02677384577691555,0.07071643322706223,3.751478910446167,2.2020918724286057e-06,False,5.157004343076007,1.156490445137024,7.69924259185791
0.005,42,3,6000,0.016801830381155014,512,40.0,0.3896887572124032,6357590.240986653,46352240.82810424,26486421.187713325,0.02677384577691555,0.13279308378696442,8.664538383483887,6.134398787479687e-06,False,7.290850632253189,1.4359378814697266,19.66217613220215
0.005,42,4,9000,0.013579263351857662,64,1.0,1.269474696744036e-06,356.39747047230026,356.39747047230026,356.3970900977024,29.227243423461914,29.227243423461914,1.000011920928955,0.0,False,1.0,1.0,1.0
0.005,42,4,9000,0.013579263351857662,64,5.0,0.24127888384886692,356.39747047230026,471.2934160471012,440.9306509164814,29.227243423461914,97.3337631225586,3.479525566101074,0.011192021014345752,False,1.322381484421144,1.0678192377090454,3.0191640853881836
0.005,42,4,9000,0.013579263351857662,64,15.0,0.3076872640167995,356.39747047230026,753.5753558198479,462.76658681349153,29.227243423461914,179.064208984375,9.67831039428711,0.039172073550210136,False,2.1144239739446102,1.2373672723770142,8.067073822021484
0.005,42,4,9000,0.013579263351857662,64,40.0,0.3305416791175114,356.39747047230026,1060.5722989940482,470.3115364803022,29.227243423461914,337.2232971191406,25.17527198791504,0.10912220488987108,False,2.9758132053759274,1.6612372398376465,20.68684959411621
0.005,42,4,9000,0.013579263351857662,128,1.0,2.118835420717016e-06,4073.0010345644396,4073.0010345644396,4072.98399788274,17.569744110107422,17.569744110107422,1.0000325441360474,0.0,False,1.0,1.0,1.0
0.005,42,4,9000,0.013579263351857662,128,5.0,0.26037089258414636,4073.0010345644396,9615.233093687055,7460.132465660914,17.569744110107422,33.53451919555664,3.1687302589416504,0.0009818357840519422,False,2.360724441778909,1.080068826675415,2.986384868621826
0.005,42,4,9000,0.013579263351857662,128,15.0,0.3321228439843643,4073.0010345644396,23317.759293346513,12037.754852371198,17.569744110107422,40.733089447021484,8.590473175048828,0.0034364252441817975,False,5.724957861652023,1.280240535736084,7.9523468017578125
0.005,42,4,9000,0.013579263351857662,128,40.0,0.3567609084816905,4073.0010345644396,44070.29772547038,14981.742396726078,17.569744110107422,57.1412239074707,22.144834518432617,0.009572898894506436,False,10.820104721673165,1.780669927597046,20.367252349853516
0.005,42,4,9000,0.013579263351857662,256,1.0,4.136814096745706e-06,22118.539306516795,22118.539306516795,22117.630499766867,4.208906650543213,4.208906650543213,1.000095009803772,0.0,False,1.0,1.0,1.0
0.005,42,4,9000,0.013579263351857662,256,5.0,0.28454634701237813,22118.539306516795,41047.35994026445,35948.27541968841,4.208906650543213,10.963441848754883,2.972705364227295,0.00018083559266632337,False,1.855789813759114,1.0610443353652954,2.9526658058166504
0.005,42,4,9000,0.013579263351857662,256,15.0,0.3627798224578609,22118.539306516795,70562.29179679418,40323.14218274839,4.208906650543213,19.025482177734375,7.90423059463501,0.0006329245743321318,False,3.1901876891122,1.2136551141738892,7.834329605102539
0.005,42,4,9000,0.013579263351857662,256,40.0,0.389534849616478,22118.539306516795,129786.68860418999,41930.068615374774,4.208906650543213,27.534767150878906,20.233043670654297,0.0017631470284966528,False,5.867778464283619,1.595182180404663,20.038490295410156
0.005,42,4,9000,0.013579263351857662,512,1.0,7.98248435300196e-06,171377619.83652234,171377619.83652234,171342619.9126222,0.0009814206277951598,0.0009814206277951598,1.000298261642456,0.0,False,1.0,1.0,1.0
0.005,42,4,9000,0.013579263351857662,512,5.0,0.2887696062734876,171377619.83652234,25795540.772271402,276173180.74763566,0.0009814206277951598,0.031216638162732124,2.969217300415039,2.3340270336788098e-08,False,0.15051872465540045,1.0167758464813232,2.96500825881958
0.005,42,4,9000,0.013579263351857662,512,15.0,0.36814035655898025,171377619.83652234,57322827.166535564,309392880.1873262,0.0009814206277951598,0.04183705896139145,7.891515731811523,8.169094617875834e-08,False,0.3344825725857086,1.0587158203125,7.877528667449951
0.005,42,4,9000,0.013579263351857662,512,40.0,0.3953104268699886,171377619.83652234,108498375.83166496,321601964.2435499,0.0009814206277951598,0.0588088296353817,20.197261810302734,2.2756763578368395e-07,False,0.6330953594475283,1.1635653972625732,20.158828735351562
0.005,42,5,12000,0.002776309847831726,64,1.0,1.1180712428929642e-06,296.2882433622941,296.2882433622941,296.28742190676,27.244857788085938,27.244857788085938,1.0000150203704834,0.0,False,1.0,1.0,1.0
0.005,42,5,12000,0.002776309847831726,64,5.0,0.2305358544447516,296.2882433622941,574.9316697640656,533.9257964453234,27.244857788085938,56.829246520996094,2.1505472660064697,0.013454955213702645,False,1.9404471241913337,1.0763218402862549,2.9922118186950684
0.005,42,5,12000,0.002776309847831726,64,15.0,0.2961414533393877,296.2882433622941,739.1827374158165,652.1114177948938,27.244857788085938,128.48133850097656,5.0268778800964355,0.04709234324795926,False,2.494809544339435,1.267126441001892,7.972742080688477
0.005,42,5,12000,0.002776309847831726,64,40.0,0.31902526555075966,296.2882433622941,817.6076357637554,704.118888064785,27.244857788085938,306.790283203125,12.217702865600586,0.1311858133336008,False,2.7595007702145122,1.7441381216049194,20.4240665435791
0.005,42,5,12000,0.002776309847831726,128,1.0,2.1752062263541897e-06,4187.004986094849,4187.004986094849,4186.9929859543845,16.216745376586914,16.216745376586914,1.0000312328338623,0.0,False,1.0,1.0,1.0
0.005,42,5,12000,0.002776309847831726,128,5.0,0.23267804150603294,4187.004986094849,9915.77102948485,9661.056560784351,16.216745376586914,32.437965393066406,2.052058696746826,0.0009551087005103696,False,2.3682252737733482,1.2440789937973022,2.947122097015381
0.005,42,5,12000,0.002776309847831726,128,15.0,0.30030946664131947,4187.004986094849,13233.069473302734,12583.999919615344,16.216745376586914,72.25133514404297,4.682126998901367,0.0033428804517862936,False,3.1605096046577676,1.8542766571044922,7.814927101135254
0.005,42,5,12000,0.002776309847831726,128,40.0,0.32404769407733175,4187.004986094849,14815.291142635271,13916.03452446118,16.216745376586914,171.5989227294922,11.257298469543457,0.009312309829976103,False,3.538398256471447,3.3797707557678223,19.984439849853516
0.005,42,5,12000,0.002776309847831726,256,1.0,4.079810866220213e-06,25436.036625641613,25436.036625641613,25435.039202401822,3.709096670150757,3.709096670150757,1.0000920295715332,0.0,False,1.0,1.0,1.0
0.005,42,5,12000,0.002776309847831726,256,5.0,0.2603768224858008,25436.036625641613,45116.1301546393,40581.395432457255,3.709096670150757,9.785998344421387,2.9226646423339844,0.00015725102176280354,False,1.7737091205930462,1.0618681907653809,2.9174437522888184
0.005,42,5,12000,0.002776309847831726,256,15.0,0.33573526115311786,25436.036625641613,57748.21473029604,45480.978147230766,3.709096670150757,22.6915283203125,7.729095458984375,0.0005503785761698124,False,2.2703306957846214,1.2165385484695435,7.711053848266602
0.005,42,5,12000,0.002776309847831726,256,40.0,0.362058452272474,25436.036625641613,67006.72992055515,47294.06488961107,3.709096670150757,51.976402282714844,19.74517059326172,0.0015331974621873344,False,2.6343227487338523,1.6032146215438843,19.695077896118164
0.005,42,5,12000,0.002776309847831726,512,1.0,8.068967596896176e-06,9077143.463749165,9077143.463749165,9075798.624663336,0.017891258001327515,0.017891258001327515,1.0002286434173584,0.0,False,1.0,1.0,1.0
0.005,42,5,12000,0.002776309847831726,512,5.0,0.26924123622570195,9077143.463749165,15388392.671764432,14124066.779563433,0.017891258001327515,0.04959927126765251,3.016279935836792,4.4066721819560707e-07,False,1.6952902345567324,1.033132791519165,2.914478302001953
0.005,42,5,12000,0.002776309847831726,512,15.0,0.34686559645580134,9077143.463749165,19937043.292364705,15778521.818862945,0.017891258001327515,0.11366483569145203,8.056411743164062,1.5423352636846247e-06,False,2.1964005936433706,1.1159647703170776,7.700675010681152
0.005,42,5,12000,0.002776309847831726,512,40.0,0.37392205586205407,9077143.463749165,23475019.3750489,16660107.81678932,0.017891258001327515,0.2565920352935791,20.65674591064453,4.296505377407169e-06,False,2.586168156182576,1.323044776916504,19.66616439819336
0.005,123,0,0,0.0395377054810524,64,1.0,1.2226605926554722e-06,530.7465966905851,530.7465966905851,530.7468858993828,62.0605354309082,62.0605354309082,1.0000114440917969,0.0,False,1.0,1.0,1.0
0.005,123,0,0,0.0395377054810524,64,5.0,0.24743447316186779,530.7465966905851,774.1224890448137,762.59675875483,62.0605354309082,184.23751831054688,3.4794461727142334,0.007522380067676365,False,1.4585538444745074,1.0901212692260742,2.871852159500122
0.005,123,0,0,0.0395377054810524,64,15.0,0.3207880038161071,530.7465966905851,910.7566056882126,894.8186193629047,62.0605354309082,457.9654541015625,9.678035736083984,0.026328330236867276,False,1.715991419195413,1.3154242038726807,7.551483154296875
0.005,123,0,0,0.0395377054810524,64,40.0,0.3466034798887853,530.7465966905851,966.1986385586912,948.0407950618503,62.0605354309082,1141.906494140625,25.17450523376465,0.07334320565984456,False,1.8204518777573362,1.8786817789077759,19.250558853149414
0.005,123,0,0,0.0395377054810524,128,1.0,2.16678133699834e-06,2351.7622226722015,2351.7622226722015,2351.7365050507374,47.73773956298828,47.73773956298828,1.0000356435775757,0.0,False,1.0,1.0,1.0
0.005,123,0,0,0.0395377054810524,128,5.0,0.2559323626228563,2351.7622226722015,3587.3986747870836,3532.3113208149985,47.73773956298828,152.94334411621094,3.451615333557129,0.0017001293039535937,False,1.5254087510219823,1.1733043193817139,2.969038724899292
0.005,123,0,0,0.0395377054810524,128,15.0,0.3283908345813557,2351.7622226722015,4304.521869333044,4231.310681138282,47.73773956298828,380.96783447265625,9.580567359924316,0.005950452563837578,False,1.830338895588692,1.606564998626709,7.891634941101074
0.005,123,0,0,0.0395377054810524,128,40.0,0.35355146418845806,2351.7622226722015,4601.890228783865,4511.782033979943,47.73773956298828,949.1609497070312,24.902935028076172,0.01657626071354754,False,1.956783804255068,2.6897168159484863,20.1981258392334
0.005,123,0,0,0.0395377054810524,256,1.0,4.705649833694259e-06,5690.580079056956,5690.580079056956,5690.250453661253,24.29948616027832,24.29948616027832,1.000110387802124,0.0,False,1.0,1.0,1.0
0.005,123,0,0,0.0395377054810524,256,5.0,0.2629738655798369,5690.580079056956,10015.884818916249,9140.277373845889,24.29948616027832,66.09624481201172,2.976341724395752,0.0007027925364203546,False,1.7600815171335018,1.0125333070755005,2.922351837158203
0.005,123,0,0,0.0395377054810524,256,15.0,0.3386744905591687,5690.580079056956,13236.742824026322,10229.844005720663,24.29948616027832,148.97042846679688,7.916922569274902,0.002459773877471241,False,2.3260797036740617,1.0438662767410278,7.728231430053711
0.005,123,0,0,0.0395377054810524,256,40.0,0.3650600144337833,5690.580079056956,16171.527344211865,10629.845769388037,24.29948616027832,324.4370422363281,20.268369674682617,0.0068522272300984574,False,2.8418064801034864,1.1221991777420044,19.742931365966797
0.005,123,0,0,0.0395377054810524,512,1.0,7.082994468738939e-06,17196675.615188204,17196675.615188204,17193644.610131413,0.012635230086743832,0.012635230086743832,1.00027334690094,0.0,False,1.0,1.0,1.0
0.005,123,0,0,0.0395377054810524,512,5.0,0.2710238827372725,17196675.615188204,23374632.9927901,27792401.68068175,0.012635230086743832,0.044111449271440506,2.9080047607421875,2.326030831135812e-07,False,1.359253004234463,1.0258586406707764,2.904641628265381
0.005,123,0,0,0.0395377054810524,512,15.0,0.34943979282960463,17196675.615188204,38007210.822769955,31244659.098979514,0.012635230086743832,0.08076838403940201,7.677333831787109,8.141107908975343e-07,False,2.210148733002893,1.0905051231384277,7.66624641418457
0.005,123,0,0,0.0395377054810524,512,40.0,0.3767940639395192,17196675.615188204,33329853.331132874,32525122.741366733,0.012635230086743832,0.2450321763753891,19.600656509399414,2.2678800603574166e-06,False,1.938156773841553,1.2521213293075562,19.57025718688965
0.005,123,1,1500,0.03351891040802002,64,1.0,1.1291820088803877e-06,484.36730957609313,484.36730957609313,484.364858354036,60.98026657104492,60.98026657104492,1.0000144243240356,0.0,False,1.0,1.0,1.0
0.005,123,1,1500,0.03351891040802002,64,5.0,0.2215920459159347,484.36730957609313,775.9783731458009,773.0619622838273,60.98026657104492,179.63258361816406,3.802042245864868,0.008241181309663177,False,1.6020453028197112,1.1430033445358276,3.036118507385254
0.005,123,1,1500,0.03351891040802002,64,15.0,0.28371250540656234,484.36730957609313,931.7707534090703,927.0303256346114,60.98026657104492,444.5390319824219,10.807112693786621,0.02884413458382112,False,1.9236862913488817,1.500511884689331,8.126415252685547
0.005,123,1,1500,0.03351891040802002,64,40.0,0.3053071364707599,484.36730957609313,995.0224287298092,989.4685159178092,60.98026657104492,1106.78271484375,28.31978988647461,0.08035151776921598,False,2.0542724685541423,2.3942830562591553,20.852157592773438
0.005,123,1,1500,0.03351891040802002,128,1.0,2.2908413256732574e-06,2508.485660175441,2508.485660175441,2508.456597699417,45.25605773925781,45.25605773925781,1.0000364780426025,0.0,False,1.0,1.0,1.0
0.005,123,1,1500,0.03351891040802002,128,5.0,0.26078356052458307,2508.485660175441,3735.3887352969236,3685.4791472253773,45.25605773925781,147.46298217773438,3.758930206298828,0.00159395212472358,False,1.4891010917860596,1.2529417276382446,2.8857994079589844
0.005,123,1,1500,0.03351891040802002,128,15.0,0.3371166737473854,2508.485660175441,4507.89641823862,4418.442785777737,45.25605773925781,364.7528076171875,10.656161308288574,0.00557883243653253,False,1.7970588749243008,1.8852962255477905,7.600297451019287
0.005,123,1,1500,0.03351891040802002,128,40.0,0.3638480404143152,2508.485660175441,4830.909162962471,4713.377855888447,45.25605773925781,906.2242431640625,27.899242401123047,0.015541033216054906,False,1.9258269001324895,3.466181755065918,19.38654327392578
0.005,123,1,1500,0.03351891040802002,256,1.0,4.463478704264295e-06,6796.020914342014,6796.020914342014,6795.720692237608,19.002769470214844,19.002769470214844,1.0000941753387451,0.0,False,1.0,1.0,1.0
0.005,123,1,1500,0.03351891040802002,256,5.0,0.24666010359012394,6796.020914342014,11940.081040322795,10855.7367202775,19.002769470214844,50.05970001220703,2.894526958465576,0.0005884931134403049,False,1.7569223507133402,1.0678939819335938,2.9048871994018555
0.005,123,1,1500,0.03351891040802002,256,15.0,0.3191857644034552,6796.020914342014,15170.207997634865,12186.04070295188,19.002769470214844,116.64405822753906,7.630609512329102,0.002059725897041067,False,2.2322191454149802,1.2376288175582886,7.667104721069336
0.005,123,1,1500,0.03351891040802002,256,40.0,0.34468660891845176,6796.020914342014,17486.06968860956,12680.446593325381,19.002769470214844,268.73345947265625,19.470813751220703,0.005737807856042973,False,2.572986444421875,1.6619662046432495,19.572649002075195
0.005,123,1,1500,0.03351891040802002,512,1.0,6.936976090032754e-06,32758284.427968692,32758284.427968692,32752724.478625003,0.006869898643344641,0.006869898643344641,1.0002593994140625,0.0,False,1.0,1.0,1.0
0.005,123,1,1500,0.03351891040802002,512,5.0,0.2615436534263759,32758284.427968692,51890931.60019102,53352184.94588143,0.006869898643344641,0.020605796948075294,2.8976902961730957,1.2210651283308133e-07,False,1.5840552246956823,1.0581021308898926,2.896141529083252
0.005,123,1,1500,0.03351891040802002,512,15.0,0.33813192216519156,32758284.427968692,68068683.56241933,60093449.09180387,0.006869898643344641,0.04676113277673721,7.641271114349365,4.273727949157846e-07,False,2.077907459167885,1.2033573389053345,7.6364946365356445
0.005,123,1,1500,0.03351891040802002,512,40.0,0.3649847383032461,32758284.427968692,77810897.36860208,62597818.45860974,0.006869898643344641,0.1088227778673172,19.500215530395508,1.190538500122543e-06,False,2.3753044070332305,1.5664955377578735,19.48737907409668
0.005,123,2,3000,0.027330713346600533,64,1.0,1.1488866687518602e-06,386.39024648719936,386.39024648719936,386.3901482104899,58.673709869384766,58.673709869384766,1.0000132322311401,0.0,False,1.0,1.0,1.0
0.005,123,2,3000,0.027330713346600533,64,5.0,0.2799299950566041,386.39024648719936,610.4183616284421,605.5809563165542,58.673709869384766,176.59933471679688,3.718216896057129,0.010325505188298986,False,1.5797975419357912,1.0664010047912598,2.794221878051758
0.005,123,2,3000,0.027330713346600533,64,15.0,0.3623064817107938,386.39024648719936,726.4243968734451,718.090983835632,58.673709869384766,441.6669616699219,10.513727188110352,0.03613926815904645,False,1.8800277788521005,1.2324038743972778,7.279776573181152
0.005,123,2,3000,0.027330713346600533,64,40.0,0.3909672259738048,386.39024648719936,773.3849690204461,762.9414516283555,58.673709869384766,1103.53466796875,27.50249671936035,0.10067367558591511,False,2.0015644184902253,1.6474106311798096,18.493661880493164
0.005,123,2,3000,0.027330713346600533,128,1.0,2.0995657512075605e-06,2497.38982894502,2497.38982894502,2497.3629681690327,42.59513473510742,42.59513473510742,1.000035285949707,0.0,False,1.0,1.0,1.0
0.005,123,2,3000,0.027330713346600533,128,5.0,0.25761649043378443,2497.38982894502,3634.0110300608385,3593.99837003554,42.59513473510742,143.7306365966797,3.672595977783203,0.0016010311736215546,False,1.4551236606885538,1.152034044265747,2.9250288009643555
0.005,123,2,3000,0.027330713346600533,128,15.0,0.3315302394455013,2497.38982894502,4338.993274795932,4280.665851222005,42.59513473510742,360.0511169433594,10.353996276855469,0.0056036091076754405,False,1.7374112861782842,1.5321192741394043,7.737600326538086
0.005,123,2,3000,0.027330713346600533,128,40.0,0.3572582025943793,2497.38982894502,4630.934751653605,4553.659264504729,42.59513473510742,898.76708984375,27.0574951171875,0.015610053942810157,False,1.8543099271009147,2.482332229614258,19.769027709960938
0.005,123,2,3000,0.027330713346600533,256,1.0,4.305797443678878e-06,8297.299130231835,8297.299130231835,8296.97496140587,15.07810115814209,15.07810115814209,1.0000920295715332,0.0,False,1.0,1.0,1.0
0.005,123,2,3000,0.027330713346600533,256,5.0,0.2729882935504715,8297.299130231835,14636.811237653528,12932.159455243464,15.07810115814209,38.655704498291016,2.8985755443573,0.0004820264896727396,False,1.76404526435876,1.0682322978973389,2.8728649616241455
0.005,123,2,3000,0.027330713346600533,256,15.0,0.3522936309522065,8297.299130231835,19230.26080097081,14448.09719551543,15.07810115814209,86.73594665527344,7.644783973693848,0.0016870927138545888,False,2.317653069889201,1.2388129234313965,7.555027484893799
0.005,123,2,3000,0.027330713346600533,256,40.0,0.379929078992706,8297.299130231835,22680.93010400028,15011.149118078732,15.07810115814209,195.0302734375,19.510305404663086,0.004699758274309212,False,2.7335316888070964,1.6652648448944092,19.260433197021484
0.005,123,2,3000,0.027330713346600533,512,1.0,6.963751803215304e-06,57629781.08247413,57629781.08247413,57619646.39625053,0.003823253558948636,0.003823253558948636,1.0002679824829102,0.0,False,1.0,1.0,1.0
0.005,123,2,3000,0.027330713346600533,512,5.0,0.2727596591747898,57629781.08247413,98641234.34209125,96576967.91837859,0.003823253558948636,0.010855257511138916,2.8981542587280273,6.940855674719696e-08,False,1.7116364575622025,1.0276554822921753,2.895399332046509
0.005,123,2,3000,0.027330713346600533,512,15.0,0.351704175796197,57629781.08247413,116893597.47623147,109323434.81802638,0.003823253558948636,0.027352137491106987,7.6428656578063965,2.429299486151894e-07,False,2.0283540086495337,1.0967940092086792,7.63389778137207
0.005,123,2,3000,0.027330713346600533,512,40.0,0.37922334580237665,57629781.08247413,149175415.8952999,114058329.26235086,0.003823253558948636,0.057071253657341,19.504650115966797,6.767334282851703e-07,False,2.5885126247801393,1.2696406841278076,19.480144500732422
0.005,123,3,6000,0.015005710534751415,64,1.0,1.2295363187811375e-06,255.93891346648033,255.93891346648033,255.93818321940986,54.753910064697266,54.753910064697266,1.0000163316726685,0.0,False,1.0,1.0,1.0
0.005,123,3,6000,0.015005710534751415,64,5.0,0.27610078232068896,255.93891346648033,775.5721454987503,734.3473158255102,54.753910064697266,80.37140655517578,3.101505756378174,0.015567902681747079,False,3.030301781758267,1.0920591354370117,2.8457860946655273
0.005,123,3,6000,0.015005710534751415,64,15.0,0.35466494111149754,255.93891346648033,1565.8033674001165,1406.3588345297126,54.753910064697266,117.1914291381836,8.355232238769531,0.05448765938611477,False,6.1178792477963135,1.3222070932388306,7.4602508544921875
0.005,123,3,6000,0.015005710534751415,64,40.0,0.3816977865995384,255.93891346648033,2326.279958444981,1995.1299846080497,54.753910064697266,209.11012268066406,21.489545822143555,0.151787051147034,False,9.089199945945882,1.8975768089294434,18.996414184570312
0.005,123,3,6000,0.015005710534751415,128,1.0,2.20804967589075e-06,2311.6214548178873,2311.6214548178873,2311.598439480158,39.298240661621094,39.298240661621094,1.00003981590271,0.0,False,1.0,1.0,1.0
0.005,123,3,6000,0.015005710534751415,128,5.0,0.23601969598460865,2311.6214548178873,6701.778088081232,6394.10905236693,39.298240661621094,66.46107482910156,3.083411931991577,0.001729638887361697,False,2.89916762717069,1.223379373550415,3.0339155197143555
0.005,123,3,6000,0.015005710534751415,128,15.0,0.3011232290918969,2311.6214548178873,13676.210547789926,12067.833725153972,39.298240661621094,97.38492584228516,8.291842460632324,0.00605373610576594,False,5.916284657804129,1.7818279266357422,8.118703842163086
0.005,123,3,6000,0.015005710534751415,128,40.0,0.3235793770817827,2311.6214548178873,20380.002012749457,16726.213890571515,39.298240661621094,174.0916290283203,21.31292724609375,0.016863979151776547,False,8.816323265331096,3.1779491901397705,20.830677032470703
0.005,123,3,6000,0.015005710534751415,256,1.0,4.406099507844188e-06,12248.68399898364,12248.68399898364,12248.110585123564,10.565533638000488,10.565533638000488,1.0001024007797241,0.0,False,1.0,1.0,1.0
0.005,123,3,6000,0.015005710534751415,256,5.0,0.28339935801516225,12248.68399898364,22535.681697727443,19768.124770314298,10.565533638000488,27.52128028869629,2.9618208408355713,0.0003265390356462976,False,1.8398451376162033,1.0321639776229858,2.921326160430908
0.005,123,3,6000,0.015005710534751415,256,15.0,0.36282579706424173,12248.68399898364,30601.362112919465,22158.378323378336,10.565533638000488,60.39432144165039,7.866117477416992,0.0011428866247620414,False,2.498338769737114,1.1125738620758057,7.724641799926758
0.005,123,3,6000,0.015005710534751415,256,40.0,0.3901555112914942,12248.68399898364,42639.3332806815,23037.72672582968,10.565533638000488,115.34257507324219,20.126859664916992,0.003183755597551401,False,3.481135874206534,1.3135985136032104,19.732929229736328
0.005,123,3,6000,0.015005710534751415,512,1.0,6.762055411715103e-06,49230741.85946733,49230741.85946733,49222891.64032087,0.004381241742521524,0.004381241742521524,1.0002679824829102,0.0,False,1.0,1.0,1.0
0.005,123,3,6000,0.015005710534751415,512,5.0,0.29809695927774543,49230741.85946733,76237325.41550553,81399471.62567872,0.004381241742521524,0.01369155291467905,2.9254937171936035,8.125004352297274e-08,False,1.5485715334765913,1.0319956541061401,2.9141645431518555
0.005,123,3,6000,0.015005710534751415,512,15.0,0.38124048330163446,49230741.85946733,89134762.7556447,91797172.87838802,0.004381241742521524,0.034940969198942184,7.738556861877441,2.8437515233040463e-07,False,1.8105508751033297,1.1119848489761353,7.699575424194336
0.005,123,3,6000,0.015005710534751415,512,40.0,0.4097653092347201,49230741.85946733,111683278.4875988,95643440.82406887,0.004381241742521524,0.07423791289329529,19.77121353149414,7.921879243489843e-07,False,2.2685678555567312,1.3119579553604126,19.663103103637695
0.005,123,4,9000,0.010868432000279427,64,1.0,1.1510258888671643e-06,218.8749888663351,218.8749888663351,218.87496304690941,52.079345703125,52.079345703125,1.0000114440917969,0.0,False,1.0,1.0,1.0
0.005,123,4,9000,0.010868432000279427,64,5.0,0.2774013353268464,218.8749888663351,532.8518836800564,513.3014798555548,52.079345703125,78.5523681640625,1.55171799659729,0.01819215555449853,False,2.434503304557398,1.08649480342865,2.8807735443115234
0.005,123,4,9000,0.010868432000279427,64,15.0,0.35566373761210507,218.8749888663351,822.5554202063136,764.4373736087339,52.079345703125,143.72640991210938,2.930983543395996,0.06367254444074485,False,3.758106051617622,1.3027318716049194,7.582708358764648
0.005,123,4,9000,0.010868432000279427,64,40.0,0.3825747238176186,218.8749888663351,1008.7139527404769,917.1581927178393,52.079345703125,306.50909423828125,6.379148960113525,0.17737351665636064,False,4.60863051536916,1.8433245420455933,19.337543487548828
0.005,123,4,9000,0.010868432000279427,128,1.0,2.2129823776195544e-06,2438.663142157933,2438.663142157933,2438.640037987485,36.40684509277344,36.40684509277344,1.000037670135498,0.0,False,1.0,1.0,1.0
0.005,123,4,9000,0.010868432000279427,128,5.0,0.2701727580199518,2438.663142157933,7786.151724643026,7711.087825616275,36.40684509277344,55.002620697021484,1.5251864194869995,0.001639570615663733,False,3.192795097461959,1.1397114992141724,2.8844995498657227
0.005,123,4,9000,0.010868432000279427,128,15.0,0.3474440193224231,2438.663142157933,12654.08356924683,12355.68315538258,36.40684509277344,100.91633605957031,2.83805775642395,0.005738497154823065,False,5.188942806610608,1.4889904260635376,7.5957489013671875
0.005,123,4,9000,0.010868432000279427,128,40.0,0.3741975921774485,2438.663142157933,15772.601488760654,15249.299853992125,36.40684509277344,215.4920196533203,6.120237827301025,0.015985813502721397,False,6.46772455616963,2.3621878623962402,19.373870849609375
0.005,123,4,9000,0.010868432000279427,256,1.0,4.4106613124416635e-06,12723.43423855666,12723.43423855666,12722.861748904248,10.085558891296387,10.085558891296387,1.0000998973846436,0.0,False,1.0,1.0,1.0
0.005,123,4,9000,0.010868432000279427,256,5.0,0.27516786935637555,12723.43423855666,22485.107402642265,20042.205210726694,10.085558891296387,26.824085235595703,2.979361057281494,0.00031435582321448046,False,1.767219995880056,1.1195907592773438,2.9273109436035156
0.005,123,4,9000,0.010868432000279427,256,15.0,0.3527681304497201,12723.43423855666,28622.856737934075,22350.65472034236,10.085558891296387,62.56484603881836,7.92751407623291,0.0011002453812506818,False,2.2496172182189893,1.4185680150985718,7.745587348937988
0.005,123,4,9000,0.010868432000279427,256,40.0,0.37956279532625536,12723.43423855666,32962.68713174789,23197.74599908484,10.085558891296387,144.4060516357422,20.297895431518555,0.0030649692763411846,False,2.5907067631047984,2.166011095046997,19.791278839111328
0.005,123,4,9000,0.010868432000279427,512,1.0,7.05980931560117e-06,88168703.21046919,88168703.21046919,88152479.25442515,0.0023905097041279078,0.0023905097041279078,1.0002851486206055,0.0,False,1.0,1.0,1.0
0.005,123,4,9000,0.010868432000279427,512,5.0,0.2904076339673353,88168703.21046919,299312413.0843057,141658561.51918304,0.0023905097041279078,0.003343241522088647,2.9494078159332275,4.536757158698311e-08,False,3.3947693703718356,1.0112812519073486,2.9399051666259766
0.005,123,4,9000,0.010868432000279427,512,15.0,0.37134819324799306,88168703.21046919,147283662.7045857,158764179.045165,0.0023905097041279078,0.020210877060890198,7.822214126586914,1.587865005544409e-07,False,1.6704755467821963,1.0394845008850098,7.789668560028076
0.005,123,4,9000,0.010868432000279427,512,40.0,0.39917356722664715,88168703.21046919,369488873.24594784,165069236.44454506,0.0023905097041279078,0.021427152678370476,20.004228591918945,4.4233382297308533e-07,False,4.190703274425324,1.1099923849105835,19.91407585144043
0.005,123,5,12000,0.015342479571700096,64,1.0,1.0807784904299766e-06,248.1968735472286,248.1968735472286,248.19575467829506,48.37228775024414,48.37228775024414,1.0000144243240356,0.0,False,1.0,1.0,1.0
0.005,123,5,12000,0.015342479571700096,64,5.0,0.23201416716845324,248.1968735472286,510.8367960847597,487.60126539537293,48.37228775024414,108.98978424072266,2.5796053409576416,0.016051565748243256,False,2.05819190541719,1.3439301252365112,3.046489953994751
0.005,123,5,12000,0.015342479571700096,64,15.0,0.29579043751290957,248.1968735472286,702.9408444755438,665.9808214997155,48.37228775024414,234.68173217773438,6.5285844802856445,0.05618048011885139,False,2.8321905688380213,2.2037556171417236,8.162714004516602
0.005,123,5,12000,0.015342479571700096,64,40.0,0.3177762243644046,248.1968735472286,800.1127651723725,753.7488157875129,48.37228775024414,547.6847534179688,16.40102767944336,0.15650276604537172,False,3.2237020303163555,4.3533196449279785,20.953277587890625
0.005,123,5,12000,0.015342479571700096,128,1.0,2.085112557733855e-06,2500.0677477255176,2500.0677477255176,2500.0337391179187,34.134212493896484,34.134212493896484,1.000038743019104,0.0,False,1.0,1.0,1.0
0.005,123,5,12000,0.015342479571700096,128,5.0,0.24775828995517354,2500.0677477255176,4819.519222502188,4697.6592967206525,34.134212493896484,86.62541961669922,2.603318214416504,0.0015993169331928805,False,1.9277554485820771,1.2062057256698608,2.934441089630127
0.005,123,5,12000,0.015342479571700096,128,15.0,0.31873464321551526,2500.0677477255176,6620.996582928112,6448.854631398568,34.134212493896484,188.47802734375,6.61151647567749,0.005597609266175082,False,2.6483268659226074,1.7217202186584473,7.770544052124023
0.005,123,5,12000,0.015342479571700096,128,40.0,0.34344324784808483,2500.0677477255176,7553.090004753614,7314.164668308338,34.134212493896484,440.0819396972656,16.632017135620117,0.015593340098630585,False,3.0211541313731103,3.0105061531066895,19.860801696777344
0.005,123,5,12000,0.015342479571700096,256,1.0,4.397913003966538e-06,11300.182499653192,11300.182499653192,11299.678054870177,10.408227920532227,10.408227920532227,1.0000983476638794,0.0,False,1.0,1.0,1.0
0.005,123,5,12000,0.015342479571700096,256,5.0,0.25390168396476226,11300.182499653192,19736.908795190833,17846.625438804276,10.408227920532227,28.845056533813477,3.0643470287323,0.00035394526193367385,False,1.7466008885959645,1.0693415403366089,3.006033420562744
0.005,123,5,12000,0.015342479571700096,256,15.0,0.3244286366489375,11300.182499653192,24824.626166569513,19836.78374579183,10.408227920532227,68.42501831054688,8.224967956542969,0.0012388084167678584,False,2.1968340924875673,1.242695689201355,8.021117210388184
0.005,123,5,12000,0.015342479571700096,256,40.0,0.3487774049675791,11300.182499653192,28510.235282991838,20558.451561615133,10.408227920532227,158.60728454589844,21.126522064208984,0.00345096630385332,False,2.5229889237511722,1.676080584526062,20.558826446533203
0.005,123,5,12000,0.015342479571700096,512,1.0,7.0762325769959216e-06,58094053.774345376,58094053.774345376,58083012.34399,0.003407514188438654,0.003407514188438654,1.00028657913208,0.0,False,1.0,1.0,1.0
0.005,123,5,12000,0.015342479571700096,512,5.0,0.2668360759143738,58094053.774345376,67152587.98254462,93689929.27845806,0.003407514188438654,0.01422131434082985,2.9905202388763428,6.88538614757946e-08,False,1.1559287675703487,1.0615345239639282,2.982452869415283
0.005,123,5,12000,0.015342479571700096,512,15.0,0.34148772490167634,58094053.774345376,43366207.45469144,104867625.29315929,0.003407514188438654,0.0656692311167717,7.966107368469238,2.4098851516528106e-07,False,0.7464827230535283,1.215371012687683,7.938584327697754
0.005,123,5,12000,0.015342479571700096,512,40.0,0.3672944442396345,58094053.774345376,27255202.506162707,108963041.14530115,0.003407514188438654,0.27810853719711304,20.405078887939453,6.713251493889972e-07,False,0.4691564925393232,1.5999618768692017,20.328914642333984
0.005,2024,0,0,0.028605351224541664,64,1.0,1.2459623397019477e-06,403.39523542466856,403.39523542466856,403.3930219427908,70.50957489013672,70.50957489013672,1.0000120401382446,0.0,False,1.0,1.0,1.0
0.005,2024,0,0,0.028605351224541664,64,5.0,0.2654210832359764,403.39523542466856,542.330412184626,498.64201870581593,70.50957489013672,212.50303649902344,3.126333475112915,0.009891313372669859,False,1.3444145209441936,1.1845637559890747,2.938981533050537
0.005,2024,0,0,0.028605351224541664,64,15.0,0.33850755080183154,403.39523542466856,655.8001310921059,526.8488174590552,70.50957489013672,510.00714111328125,8.442137718200684,0.03461959680434451,False,1.6257012317007702,1.6459732055664062,7.786436080932617
0.005,2024,0,0,0.028605351224541664,64,40.0,0.363489209598525,403.39523542466856,760.5019519155695,536.9934871208658,70.50957489013672,1160.71875,21.731647491455078,0.09644030538353113,False,1.8852526880119493,2.79949688911438,19.905071258544922
0.005,2024,0,0,0.028605351224541664,128,1.0,2.14004707438275e-06,2031.618961273373,2031.618961273373,2031.6181354888297,56.16249465942383,56.16249465942383,1.000025987625122,0.0,False,1.0,1.0,1.0
0.005,2024,0,0,0.028605351224541664,128,5.0,0.29170149662508693,2031.618961273373,5238.13821654115,4203.728180181009,56.16249465942383,89.60816192626953,2.8983373641967773,0.001967904499667819,False,2.5783074072403824,1.105163812637329,2.7950856685638428
0.005,2024,0,0,0.028605351224541664,128,15.0,0.37647179768292627,2031.618961273373,10847.483122227435,8171.869411339914,56.16249465942383,125.26289367675781,7.644116401672363,0.006887665748837367,False,5.339329534229429,1.368073582649231,7.28279972076416
0.005,2024,0,0,0.028605351224541664,128,40.0,0.40578734020877405,2031.618961273373,17074.17693249683,11842.366262704183,56.16249465942383,209.8197479248047,19.50856590270996,0.019187068871761238,False,8.404222080008113,2.0253474712371826,18.502086639404297
0.005,2024,0,0,0.028605351224541664,256,1.0,4.282339789998444e-06,6716.944631409304,6716.944631409304,6716.646455657233,22.784801483154297,22.784801483154297,1.0000967979431152,0.0,False,1.0,1.0,1.0
0.005,2024,0,0,0.028605351224541664,256,5.0,0.2650480865042533,6716.944631409304,15971.669149790832,12116.998429632788,22.784801483154297,41.71377182006836,3.021496057510376,0.0005954202095233512,False,2.3778175980646377,1.0595391988754272,2.936521530151367
0.005,2024,0,0,0.028605351224541664,256,15.0,0.33983144828035494,6716.944631409304,31150.584401689128,14674.682571662393,22.784801483154297,62.721588134765625,8.074995040893555,0.002083970733331729,False,4.637612204814814,1.2083876132965088,7.777825355529785
0.005,2024,0,0,0.028605351224541664,256,40.0,0.3656814305509264,6716.944631409304,48909.01051968308,15752.371228546068,22.784801483154297,105.77618408203125,20.708740234375,0.005805347042852674,False,7.281437201518411,1.5805085897445679,19.881084442138672
0.005,2024,0,0,0.028605351224541664,512,1.0,7.196238280243319e-06,107260804.7774845,107260804.7774845,107242333.23182572,0.0023749175015836954,0.0023749175015836954,1.0002706050872803,0.0,False,1.0,1.0,1.0
0.005,2024,0,0,0.028605351224541664,512,5.0,0.2844384866689462,107260804.7774845,50570825.28106134,156950522.3571577,0.0023749175015836954,0.02171480283141136,2.925933837890625,3.729227998061202e-08,False,0.4714753482035857,1.0304633378982544,2.9224419593811035
0.005,2024,0,0,0.028605351224541664,512,15.0,0.3646686372881794,107260804.7774845,217800008.7539509,173010441.32218182,0.0023749175015836954,0.01474426593631506,7.740086555480957,1.305229799321421e-07,False,2.030564745489119,1.1066213846206665,7.728546142578125
0.005,2024,0,0,0.028605351224541664,512,40.0,0.3923615645315444,107260804.7774845,238385364.1683423,178950788.77522185,0.0023749175015836954,0.035635631531476974,19.77547836303711,3.6359972981096726e-07,False,2.2224834566818634,1.2970167398452759,19.74380874633789
0.005,2024,1,1500,0.02789158746600151,64,1.0,1.2636728593254624e-06,369.57593326928907,369.57593326928907,369.5744379445407,61.43375015258789,61.43375015258789,1.0000120401382446,0.0,False,1.0,1.0,1.0
0.005,2024,1,1500,0.02789158746600151,64,5.0,0.2482015139689232,369.57593326928907,464.7260963031827,433.63712568086794,61.43375015258789,224.51670837402344,3.8262548446655273,0.010794009110929747,False,1.2574576818143706,1.0651345252990723,2.91121244430542
0.005,2024,1,1500,0.02789158746600151,64,15.0,0.31966374738709136,369.57593326928907,520.3040011251544,448.3416293654141,61.43375015258789,594.5364379882812,10.891861915588379,0.037779031888254114,False,1.4078405931969555,1.2279706001281738,7.689244270324707
0.005,2024,1,1500,0.02789158746600151,64,40.0,0.34454853242296357,369.57593326928907,558.6234164634045,453.2671486728478,61.43375015258789,1471.3623046875,28.555883407592773,0.10524158883156504,False,1.5115254165004495,1.6350610256195068,19.634323120117188
0.005,2024,1,1500,0.02789158746600151,128,1.0,2.113939191966595e-06,2278.763680465689,2278.763680465689,2278.760118429244,46.98519515991211,46.98519515991211,1.0000276565551758,0.0,False,1.0,1.0,1.0
0.005,2024,1,1500,0.02789158746600151,128,5.0,0.2598302624820261,2278.763680465689,3992.584214947931,3164.5069711765236,46.98519515991211,118.04985809326172,3.5516252517700195,0.001754567823969771,False,1.7520834868370398,1.1122649908065796,2.8925621509552
0.005,2024,1,1500,0.02789158746600151,128,15.0,0.3354092813426355,2278.763680465689,5644.516937870366,4403.8325584986305,46.98519515991211,244.93435668945312,9.930617332458496,0.006140987383894198,False,2.477008470100265,1.3929271697998047,7.623968124389648
0.005,2024,1,1500,0.02789158746600151,128,40.0,0.3618124501353426,2278.763680465689,6577.570720244941,5087.847119674656,46.98519515991211,556.5352172851562,25.878101348876953,0.017107036283705267,False,2.8864646108896848,2.0945827960968018,19.45248031616211
0.005,2024,1,1500,0.02789158746600151,256,1.0,4.198795824711296e-06,10946.84648926108,10946.84648926108,10946.477646838443,12.18690013885498,12.18690013885498,1.0000905990600586,0.0,False,1.0,1.0,1.0
0.005,2024,1,1500,0.02789158746600151,256,5.0,0.2797211667459192,10946.84648926108,20145.28109244664,17864.298482755526,12.18690013885498,31.4291934967041,2.9014010429382324,0.00036536865984773036,False,1.8402816840639247,1.034585952758789,2.89973783493042
0.005,2024,1,1500,0.02789158746600151,256,15.0,0.35980231859089556,10946.84648926108,27144.731977426156,20123.844933699922,12.18690013885498,69.38085174560547,7.654677391052246,0.0012787903094670563,False,2.4796850859336796,1.121050477027893,7.649082183837891
0.005,2024,1,1500,0.02789158746600151,256,40.0,0.38758210968972606,10946.84648926108,43141.89349209167,20962.713251297686,12.18690013885498,116.10231018066406,19.537866592407227,0.003562344433515371,False,3.941033934696547,1.337212324142456,19.522441864013672
0.005,2024,1,1500,0.02789158746600151,512,1.0,7.133387462117408e-06,110899531.9416988,110899531.9416988,110879460.52351636,0.002173403277993202,0.002173403277993202,1.0002753734588623,0.0,False,1.0,1.0,1.0
0.005,2024,1,1500,0.02789158746600151,512,5.0,0.27012581888725956,110899531.9416988,327108323.934315,179801442.0648678,0.002173403277993202,0.0034929763060063124,2.9143424034118652,3.6068682111608596e-08,False,2.949591564608945,1.0448018312454224,2.9170589447021484
0.005,2024,1,1500,0.02789158746600151,512,15.0,0.3478440707911809,110899531.9416988,142395189.73961288,202186338.90096664,0.002173403277993202,0.02386697195470333,7.699509620666504,1.262403873906301e-07,False,1.2840017198131342,1.1568063497543335,7.7097063064575195
0.005,2024,1,1500,0.02789158746600151,512,40.0,0.37491259096136476,110899531.9416988,15443851.000110295,210481046.99545306,0.002173403277993202,0.5852651000022888,19.66242790222168,3.5166965058818383e-07,False,0.1392598393312364,1.4368178844451904,19.691326141357422
0.005,2024,2,3000,0.023371469229459763,64,1.0,1.1878957351759323e-06,350.6113209007758,350.6113209007758,350.61026330219005,56.76869201660156,56.76869201660156,1.0000126361846924,0.0,False,1.0,1.0,1.0
0.005,2024,2,3000,0.023371469229459763,64,5.0,0.28395253354812844,350.6113209007758,521.1022281310895,474.9058138230654,56.76869201660156,170.4124298095703,3.2351341247558594,0.011376197984048398,False,1.4862675477571452,1.238409399986267,2.9247353076934814
0.005,2024,2,3000,0.023371469229459763,64,15.0,0.362565201670961,350.6113209007758,674.3310958017997,510.1256862038076,56.76869201660156,388.1326599121094,8.822937965393066,0.03981669294416939,False,1.9233009763328142,1.8344327211380005,7.736573219299316
0.005,2024,2,3000,0.023371469229459763,64,40.0,0.38946836068047214,350.6113209007758,857.9729218882284,522.6233795271844,56.76869201660156,809.0291748046875,22.79244613647461,0.11091793034447188,False,2.4470770643798967,3.324491500854492,19.76616668701172
0.005,2024,2,3000,0.023371469229459763,128,1.0,2.111239785597833e-06,2401.418648463639,2401.418648463639,2401.3964951670646,42.447025299072266,42.447025299072266,1.0000334978103638,0.0,False,1.0,1.0,1.0
0.005,2024,2,3000,0.023371469229459763,128,5.0,0.28596558805841577,2401.418648463639,5351.820492447348,3988.0484815585132,42.447025299072266,92.01708221435547,2.968930244445801,0.0016649887406418628,False,2.2286078672168617,1.0981632471084595,2.870818614959717
0.005,2024,2,3000,0.023371469229459763,128,15.0,0.36738338880936666,2401.418648463639,11065.68696462649,6419.059290508117,42.447025299072266,132.7710723876953,7.891172885894775,0.00582746059224652,False,4.607979109226127,1.343571424484253,7.54786491394043
0.005,2024,2,3000,0.023371469229459763,128,40.0,0.39547440761036023,2401.418648463639,17501.02256863791,7944.675564905524,42.447025299072266,223.48004150390625,20.196779251098633,0.01623364022125816,False,7.287784901576648,1.9570919275283813,19.240482330322266
0.005,2024,2,3000,0.023371469229459763,256,1.0,4.3949929056115445e-06,15496.42216635269,15496.42216635269,15495.901351193623,8.243511199951172,8.243511199951172,1.0000901222229004,0.0,False,1.0,1.0,1.0
0.005,2024,2,3000,0.023371469229459763,256,5.0,0.2668414191013651,15496.42216635269,27798.97083224198,24679.945041940045,8.243511199951172,21.736879348754883,2.9641056060791016,0.0002581074424548246,False,1.7938960705782627,1.062451720237732,2.9404497146606445
0.005,2024,2,3000,0.023371469229459763,256,15.0,0.34226203563100416,15496.42216635269,36677.73144529143,27596.100720736817,8.243511199951172,48.97439956665039,7.874143123626709,0.000903376048591886,False,2.3668515900999147,1.218580961227417,7.791574478149414
0.005,2024,2,3000,0.023371469229459763,256,40.0,0.36836322679697475,15496.42216635269,45065.9613899336,28668.565331687118,8.243511199951172,105.98734283447266,20.14923667907715,0.0025165475639345397,False,2.9081526629924364,1.6089041233062744,19.919387817382812
0.005,2024,2,3000,0.023371469229459763,512,1.0,7.0583082729851054e-06,1669090.5013803868,1669090.5013803868,1669032.0155163994,0.14112195372581482,0.14112195372581482,1.0002728700637817,0.0,False,1.0,1.0,1.0
0.005,2024,2,3000,0.023371469229459763,512,5.0,0.2833261355296095,1669090.5013803868,74182844.83610576,5007320.590528696,0.14112195372581482,0.01519494503736496,2.91628360748291,2.396513310799249e-06,False,44.4450703989714,1.0699317455291748,2.9121689796447754
0.005,2024,2,3000,0.023371469229459763,512,15.0,0.36373919662354176,1669090.5013803868,10754675.045549577,7722745.656836299,0.14112195372581482,0.31217944622039795,7.706308841705322,8.387796587797372e-06,False,6.443434335439059,1.2447608709335327,7.692591667175293
0.005,2024,2,3000,0.023371469229459763,512,40.0,0.39155085531278866,1669090.5013803868,78916760.29901356,9318099.742181208,0.14112195372581482,0.11319565027952194,19.681381225585938,2.3366004780292677e-05,False,47.2812949529981,1.6818339824676514,19.643648147583008
0.005,2024,3,6000,0.022266188636422157,64,1.0,1.1086835353657327e-06,299.6925957272933,299.6925957272933,299.6919466809891,50.11479568481445,50.11479568481445,1.0000121593475342,0.0,False,1.0,1.0,1.0
0.005,2024,3,6000,0.022266188636422157,64,5.0,0.2626002322572571,299.6925957272933,416.6801680044172,399.30457402708646,50.11479568481445,164.87051391601562,3.3597283363342285,0.013302622202336217,False,1.3903585672285923,1.1409103870391846,2.728240489959717
0.005,2024,3,6000,0.022266188636422157,64,15.0,0.34392784241720314,299.6925957272933,452.70147643530174,426.2009444776247,50.11479568481445,449.48895263671875,9.25901985168457,0.04655917770817676,False,1.510552756022173,1.4931862354278564,7.04884147644043
0.005,2024,3,6000,0.022266188636422157,64,40.0,0.3727581469316108,299.6925957272933,465.8737331338339,435.6112023363769,50.11479568481445,1160.2120361328125,24.007244110107422,0.1297005664727781,False,1.5545053156994175,2.3738760948181152,17.850343704223633
0.005,2024,3,6000,0.022266188636422157,128,1.0,2.155012989258499e-06,2620.4026295686012,2620.4026295686012,2620.4012412215116,35.6336669921875,35.6336669921875,1.0000311136245728,0.0,False,1.0,1.0,1.0
0.005,2024,3,6000,0.022266188636422157,128,5.0,0.22488302094728793,2620.4026295686012,3994.1355314217853,3956.2637883336947,35.6336669921875,112.95584869384766,3.1980624198913574,0.001525900659014091,False,1.524244971498652,1.0450190305709839,2.950528621673584
0.005,2024,3,6000,0.022266188636422157,128,15.0,0.29058877439464836,2620.4026295686012,4418.845084879795,4340.4470678964,35.6336669921875,304.56170654296875,8.693140983581543,0.0053406523065493185,False,1.6863229470988863,1.1575666666030884,7.826850891113281
0.005,2024,3,6000,0.022266188636422157,128,40.0,0.31371705011911416,2620.4026295686012,4581.11963235386,4477.384563505832,35.6336669921875,782.001953125,22.430837631225586,0.014877531425387388,False,1.7482502805715978,1.438935399055481,20.017656326293945
0.005,2024,3,6000,0.022266188636422157,256,1.0,4.1976128644061255e-06,21247.70633752291,21247.70633752291,21246.817993150817,5.540214538574219,5.540214538574219,1.0000951290130615,0.0,False,1.0,1.0,1.0
0.005,2024,3,6000,0.022266188636422157,256,5.0,0.24797653109655457,21247.70633752291,35683.32105654433,32112.533116669383,5.540214538574219,14.57405948638916,2.902526378631592,0.00018824675424764255,False,1.679396377647054,1.0591403245925903,2.907538890838623
0.005,2024,3,6000,0.022266188636422157,256,15.0,0.3208024184866078,21247.70633752291,45488.37298311964,35659.76859815605,5.540214538574219,33.60636520385742,7.658603668212891,0.0006588636398667489,False,2.1408603950247715,1.2069910764694214,7.676386833190918
0.005,2024,3,6000,0.022266188636422157,256,40.0,0.34640008355319024,21247.70633752291,52835.62327398725,36976.46353436472,5.540214538574219,76.6696548461914,19.54880142211914,0.0018354058539145146,False,2.4866506734743825,1.5766180753707886,19.5985050201416
0.005,2024,3,6000,0.022266188636422157,512,1.0,7.231841450323155e-06,302894741.53435373,302894741.53435373,302840224.8671553,0.0007107849232852459,0.0007107849232852459,1.0002772808074951,0.0,False,1.0,1.0,1.0
0.005,2024,3,6000,0.022266188636422157,512,5.0,0.2590152510414106,302894741.53435373,44749939.917992465,500834552.67566484,0.0007107849232852459,0.022982928901910782,2.886723041534424,1.3205907657992208e-08,False,0.14774089405219012,1.0401211977005005,2.88554048538208
0.005,2024,3,6000,0.022266188636422157,512,15.0,0.3353335986315612,302894741.53435373,17317528.358271506,565958169.0007706,0.0007107849232852459,0.17681577801704407,7.602836608886719,4.6220676802972725e-08,False,0.05717342027975545,1.140424370765686,7.599391460418701
0.005,2024,3,6000,0.022266188636422157,512,40.0,0.36214641897336386,302894741.53435373,5388753477.35593,590192820.5240144,0.0007107849232852459,0.0015116473659873009,19.393115997314453,1.2875759966542402e-07,False,17.79084526214777,1.3911820650100708,19.38401985168457
0.005,2024,4,9000,0.019402993842959404,64,1.0,1.226294604722868e-06,310.8210135759492,310.8210135759492,310.8201317293018,46.56246566772461,46.56246566772461,1.0000141859054565,0.0,False,1.0,1.0,1.0
0.005,2024,4,9000,0.019402993842959404,64,5.0,0.2320240048806274,310.8210135759492,412.3373627198573,404.9788242132814,46.56246566772461,163.82785034179688,3.549412965774536,0.01282787184265801,False,1.3266070976861497,1.2417961359024048,2.9595582485198975
0.005,2024,4,9000,0.019402993842959404,64,15.0,0.29870985801299776,310.8210135759492,440.8167216078211,428.70160002287986,46.56246566772461,454.9674987792969,9.922911643981934,0.04489755144930303,False,1.418233331576558,1.8462861776351929,7.858453750610352
0.005,2024,4,9000,0.019402993842959404,64,40.0,0.3220144193297306,310.8210135759492,451.15411929859215,436.8429312948493,46.56246566772461,1181.6566162109375,25.856651306152344,0.1250717504659156,False,1.4514916932678765,3.357511520385742,20.10569190979004
0.005,2024,4,9000,0.019402993842959404,128,1.0,2.082544934301335e-06,2763.9244533537817,2763.9244533537817,2763.9082395981027,32.82815170288086,32.82815170288086,1.0000319480895996,0.0,False,1.0,1.0,1.0
0.005,2024,4,9000,0.019402993842959404,128,5.0,0.24764310462181352,2763.9244533537817,3919.982843568324,3890.4545223223154,32.82815170288086,112.95986938476562,3.465219736099243,0.0014466941384774922,False,1.4182670003196962,1.0550541877746582,2.8782291412353516
0.005,2024,4,9000,0.019402993842959404,128,15.0,0.3208314849896374,2763.9244533537817,4240.248662923521,4182.97560037883,32.82815170288086,312.0340881347656,9.628190994262695,0.005063429484671222,False,1.5341405796306582,1.1926894187927246,7.5738019943237305
0.005,2024,4,9000,0.019402993842959404,128,40.0,0.3465651297479592,2763.9244533537817,4356.2310955888315,4284.1981798464185,32.82815170288086,808.9290771484375,25.035615921020508,0.014105267850155548,False,1.576103532896105,1.5367776155471802,19.31273651123047
0.005,2024,4,9000,0.019402993842959404,256,1.0,4.23885055116714e-06,23539.472731268957,23539.472731268957,23538.642537946864,4.785887718200684,4.785887718200684,1.0000982284545898,0.0,False,1.0,1.0,1.0
0.005,2024,4,9000,0.019402993842959404,256,5.0,0.25221817442264555,23539.472731268957,42423.73834534657,38514.84205635186,4.785887718200684,12.622261047363281,2.9007372856140137,0.00016992012206648574,False,1.802238258675712,1.0383753776550293,2.9122815132141113
0.005,2024,4,9000,0.019402993842959404,256,15.0,0.32578930885660107,23539.472731268957,53796.57982151722,43408.00448307276,4.785887718200684,29.61238670349121,7.652336120605469,0.0005947204272327,False,2.2853774354111103,1.134313702583313,7.692986011505127
0.005,2024,4,9000,0.019402993842959404,256,40.0,0.35157428223539433,23539.472731268957,61417.47415619,45224.799253472294,4.785887718200684,68.9874267578125,19.531330108642578,0.0016567211901482358,False,2.6091270122038597,1.3741594552993774,19.64474868774414
0.005,2024,4,9000,0.019402993842959404,512,1.0,7.098161131692247e-06,2094547.2955032885,2094547.2955032885,2094460.6003774437,0.10016131401062012,0.10016131401062012,1.000279188156128,0.0,False,1.0,1.0,1.0
0.005,2024,4,9000,0.019402993842959404,512,5.0,0.2621505072225012,2094547.2955032885,4042012.9980382556,3740368.3208386796,0.10016131401062012,0.25200068950653076,2.8957717418670654,1.909719631954755e-06,False,1.9297788150766106,1.0926326513290405,2.896177291870117
0.005,2024,4,9000,0.019402993842959404,512,15.0,0.33884258980472937,2094547.2955032885,69109851.76033188,4327345.800890769,0.10016131401062012,0.04400089383125305,7.634503364562988,6.684018711841643e-06,False,32.9951259199071,1.3242143392562866,7.63662052154541
0.005,2024,4,9000,0.019402993842959404,512,40.0,0.3657191689138392,2094547.2955032885,5868959.169074498,4552077.680469214,0.10016131401062012,1.3795843124389648,19.48133659362793,1.8619766411558863e-05,False,2.8020179738477924,1.9031685590744019,19.487728118896484
0.005,2024,5,12000,0.00987242441624403,64,1.0,1.1781041243316449e-06,236.92139533046426,236.92139533046426,236.92059150805423,43.84282684326172,43.84282684326172,1.0000115633010864,0.0,False,1.0,1.0,1.0
0.005,2024,5,12000,0.00987242441624403,64,5.0,0.27708393196735953,236.92139533046426,735.4345071833392,693.1463067704108,43.84282684326172,60.264644622802734,1.4384647607803345,0.016812275308171188,False,3.1041287181241506,1.020432472229004,2.872025489807129
0.005,2024,5,12000,0.00987242441624403,64,15.0,0.3548320621914453,236.92139533046426,1397.7206475274768,1143.1500648736574,43.84282684326172,92.6135025024414,2.534597396850586,0.05884296357859915,False,5.899512138099216,1.0715136528015137,7.552089691162109
0.005,2024,5,12000,0.00987242441624403,64,40.0,0.381474960244353,236.92139533046426,2027.2669072830045,1449.9383500016856,43.84282684326172,168.8499298095703,5.274929046630859,0.16391968425466907,False,8.556706769582032,1.199216604232788,19.252248764038086
0.005,2024,5,12000,0.00987242441624403,128,1.0,2.2256473611847765e-06,2782.5951355253706,2782.5951355253706,2782.5802894314747,31.014368057250977,31.014368057250977,1.0000320672988892,0.0,False,1.0,1.0,1.0
0.005,2024,5,12000,0.00987242441624403,128,5.0,0.27467671927710896,2782.5951355253706,8957.352848289329,8610.195942726252,31.014368057250977,46.73065185546875,1.5670437812805176,0.0014369905842090242,False,3.219064366903713,1.08468496799469,2.938223361968994
0.005,2024,5,12000,0.00987242441624403,128,15.0,0.3513463085750906,2782.5951355253706,17054.704647196493,13752.52396602798,31.014368057250977,73.25616455078125,2.984572410583496,0.005029467044731585,False,6.129064350562254,1.2963975667953491,7.783782005310059
0.005,2024,5,12000,0.00987242441624403,128,40.0,0.3777177478113852,2782.5951355253706,25070.64669159468,18186.783861534368,31.014368057250977,132.6777801513672,6.52839469909668,0.014010658196037985,False,9.009807561120885,1.825678825378418,19.89767837524414
0.005,2024,5,12000,0.00987242441624403,256,1.0,4.3159903658884126e-06,32868.882034397975,32868.882034397975,32867.397447191695,3.7360312938690186,3.7360312938690186,1.0001040697097778,0.0,False,1.0,1.0,1.0
0.005,2024,5,12000,0.00987242441624403,256,5.0,0.26398317720352577,32868.882034397975,58747.28648017082,52619.70912883851,3.7360312938690186,10.062399864196777,3.006218194961548,0.00012169194875156666,False,1.7873223195936676,1.0692806243896484,2.9808154106140137
0.005,2024,5,12000,0.00987242441624403,256,15.0,0.33759487209690403,32868.882034397975,75595.05136689288,58776.397217163685,3.7360312938690186,23.309640884399414,8.021503448486328,0.00042592182063048333,False,2.2998972489475324,1.2424821853637695,7.9328532218933105
0.005,2024,5,12000,0.00987242441624403,256,40.0,0.36299914046752507,32868.882034397975,87882.53572647195,61026.95647549645,3.7360312938690186,53.36101150512695,20.559717178344727,0.0011864965003277749,False,2.6737306013177156,1.6754862070083618,20.312950134277344
0.005,2024,5,12000,0.00987242441624403,512,1.0,6.789461784131295e-06,2665035564.2299604,2665035564.2299604,2664530296.427023,7.888163963798434e-05,7.888163963798434e-05,1.000279188156128,0.0,False,1.0,1.0,1.0
0.005,2024,5,12000,0.00987242441624403,512,5.0,0.2786730468917109,2665035564.2299604,7220318.041604135,4302794094.958344,7.888163963798434e-05,0.13933564722537994,2.9622650146484375,1.5009180560991307e-09,False,0.0027092764308720907,1.1206324100494385,2.9510574340820312
0.005,2024,5,12000,0.00987242441624403,512,15.0,0.3569118896094386,2665035564.2299604,7135090.536774846,4823539467.593436,7.888163963798434e-05,0.4198964238166809,7.8672285079956055,5.253213196346957e-09,False,0.0026772965556414517,1.422213077545166,7.828700542449951
0.005,2024,5,12000,0.00987242441624403,512,40.0,0.3839283925325238,2665035564.2299604,19092930.02365169,5015117138.689676,7.888163963798434e-05,0.4174824655056,20.129650115966797,1.4633951046966523e-08,False,0.007164230856772236,2.1761653423309326,20.022808074951172
0.005,7,0,0,0.5728629231452942,64,1.0,1.1768063028117734e-06,4509.403752604186,4509.403752604186,4509.388201077601,11.84500503540039,11.84500503540039,1.0000137090682983,0.0,False,1.0,1.0,1.0
0.005,7,0,0,0.5728629231452942,64,5.0,0.2469437070120881,4509.403752604186,4331.858179171356,4137.885811732119,11.84500503540039,34.9302864074707,2.975736618041992,0.000886838566877856,False,0.9606277053079807,1.3844982385635376,2.8261899948120117
0.005,7,0,0,0.5728629231452942,64,15.0,0.32221586841229233,4509.403752604186,4356.8066635219575,4020.5439966251342,11.84500503540039,92.32138061523438,7.915042877197266,0.0031039349840724963,False,0.96616025145362,2.3457436561584473,7.391664981842041
0.005,7,0,0,0.5728629231452942,64,40.0,0.34895909073116194,4509.403752604186,4375.515541093772,3977.4638098117057,11.84500503540039,235.7071533203125,20.263309478759766,0.008646676027059097,False,0.9703091098389465,4.748857021331787,18.80535316467285
0.005,7,0,0,0.5728629231452942,128,1.0,2.4480738990777896e-06,11679.594622678831,11679.594622678831,11679.545816049955,8.598624229431152,8.598624229431152,1.0000332593917847,0.0,False,1.0,1.0,1.0
0.005,7,0,0,0.5728629231452942,128,5.0,0.24411419978649496,11679.594622678831,11611.15953446807,11362.574269017057,8.598624229431152,25.637596130371094,3.008829116821289,0.0003424483195601765,False,0.9941406281278052,1.0617647171020508,2.916591167449951
0.005,7,0,0,0.5728629231452942,128,15.0,0.31594031490093505,11679.594622678831,11750.105763445994,11263.89908258097,8.598624229431152,67.68111419677734,8.030817985534668,0.0011985691184606179,False,1.0060371222670903,1.2161766290664673,7.708068370819092
0.005,7,0,0,0.5728629231452942,128,40.0,0.34123134979854136,11679.594622678831,13473.473148880234,11227.841189880259,8.598624229431152,151.4586181640625,20.58579444885254,0.0033388711157117212,False,1.1535908209278207,1.6022065877914429,19.6867618560791
0.005,7,0,0,0.5728629231452942,256,1.0,5.26260021531881e-06,48760.49033927174,48760.49033927174,48758.2259862258,3.5962953567504883,3.5962953567504883,1.0001084804534912,0.0,False,1.0,1.0,1.0
0.005,7,0,0,0.5728629231452942,256,5.0,0.2565089550248426,48760.49033927174,48158.76962831241,45582.06350243586,3.5962953567504883,10.469625473022461,3.031424045562744,8.203194718145156e-05,False,0.9876596665297539,1.0526841878890991,2.8931846618652344
0.005,7,0,0,0.5728629231452942,256,15.0,0.3321480212843371,48760.49033927174,48767.710908939254,44602.84287528166,3.5962953567504883,27.39425277709961,8.109710693359375,0.00028711181513508047,False,1.000148082384268,1.1843949556350708,7.6261467933654785
0.005,7,0,0,0.5728629231452942,256,40.0,0.35875192137049755,48760.49033927174,49358.62432489562,44246.14478524405,3.5962953567504883,69.26277923583984,20.805431365966797,0.0007998114850191528,False,1.0122667754459014,1.513671636581421,19.45855140686035
0.005,7,0,0,0.5728629231452942,512,1.0,7.759099586910197e-06,3001994.010706476,3001994.010706476,3001963.579134115,0.11661108583211899,0.11661108583211899,1.0002870559692383,0.0,False,1.0,1.0,1.0
0.005,7,0,0,0.5728629231452942,512,5.0,0.2436344763139148,3001994.010706476,2865272.1598924366,2829504.636805301,0.11661108583211899,0.357394278049469,2.9160609245300293,1.332447251156043e-06,False,0.9544563212563293,1.0539566278457642,2.9159481525421143
0.005,7,0,0,0.5728629231452942,512,15.0,0.3155818940436978,3001994.010706476,141879602.07953873,2852618.9612649535,0.11661108583211899,0.019185645505785942,7.705495357513428,4.663565379046151e-06,False,47.261787189958255,1.1888482570648193,7.7058186531066895
0.005,7,0,0,0.5728629231452942,512,40.0,0.34096005505396887,3001994.010706476,22202036.09335155,2861304.0065695867,0.11661108583211899,0.3140023946762085,19.6790771484375,1.299136069877142e-05,False,7.395762954279387,1.5260772705078125,19.680496215820312
0.005,7,1,1500,0.1734330654144287,64,1.0,1.2165826024352025e-06,1360.8837081900356,1360.8837081900356,1360.8836372351718,64.173828125,64.173828125,1.0000114440917969,0.0,False,1.0,1.0,1.0
0.005,7,1,1500,0.1734330654144287,64,5.0,0.22894726637947907,1360.8837081900356,1343.5755778815062,1223.363205032603,64.173828125,242.74964904785156,3.913557529449463,0.0029371083418833622,False,0.9872816977642057,1.1998848915100098,2.973771810531616
0.005,7,1,1500,0.1734330654144287,64,15.0,0.2933301795457801,1360.8837081900356,1528.1610627475686,1380.1599346058642,64.173828125,625.3598022460938,11.197422981262207,0.010279879196591768,False,1.1229181843759528,1.6995971202850342,7.908201217651367
0.005,7,1,1500,0.1734330654144287,64,40.0,0.31562442938918417,1360.8837081900356,1602.1788223891447,1440.1862709686297,64.173828125,1579.8671875,29.407085418701172,0.02863680633336278,False,1.1773076661488069,2.9488778114318848,20.24427604675293
0.005,7,1,1500,0.1734330654144287,128,1.0,2.0998393544733098e-06,3036.03771690514,3036.03771690514,3036.04503376227,56.117061614990234,56.117061614990234,1.0000234842300415,0.0,False,1.0,1.0,1.0
0.005,7,1,1500,0.1734330654144287,128,5.0,0.24692583233806953,3036.03771690514,4998.59326486138,4348.622604269704,56.117061614990234,157.36732482910156,3.8770899772644043,0.001317072875893078,False,1.6464200154788655,1.0668506622314453,2.8465464115142822
0.005,7,1,1500,0.1734330654144287,128,15.0,0.32010862401045936,3036.03771690514,7875.246370311128,6462.929003574931,56.117061614990234,296.104736328125,11.069755554199219,0.004609755065625773,False,2.5939224425508636,1.2339770793914795,7.462912559509277
0.005,7,1,1500,0.1734330654144287,128,40.0,0.3457966186938952,3036.03771690514,9718.871755170763,7650.490177729882,56.117061614990234,637.4959106445312,29.051420211791992,0.01284146053995751,False,3.2011696366795914,1.651793360710144,19.003828048706055
0.005,7,1,1500,0.1734330654144287,256,1.0,4.555899285303574e-06,9347.434393858248,9347.434393858248,9347.218875400496,24.673431396484375,24.673431396484375,1.0000823736190796,0.0,False,1.0,1.0,1.0
0.005,7,1,1500,0.1734330654144287,256,5.0,0.2657870473217565,9347.434393858248,16457.67561616805,12524.69672477027,24.673431396484375,60.919918060302734,2.899960994720459,0.00042787913264149635,False,1.760662329652894,1.1273508071899414,2.8687798976898193
0.005,7,1,1500,0.1734330654144287,256,15.0,0.3430414800087788,9347.434393858248,22524.23172610234,13989.613072038335,24.673431396484375,130.79595947265625,7.649658203125,0.0014975769642452373,False,2.409669945466741,1.445727825164795,7.540729999542236
0.005,7,1,1500,0.1734330654144287,256,40.0,0.36995849826795923,9347.434393858248,26649.64414625941,14571.610322665545,24.673431396484375,292.9006652832031,19.523900985717773,0.00417182154325459,False,2.851011627722107,2.241670608520508,19.220605850219727
0.005,7,1,1500,0.1734330654144287,512,1.0,7.197384643617955e-06,1095946.0583658214,1095946.0583658214,1095944.8765223399,0.4182876944541931,0.4182876944541931,1.000266671180725,0.0,False,1.0,1.0,1.0
0.005,7,1,1500,0.1734330654144287,512,5.0,0.2710848673893948,1095946.0583658214,1995110.6818014209,1799062.0638247486,0.4182876944541931,0.7186647653579712,2.877041816711426,3.6498113384823933e-06,False,1.8204460580627069,1.0485061407089233,2.8746674060821533
0.005,7,1,1500,0.1734330654144287,512,15.0,0.35016548969510747,1095946.0583658214,3173412.8711466324,2398239.061140133,0.4182876944541931,1.3037445545196533,7.568977355957031,1.2774339684688375e-05,False,2.8955922117905577,1.1697719097137451,7.561335563659668
0.005,7,1,1500,0.1734330654144287,512,40.0,0.3777834994347139,1095946.0583658214,4305864.633388073,2699230.95852602,0.4182876944541931,2.5363516807556152,19.29882049560547,3.5585660550203334e-05,False,3.928901975165275,1.4729359149932861,19.27800750732422
0.005,7,2,3000,0.17187127470970154,64,1.0,1.1550835392652412e-06,1120.07366097737,1120.07366097737,1120.0697919364918,55.63687515258789,55.63687515258789,1.0000132322311401,0.0,False,1.0,1.0,1.0
0.005,7,2,3000,0.17187127470970154,64,5.0,0.2206500683680529,1120.07366097737,1214.7894594067848,1191.9482700888705,55.63687515258789,196.59104919433594,3.538315773010254,0.0035680081864671903,False,1.0845621156261869,1.1476402282714844,2.9260759353637695
0.005,7,2,3000,0.17187127470970154,64,15.0,0.2848667419651749,1120.07366097737,1245.206920501607,1210.129289767777,55.63687515258789,547.65380859375,9.884071350097656,0.012488028652635166,False,1.1117187769731558,1.5167409181594849,7.741265296936035
0.005,7,2,3000,0.17187127470970154,64,40.0,0.3073770016127617,1120.07366097737,1258.865246814398,1216.3750923261975,55.63687515258789,1421.91748046875,25.748462677001953,0.03478807981805511,False,1.1239129091884181,2.439492702484131,19.779239654541016
0.005,7,2,3000,0.17187127470970154,128,1.0,2.237248723001561e-06,2874.3731382492533,2874.3731382492533,2874.367315884684,46.88869094848633,46.88869094848633,1.0000265836715698,0.0,False,1.0,1.0,1.0
0.005,7,2,3000,0.17187127470970154,128,5.0,0.2770711792239502,2874.3731382492533,7355.773588485216,5958.625273148633,46.88869094848633,84.93348693847656,3.497453451156616,0.0013911237977396928,False,2.5590879244597766,1.0221917629241943,2.8512585163116455
0.005,7,2,3000,0.17187127470970154,128,15.0,0.3561926378929352,2874.3731382492533,20257.34537030792,12167.427570136657,46.88869094848633,91.39996337890625,9.741020202636719,0.004868933292088925,False,7.047569816438805,1.0776712894439697,7.479404449462891
0.005,7,2,3000,0.17187127470970154,128,40.0,0.38347835619791093,2874.3731382492533,47292.16030618962,18826.769252440157,46.88869094848633,104.00647735595703,25.349933624267578,0.013563457027962005,False,16.45303446406221,1.2163699865341187,19.04977035522461
0.005,7,2,3000,0.17187127470970154,256,1.0,4.467879324922956e-06,10538.463175813624,10538.463175813624,10537.961982609211,17.143001556396484,17.143001556396484,1.0001013278961182,0.0,False,1.0,1.0,1.0
0.005,7,2,3000,0.17187127470970154,256,5.0,0.27856431522288866,10538.463175813624,28719.99824976021,23472.720096181652,17.143001556396484,26.9389705657959,2.8494045734405518,0.00037952597141563697,False,2.725254884950801,1.0227640867233276,2.871385097503662
0.005,7,2,3000,0.17187127470970154,256,15.0,0.35796573281045463,10538.463175813624,61093.939281158455,36771.01569026596,17.143001556396484,36.97675704956055,7.472662448883057,0.0013283408999547293,False,5.797234213559007,1.079674243927002,7.549848556518555
0.005,7,2,3000,0.17187127470970154,256,40.0,0.38537758707705266,10538.463175813624,112925.56603283428,45067.53084111563,17.143001556396484,52.89226531982422,19.030807495117188,0.0037003782213024606,False,10.715562995181775,1.2219496965408325,19.24600601196289
0.005,7,2,3000,0.17187127470970154,512,1.0,6.964692200674498e-06,1105824.1905020883,1105824.1905020883,1105869.324298128,0.26412734389305115,0.26412734389305115,1.0002660751342773,0.0,False,1.0,1.0,1.0
0.005,7,2,3000,0.17187127470970154,512,5.0,0.2863270632226254,1105824.1905020883,3154826.782586067,2851978.5834060716,0.26412734389305115,0.3444828987121582,2.8808388710021973,3.617208248063007e-06,False,2.8529189446955847,1.0230484008789062,2.8743510246276855
0.005,7,2,3000,0.17187127470970154,512,15.0,0.368338460071451,1105824.1905020883,6612802.818127613,4749137.288553777,0.26412734389305115,0.47552555799484253,7.582268714904785,1.2660228868220525e-05,False,5.9799766318415735,1.080669641494751,7.560227870941162
0.005,7,2,3000,0.17187127470970154,512,40.0,0.3967255103764234,1105824.1905020883,256982560.58290532,6092589.414329281,0.26412734389305115,0.03226638212800026,19.335847854614258,3.526778041861432e-05,False,232.39006958802827,1.2247227430343628,19.274921417236328
0.005,7,3,6000,0.1739702671766281,64,1.0,1.3125189197410632e-06,928.8890768335162,928.8890768335162,928.8858775897489,49.72294616699219,49.72294616699219,1.000014305114746,0.0,False,1.0,1.0,1.0
0.005,7,3,6000,0.1739702671766281,64,5.0,0.23820084789374754,928.8890768335162,1055.2220147672215,1047.213778799857,49.72294616699219,203.9441375732422,4.115118503570557,0.004301588328815421,False,1.136004331501411,1.1162478923797607,2.94709849357605
0.005,7,3,6000,0.1739702671766281,64,15.0,0.3059169860039519,928.8890768335162,1092.8926416855938,1072.066849200923,49.72294616699219,583.9756469726562,11.902880668640137,0.015055559150853975,False,1.176558825959229,1.4068676233291626,7.814844131469727
0.005,7,3,6000,0.1739702671766281,64,40.0,0.32943078574238194,928.8890768335162,1157.7847848869794,1080.216815786354,49.72294616699219,1464.7125244140625,31.372285842895508,0.04194048620595036,False,1.246418774600886,2.1334168910980225,19.984210968017578
0.005,7,3,6000,0.1739702671766281,128,1.0,2.128327200615088e-06,2624.9533510108663,2624.9533510108663,2624.950646410389,39.9318733215332,39.9318733215332,1.000028133392334,0.0,False,1.0,1.0,1.0
0.005,7,3,6000,0.1739702671766281,128,5.0,0.26509222279301464,2624.9533510108663,5128.2723349235675,3683.4809529747554,39.9318733215332,98.42388153076172,4.06928014755249,0.001523256305547161,False,1.9536622747785883,1.0165785551071167,2.894500255584717
0.005,7,3,6000,0.1739702671766281,128,15.0,0.34147322303059624,2624.9533510108663,8467.595212129625,5094.465144918021,39.9318733215332,177.76524353027344,11.742411613464355,0.005331397069415064,False,3.225807882973907,1.0580251216888428,7.630751132965088
0.005,7,3,6000,0.1739702671766281,128,40.0,0.36803840862216003,2624.9533510108663,10722.614982097044,5794.359414183828,39.9318733215332,373.6592712402344,30.92523765563965,0.014851748979084822,False,4.0848783000154185,1.1616415977478027,19.471378326416016
0.005,7,3,6000,0.1739702671766281,256,1.0,4.463994658455596e-06,18191.58744473266,18191.58744473266,18190.638323787472,7.59097957611084,7.59097957611084,1.0001003742218018,0.0,False,1.0,1.0,1.0
0.005,7,3,6000,0.1739702671766281,256,5.0,0.26529406277757744,18191.58744473266,31482.99121465467,27965.412839697765,7.59097957611084,19.92943572998047,2.945413589477539,0.00021986976905575512,False,1.7306346304467515,1.0881913900375366,2.9315662384033203
0.005,7,3,6000,0.1739702671766281,256,15.0,0.34068844259988906,18191.58744473266,41045.23907098917,31095.163009445543,7.59097957611084,45.12491989135742,7.8086957931518555,0.0007695441916951429,False,2.2562758305556088,1.3086698055267334,7.760481834411621
0.005,7,3,6000,0.1739702671766281,256,40.0,0.3668275068208448,18191.58744473266,48989.39472346013,32249.395667028384,7.59097957611084,100.31193542480469,19.966901779174805,0.002143730248293612,False,2.692969751666445,1.8598659038543701,19.83277130126953
0.005,7,3,6000,0.1739702671766281,512,1.0,7.194518097178457e-06,1276668.0623641512,1276668.0623641512,1276651.6563887682,0.16447244584560394,0.16447244584560394,1.0002734661102295,0.0,False,1.0,1.0,1.0
0.005,7,3,6000,0.1739702671766281,512,5.0,0.27456149312681,1276668.0623641512,449142961.087649,3911330.7911292664,0.16447244584560394,0.0021792035549879074,2.9277780055999756,3.133153389487446e-06,False,351.80872329172234,1.0479134321212769,2.926945209503174
0.005,7,3,6000,0.1739702671766281,512,15.0,0.3527293864519711,1276668.0623641512,7990869.79329102,6263042.52390331,0.16447244584560394,0.36330869793891907,7.746540069580078,1.096603686320606e-05,False,6.25916009717782,1.1676969528198242,7.744308948516846
0.005,7,3,6000,0.1739702671766281,512,40.0,0.3798417267891774,1276668.0623641512,767520806.5833519,7743006.727124501,0.16447244584560394,0.0100511210039258,19.793441772460938,3.05482455475026e-05,False,601.1905750677638,1.4671556949615479,19.787717819213867
0.005,7,4,9000,0.17702360451221466,64,1.0,1.1774848585391797e-06,730.3781019434338,730.3781019434338,730.3765436103529,46.86201858520508,46.86201858520508,1.0000128746032715,0.0,False,1.0,1.0,1.0
0.005,7,4,9000,0.17702360451221466,64,5.0,0.25625867307082933,730.3781019434338,969.6117722377425,962.1598002246709,46.86201858520508,165.6232147216797,3.5423290729522705,0.005469127376621085,False,1.3275477039327184,1.2307194471359253,2.9375619888305664
0.005,7,4,9000,0.17702360451221466,64,15.0,0.328785802589339,730.3781019434338,1033.6530352853063,1020.7027033215078,46.86201858520508,461.4060363769531,9.898119926452637,0.019141945818173797,False,1.4152300466496741,1.8075182437896729,7.781467437744141
0.005,7,4,9000,0.17702360451221466,64,40.0,0.35389516051113623,730.3781019434338,1057.3236136550024,1040.8071522210687,46.86201858520508,1199.1083984375,25.787595748901367,0.05332399192205557,False,1.447638710472853,3.2495150566101074,19.891231536865234
0.005,7,4,9000,0.17702360451221466,128,1.0,2.2332478709310847e-06,2500.0668600635445,2500.0668600635445,2500.043518901646,36.2303466796875,36.2303466796875,1.0000296831130981,0.0,False,1.0,1.0,1.0
0.005,7,4,9000,0.17702360451221466,128,5.0,0.2616243652163875,2500.0668600635445,4071.42085672591,3434.812781113754,36.2303466796875,107.13351440429688,3.4985432624816895,0.0015993175008117825,False,1.6285247893820034,1.1188902854919434,2.9040112495422363
0.005,7,4,9000,0.17702360451221466,128,15.0,0.3370249829060614,2500.0668600635445,5592.22100463571,4015.2431301178253,36.2303466796875,232.58270263671875,9.744827270507812,0.005597611252841239,False,2.236828580053884,1.4161157608032227,7.66403865814209
0.005,7,4,9000,0.17702360451221466,128,40.0,0.3632759531904581,2500.0668600635445,6510.466765380404,4411.765053475857,36.2303466796875,531.741943359375,25.360536575317383,0.015593345632914878,False,2.6041170615792755,2.159179925918579,19.564109802246094
0.005,7,4,9000,0.17702360451221466,256,1.0,4.458557786806629e-06,18415.59187956638,18415.59187956638,18414.630603761154,6.155310153961182,6.155310153961182,1.00010085105896,0.0,False,1.0,1.0,1.0
0.005,7,4,9000,0.17702360451221466,256,5.0,0.2707054453407484,18415.59187956638,32373.8953031158,28600.616016751275,6.155310153961182,15.969027519226074,2.9285058975219727,0.0002171954521312974,False,1.7579611621952436,1.0297476053237915,2.911957025527954
0.005,7,4,9000,0.17702360451221466,256,15.0,0.34800258091244624,18415.59187956638,42629.80328247718,31886.956546662437,6.155310153961182,35.81830978393555,7.749517440795898,0.0007601840824595409,False,2.314875544661612,1.1041169166564941,7.691849231719971
0.005,7,4,9000,0.17702360451221466,256,40.0,0.37481347481956834,18415.59187956638,51174.00864572863,33101.97532096596,6.155310153961182,79.18017578125,19.802047729492188,0.00211765565828015,False,2.778841374222157,1.290040135383606,19.641578674316406
0.005,7,4,9000,0.17702360451221466,512,1.0,7.324009763171352e-06,461089681.0263935,461089681.0263935,461001341.88329196,0.0003884031902998686,0.0003884031902998686,1.0002741813659668,0.0,False,1.0,1.0,1.0
0.005,7,4,9000,0.17702360451221466,512,5.0,0.27555116216701425,461089681.0263935,82018814.69182977,740894464.2841903,0.0003884031902998686,0.01027180626988411,2.9183921813964844,8.675101950711258e-09,False,0.17788039521781207,1.0136809349060059,2.9181551933288574
0.005,7,4,9000,0.17702360451221466,512,15.0,0.35438097395914947,461089681.0263935,7932666.696680437,831632406.4514529,0.0003884031902998686,0.315457820892334,7.713688850402832,3.036285682748941e-08,False,0.01720417312099066,1.047883152961731,7.713542938232422
0.005,7,4,9000,0.17702360451221466,512,40.0,0.38176416521340273,461089681.0263935,36138905.23541592,865234124.612762,0.0003884031902998686,0.18408025801181793,19.70193099975586,8.458224401943477e-08,False,0.07837717199606398,1.133388876914978,19.702011108398438
0.005,7,5,12000,0.1773713231086731,64,1.0,1.1832106129280187e-06,733.3160389839124,733.3160389839124,733.3133517010837,42.819740295410156,42.819740295410156,1.0000152587890625,0.0,False,1.0,1.0,1.0
0.005,7,5,12000,0.1773713231086731,64,5.0,0.24485159767144135,733.3160389839124,1255.4065015602405,1251.9761444033081,42.819740295410156,120.87059783935547,2.824463367462158,0.005447245855524113,False,1.7119583301351762,1.419532299041748,2.800032615661621
0.005,7,5,12000,0.1773713231086731,64,15.0,0.3192686317331948,733.3160389839124,1433.5987334590998,1427.5451736729674,42.819740295410156,315.8208312988281,7.38558292388916,0.019065360494334396,False,1.9549534678738292,2.468362808227539,7.300114631652832
0.005,7,5,12000,0.1773713231086731,64,40.0,0.34559796122688724,733.3160389839124,1501.0576445747192,1493.528336637673,42.819740295410156,802.9859008789062,18.788381576538086,0.053110647091360104,False,2.0469450615788993,5.090439319610596,18.55031967163086
0.005,7,5,12000,0.1773713231086731,128,1.0,2.2287856922794043e-06,2765.3143390571504,2765.3143390571504,2765.301178009677,31.432937622070312,31.432937622070312,1.000025987625122,0.0,False,1.0,1.0,1.0
0.005,7,5,12000,0.1773713231086731,128,5.0,0.20870376256971923,2765.3143390571504,4772.768985472921,4751.438155932259,31.432937622070312,88.06868743896484,2.8127498626708984,0.0014459672725997328,False,1.7259408516647057,1.1343915462493896,2.9852421283721924
0.005,7,5,12000,0.1773713231086731,128,15.0,0.26952316596136355,2765.3143390571504,5508.5047056531175,5427.513026488941,31.432937622070312,227.64866638183594,7.3445587158203125,0.005060885454099064,False,1.9919994728452004,1.4703705310821533,7.948347091674805
0.005,7,5,12000,0.1773713231086731,128,40.0,0.29097032966077924,2765.3143390571504,5871.157285092743,5682.094071383882,31.432937622070312,568.5748291015625,18.674081802368164,0.014098180907847395,False,2.1231428203907363,2.3103179931640625,20.356111526489258
0.005,7,5,12000,0.1773713231086731,256,1.0,4.4952226312903775e-06,23541.598123351385,23541.598123351385,23540.283197674886,4.523813724517822,4.523813724517822,1.0000969171524048,0.0,False,1.0,1.0,1.0
0.005,7,5,12000,0.1773713231086731,256,5.0,0.24492462445640398,23541.598123351385,42165.10451159023,38431.02083601613,4.523813724517822,12.186177253723145,2.953268051147461,0.00016990478192092522,False,1.7910893003379331,1.12283456325531,2.9448623657226562
0.005,7,5,12000,0.1773713231086731,256,15.0,0.31573817819374744,23541.598123351385,53114.607184292036,43182.102691837645,4.523813724517822,28.850820541381836,7.836195945739746,0.0005946667367232382,False,2.2562022725044564,1.4299207925796509,7.807019233703613
0.005,7,5,12000,0.1773713231086731,256,40.0,0.340523803364662,23541.598123351385,60118.18298066663,44932.179213475065,4.523813724517822,67.84716033935547,20.043516159057617,0.0016565716237290208,False,2.55370016367046,2.197636604309082,19.96240997314453
0.005,7,5,12000,0.1773713231086731,512,1.0,7.30558557386182e-06,1366193.4451106736,1366193.4451106736,1366122.0522523266,0.12283143401145935,0.12283143401145935,1.000293493270874,0.0,False,1.0,1.0,1.0
0.005,7,5,12000,0.1773713231086731,512,5.0,0.25900989536701724,1366193.4451106736,3623800844.6109443,2535367.3944718176,0.12283143401145935,0.0002235975698567927,2.9211103916168213,2.9278409192155407e-06,False,2652.48004049484,1.0692929029464722,2.919318675994873
0.005,7,5,12000,0.1773713231086731,512,15.0,0.3342265727173005,1366193.4451106736,22481108.003021304,2978523.316168495,0.12283143401145935,0.10750836879014969,7.723153114318848,1.0247443217254392e-05,False,16.45528902475457,1.2425249814987183,7.717615127563477
0.005,7,5,12000,0.1773713231086731,512,40.0,0.36054816711097815,1366193.4451106736,7815683.915110994,3152087.4891998875,0.12283143401145935,0.8231561779975891,19.728271484375,2.8546448962351522e-05,False,5.720773981958211,1.6756051778793335,19.713356018066406
