nu,n_grid,n_inband,n,good_med,bad_med,good_max,bad_min,natural_gap,max_flip_03_07,acc_at_05
0.001,2048,6,20,0.265672,0.999878,0.795215,0.980915,0.1857,2,0.9
0.001,8192,24,20,0.264716,0.999866,0.791672,0.980761,0.189089,2,0.9
0.001,32768,98,20,0.259461,0.999848,0.77672,0.980589,0.203869,2,0.9
0.001,131072,394,20,0.258197,0.999844,0.773123,0.980548,0.207425,2,0.9
0.003,2048,18,20,0.426769,0.988115,0.954617,0.949311,-0.00530624,2,0.7
0.003,8192,74,20,0.415377,0.987723,0.930882,0.949014,0.0181324,2,0.7
0.003,32768,294,20,0.418179,0.987818,0.93669,0.949085,0.0123942,2,0.7
0.003,131072,1180,20,0.416795,0.987771,0.933819,0.94905,0.0152302,2,0.7
0.005,2048,30,20,0.234728,0.968436,0.684035,0.936624,0.252589,6,0.7
0.005,8192,122,20,0.230952,0.968301,0.67339,0.936757,0.263367,6,0.7
0.005,32768,492,20,0.229112,0.968236,0.668203,0.931598,0.263395,6,0.7
0.005,131072,1966,20,0.229347,0.968245,0.668867,0.932468,0.263601,6,0.7
0.01,2048,62,20,0.232571,0.624752,0.367631,0.173728,-0.193903,3,0.9
0.01,8192,246,20,0.234434,0.629409,0.370653,0.175141,-0.195512,3,0.9
0.01,32768,984,20,0.234454,0.629459,0.370685,0.175156,-0.19553,3,0.9
0.01,131072,3932,20,0.234686,0.630037,0.37106,0.175331,-0.195729,3,0.9
