axis,level,hidden,layers,n_pde,nu,family,n,beta_star_med,eta_beta_spearman,L2_b1,L2_b3,L2_b8,conv_epoch_med,frac_converged
width,32,32,4,10000,0.005,down_inv,5,1.0,-1.0,0.3016839027404785,0.5665280818939209,0.4237746298313141,7999.0,0.0
width,32,32,4,10000,0.005,rational,5,3.0,1.0,0.3016839027404785,0.030818000435829163,0.02796262875199318,7999.0,0.0
width,32,32,4,10000,0.005,uniform,5,1.0,nan,0.3016839027404785,0.3016839027404785,0.3016839027404785,7999.0,0.0
width,32,32,4,10000,0.1,down_inv,5,1.0,-1.0,0.032271333038806915,0.032293178141117096,0.02841205894947052,7999.0,0.0
width,32,32,4,10000,0.1,rational,5,3.0,1.0,0.032271333038806915,0.0359015166759491,0.03771710395812988,7999.0,0.0
width,32,32,4,10000,0.1,uniform,5,1.0,nan,0.032271333038806915,0.032271333038806915,0.032271333038806915,7999.0,0.0
width,64,64,4,10000,0.005,rational,5,3.0,1.0,0.004309493582695723,0.006936144549399614,0.01829606108367443,7999.0,0.0
width,64,64,4,10000,0.1,rational,5,1.0,1.0,0.022238528355956078,0.02247265726327896,0.022565405815839767,7999.0,0.0
width,128,128,4,10000,0.005,down_inv,5,1.0,-1.0,0.01136389747262001,0.0193746630102396,0.015915006399154663,7999.0,0.0
width,128,128,4,10000,0.005,rational,5,8.0,1.0,0.01136389747262001,0.007652430795133114,0.004667546134442091,7999.0,0.0
width,128,128,4,10000,0.005,uniform,5,1.0,nan,0.01136389747262001,0.01136389747262001,0.01136389747262001,7999.0,0.0
width,128,128,4,10000,0.1,down_inv,5,8.0,-1.0,0.01687696948647499,0.014924718998372555,0.009295971132814884,7999.0,0.0
width,128,128,4,10000,0.1,rational,5,1.0,1.0,0.01687696948647499,0.017714524641633034,0.0194078478962183,7999.0,0.0
width,128,128,4,10000,0.1,uniform,5,1.0,nan,0.01687696948647499,0.01687696948647499,0.01687696948647499,7999.0,0.0
depth,3,64,3,10000,0.005,rational,5,8.0,1.0,0.03548717126250267,0.024855712428689003,0.014457824639976025,7999.0,0.13333333333333333
depth,3,64,3,10000,0.1,rational,5,1.0,1.0,0.04132850095629692,0.039295926690101624,0.034822508692741394,7999.0,0.0
depth,6,64,6,10000,0.005,rational,5,3.0,1.0,0.013587696477770805,0.007427942473441362,0.008528058417141438,7999.0,0.0
depth,6,64,6,10000,0.1,rational,5,1.0,1.0,0.021336795762181282,0.025676734745502472,0.025345774367451668,7999.0,0.0
npde,2500,64,4,2500,0.005,rational,5,3.0,1.0,0.009851940907537937,0.013584158383309841,0.01127380970865488,7999.0,0.0
npde,2500,64,4,2500,0.1,rational,5,1.0,1.0,0.033259373158216476,0.031439293175935745,0.0343145914375782,7999.0,0.0
npde,40000,64,4,40000,0.005,rational,5,3.0,1.0,0.04236708953976631,0.06500545889139175,0.05029772222042084,7999.0,0.0
npde,40000,64,4,40000,0.1,rational,5,1.0,1.0,0.023407934233546257,0.023861698806285858,0.022098645567893982,7999.0,0.0
