nu,base_seed,K,k_feat,family,beta,phase0_L2,phase1_L2,umin_pred,umin_true
0.01,0,4,32,uniform,1.0,0.1668042152490913,0.14889287845591456,-0.752772867679596,-0.8962321269558872
0.01,0,4,32,rational,1.0,0.1668042152490913,0.14889287845591456,-0.752772867679596,-0.8962321269558872
0.01,0,4,32,rational,3.0,0.1668042152490913,0.14671996555891545,-0.7824540734291077,-0.8962321269558872
0.01,0,4,32,rational,10.0,0.1668042152490913,0.1529664811071382,-0.7757640480995178,-0.8962321269558872
0.01,0,4,32,down_inv,3.0,0.1668042152490913,0.14672361105465714,-0.764320969581604,-0.8962321269558872
0.01,0,4,32,down_inv,10.0,0.1668042152490913,0.1482776287654513,-0.7596654891967773,-0.8962321269558872
0.01,5,4,32,uniform,1.0,0.16163022742073557,0.1437077582400252,-0.7670284509658813,-0.8962321269558872
0.01,5,4,32,rational,1.0,0.16163022742073557,0.1437077582400252,-0.7670284509658813,-0.8962321269558872
0.01,5,4,32,rational,3.0,0.16163022742073557,0.1443393752333393,-0.7849355936050415,-0.8962321269558872
0.01,5,4,32,rational,10.0,0.16163022742073557,0.14187682678152524,-0.7812949419021606,-0.8962321269558872
0.01,5,4,32,down_inv,3.0,0.16163022742073557,0.14596723113830357,-0.7615584135055542,-0.8962321269558872
0.01,5,4,32,down_inv,10.0,0.16163022742073557,0.1473906840202018,-0.7627268433570862,-0.8962321269558872
