nu,budget,metric,n_full,n_sub,B,full11,p05,p50,p95
0.005,2000,bstar,11,5,1000,8.0,1.0,8.0,8.0
0.005,2000,L2_b1,11,5,1000,0.03893157094717026,0.004131441004574299,0.03893157094717026,0.04950081557035446
0.005,2000,L2_b3,11,5,1000,0.03943246603012085,0.004398535005748272,0.03943246603012085,0.046332843601703644
0.005,2000,L2_b8,11,5,1000,0.0393286757171154,0.0032194459345191717,0.0393286757171154,0.06303585320711136
0.005,2000,maxrel_4k_8k,11,5,1000,0.5180943974795457,0.16897790025392742,0.5180943974795457,0.9124557672613146
0.005,2000,frac_seed_bstar_eq1,11,5,1000,0.2727272727272727,0.0,0.2,0.6
0.005,4000,bstar,11,5,1000,8.0,3.0,8.0,8.0
0.005,4000,L2_b1,11,5,1000,0.0385306254029274,0.002473933156579733,0.0385306254029274,0.04642106220126152
0.005,4000,L2_b3,11,5,1000,0.0345948189496994,0.004398535005748272,0.0345948189496994,0.039221763610839844
0.005,4000,L2_b8,11,5,1000,0.025906607508659363,0.0032194459345191717,0.025906607508659363,0.05253776162862778
0.005,4000,maxrel_4k_8k,11,5,1000,0.0,0.0,0.0,0.0
0.005,4000,frac_seed_bstar_eq1,11,5,1000,0.18181818181818182,0.0,0.2,0.4
0.005,8000,bstar,11,5,1000,8.0,1.0,8.0,8.0
0.005,8000,L2_b1,11,5,1000,0.008398977108299732,0.0030543778440915064,0.008398977108299732,0.04343600943684578
0.005,8000,L2_b3,11,5,1000,0.010882994160056114,0.004598805378191174,0.010882994160056114,0.02229570969939232
0.005,8000,L2_b8,11,5,1000,0.010175357572734356,0.0036689776461571455,0.010175357572734356,0.027187636122107506
0.005,8000,maxrel_4k_8k,11,5,1000,0.782018147350299,0.35936870295545204,0.6517540809283988,0.8215867345356228
0.005,8000,frac_seed_bstar_eq1,11,5,1000,0.2727272727272727,0.0,0.2,0.6
0.1,2000,bstar,11,5,1000,1.0,1.0,1.0,3.0
0.1,2000,L2_b1,11,5,1000,0.033366065472364426,0.025975944474339485,0.033366065472364426,0.04745166748762131
0.1,2000,L2_b3,11,5,1000,0.037167876958847046,0.030492866411805153,0.037167876958847046,0.05176013708114624
0.1,2000,L2_b8,11,5,1000,0.039416681975126266,0.030155383050441742,0.039416681975126266,0.050517793744802475
0.1,2000,maxrel_4k_8k,11,5,1000,0.12897086021775137,0.07829677722578192,0.25567175553978067,0.609615726609166
0.1,2000,frac_seed_bstar_eq1,11,5,1000,0.7272727272727273,0.4,0.8,1.0
0.1,4000,bstar,11,5,1000,1.0,1.0,1.0,1.0
0.1,4000,L2_b1,11,5,1000,0.02955440804362297,0.022270770743489265,0.02955440804362297,0.037518564611673355
0.1,4000,L2_b3,11,5,1000,0.033074717968702316,0.026135066524147987,0.033074717968702316,0.034469060599803925
0.1,4000,L2_b8,11,5,1000,0.0360100120306015,0.025197787210345268,0.0360100120306015,0.03812653198838234
0.1,4000,maxrel_4k_8k,11,5,1000,0.0,0.0,0.0,0.0
0.1,4000,frac_seed_bstar_eq1,11,5,1000,0.8181818181818182,0.6,0.8,1.0
0.1,8000,bstar,11,5,1000,1.0,1.0,1.0,3.0
0.1,8000,L2_b1,11,5,1000,0.026641374453902245,0.022238528355956078,0.026641374453902245,0.037518564611673355
0.1,8000,L2_b3,11,5,1000,0.02361239865422249,0.02247265726327896,0.02361239865422249,0.03468490019440651
0.1,8000,L2_b8,11,5,1000,0.026375239714980125,0.022565405815839767,0.026375239714980125,0.0360100120306015
0.1,8000,maxrel_4k_8k,11,5,1000,0.28608919124110654,0.05422224943995952,0.16363336495808942,0.3161829613719083
0.1,8000,frac_seed_bstar_eq1,11,5,1000,0.5454545454545454,0.2,0.6,0.8
0.5,2000,bstar,11,5,1000,3.0,1.0,3.0,8.0
0.5,2000,L2_b1,11,5,1000,0.004223909229040146,0.0035296278074383736,0.004223909229040146,0.005191711243242025
0.5,2000,L2_b3,11,5,1000,0.004268860910087824,0.003520025173202157,0.004268860910087824,0.005260234232991934
0.5,2000,L2_b8,11,5,1000,0.0045307474210858345,0.0038866044487804174,0.0045307474210858345,0.0056090145371854305
0.5,2000,maxrel_4k_8k,11,5,1000,0.2669638662706046,0.21640919266706873,0.3881434884186827,0.6189322297962158
0.5,2000,frac_seed_bstar_eq1,11,5,1000,0.45454545454545453,0.2,0.4,0.8
0.5,4000,bstar,11,5,1000,3.0,1.0,3.0,8.0
0.5,4000,L2_b1,11,5,1000,0.0036560685839504004,0.002537420019507408,0.0036560685839504004,0.004082140512764454
0.5,4000,L2_b3,11,5,1000,0.0033693627920001745,0.0028065901715308428,0.0033693627920001745,0.0038430828135460615
0.5,4000,L2_b8,11,5,1000,0.0035984187852591276,0.0030334615148603916,0.0035984187852591276,0.0040045143105089664
0.5,4000,maxrel_4k_8k,11,5,1000,0.0,0.0,0.0,0.0
0.5,4000,frac_seed_bstar_eq1,11,5,1000,0.2727272727272727,0.0,0.2,0.6
0.5,8000,bstar,11,5,1000,3.0,1.0,3.0,3.0
0.5,8000,L2_b1,11,5,1000,0.002537420019507408,0.0018633075524121523,0.002537420019507408,0.0030922589357942343
0.5,8000,L2_b3,11,5,1000,0.002409863518550992,0.0022565117105841637,0.002409863518550992,0.0029999304097145796
0.5,8000,L2_b8,11,5,1000,0.0029138396494090557,0.0020772714633494616,0.0029138396494090557,0.0031056953594088554
0.5,8000,maxrel_4k_8k,11,5,1000,0.3059703444972896,0.22665884766810912,0.3623696290020275,0.49035213368749464
0.5,8000,frac_seed_bstar_eq1,11,5,1000,0.36363636363636365,0.0,0.4,0.6
