nu,budget,n,beta_star_med,eta_beta_spearman,eta_applicable,L2_b1,L2_b3,L2_b8,conv_epoch_med,frac_converged
0.005,2000,11,8.0,1.0,1,0.03893157094717026,0.03943246603012085,0.0393286757171154,1999.0,0.0
0.005,4000,11,8.0,1.0,1,0.0385306254029274,0.0345948189496994,0.025906607508659363,3999.0,0.0
0.005,8000,11,8.0,1.0,1,0.008398977108299732,0.010882994160056114,0.010175357572734356,7999.0,0.0
0.1,2000,11,1.0,1.0,1,0.033366065472364426,0.037167876958847046,0.039416681975126266,1999.0,0.0
0.1,4000,11,1.0,1.0,1,0.02955440804362297,0.033074717968702316,0.0360100120306015,3999.0,0.0
0.1,8000,11,1.0,1.0,1,0.026641374453902245,0.02361239865422249,0.026375239714980125,7999.0,0.0
0.5,2000,11,3.0,nan,0,0.004223909229040146,0.004268860910087824,0.0045307474210858345,1999.0,0.0
0.5,4000,11,3.0,nan,0,0.0036560685839504004,0.0033693627920001745,0.0035984187852591276,3999.0,0.0
0.5,8000,11,3.0,nan,0,0.002537420019507408,0.002409863518550992,0.0029138396494090557,7999.0,0.0
