nu,seed,beta,step,L2
0.5,0,1.0,0,0.19826920330524445
0.5,0,1.0,200,0.19808180630207062
0.5,0,1.0,400,0.19840124249458313
0.5,0,1.0,600,0.1986752301454544
0.5,0,1.0,800,0.1988033652305603
0.5,0,1.0,1000,0.19967533648014069
0.5,0,1.0,1200,0.20128260552883148
0.5,0,1.0,1400,0.20306028425693512
0.5,0,1.0,1600,0.2055875062942505
0.5,0,1.0,1800,0.2077561616897583
0.5,0,1.0,2000,0.2167527973651886
0.5,0,1.0,2200,0.22863739728927612
0.5,0,1.0,2400,0.2538008987903595
0.5,0,1.0,2600,0.316454142332077
0.5,0,1.0,2800,0.3951721489429474
0.5,0,1.0,3000,0.4110887348651886
0.5,0,1.0,3200,0.3946252763271332
0.5,0,1.0,3400,0.3714818060398102
0.5,0,1.0,3600,0.3564741313457489
0.5,0,1.0,3800,0.3498207628726959
0.5,0,1.0,4000,0.34765124320983887
0.5,0,1.0,4200,0.34794723987579346
0.5,0,1.0,4400,0.3469181954860687
0.5,0,1.0,4600,0.34830591082572937
0.5,0,1.0,4800,0.3481736481189728
0.5,0,1.0,5000,0.3502084016799927
0.5,0,1.0,5200,0.3478288948535919
0.5,0,1.0,5400,0.34848886728286743
0.5,0,1.0,5600,0.34678807854652405
0.5,0,1.0,5800,0.34874510765075684
0.5,0,1.0,6000,0.35117340087890625
0.5,0,1.0,6200,0.34903833270072937
0.5,0,1.0,6400,0.3505606949329376
0.5,0,1.0,6600,0.35103702545166016
0.5,0,1.0,6800,0.35012462735176086
0.5,0,1.0,7000,0.35181599855422974
0.5,0,1.0,7200,0.35024213790893555
0.5,0,1.0,7400,0.3489542007446289
0.5,0,1.0,7600,0.3504834771156311
0.5,0,1.0,7800,0.34952759742736816
0.5,0,1.0,7999,0.35178208351135254
0.5,0,3.0,0,0.19827817380428314
0.5,0,3.0,200,0.19809481501579285
0.5,0,3.0,400,0.19850724935531616
0.5,0,3.0,600,0.19911649823188782
0.5,0,3.0,800,0.19933050870895386
0.5,0,3.0,1000,0.19926247000694275
0.5,0,3.0,1200,0.19964338839054108
0.5,0,3.0,1400,0.2007204294204712
0.5,0,3.0,1600,0.2031562626361847
0.5,0,3.0,1800,0.20562507212162018
0.5,0,3.0,2000,0.20878182351589203
0.5,0,3.0,2200,0.21665722131729126
0.5,0,3.0,2400,0.22232656180858612
0.5,0,3.0,2600,0.2384546399116516
0.5,0,3.0,2800,0.282058984041214
0.5,0,3.0,3000,0.34201884269714355
0.5,0,3.0,3200,0.35590922832489014
0.5,0,3.0,3400,0.3493013381958008
0.5,0,3.0,3600,0.3444882035255432
0.5,0,3.0,3800,0.34320753812789917
0.5,0,3.0,4000,0.34138184785842896
0.5,0,3.0,4200,0.3427172005176544
0.5,0,3.0,4400,0.34615880250930786
0.5,0,3.0,4600,0.3446073830127716
0.5,0,3.0,4800,0.3463413119316101
0.5,0,3.0,5000,0.34324416518211365
0.5,0,3.0,5200,0.3476489782333374
0.5,0,3.0,5400,0.3469328284263611
0.5,0,3.0,5600,0.3466835916042328
0.5,0,3.0,5800,0.35032325983047485
0.5,0,3.0,6000,0.3471345007419586
0.5,0,3.0,6200,0.3474937975406647
0.5,0,3.0,6400,0.34742727875709534
0.5,0,3.0,6600,0.3486941158771515
0.5,0,3.0,6800,0.34913942217826843
0.5,0,3.0,7000,0.3478584885597229
0.5,0,3.0,7200,0.3468928039073944
0.5,0,3.0,7400,0.35057029128074646
0.5,0,3.0,7600,0.3486414849758148
0.5,0,3.0,7800,0.3471393287181854
0.5,0,3.0,7999,0.3521590828895569
0.5,0,8.0,0,0.1982908993959427
0.5,0,8.0,200,0.198199063539505
0.5,0,8.0,400,0.1987304538488388
0.5,0,8.0,600,0.19892007112503052
0.5,0,8.0,800,0.19934380054473877
0.5,0,8.0,1000,0.1993553191423416
0.5,0,8.0,1200,0.19996283948421478
0.5,0,8.0,1400,0.20151492953300476
0.5,0,8.0,1600,0.2039814442396164
0.5,0,8.0,1800,0.2064598947763443
0.5,0,8.0,2000,0.2126796394586563
0.5,0,8.0,2200,0.2243954986333847
0.5,0,8.0,2400,0.23766882717609406
0.5,0,8.0,2600,0.2740679979324341
0.5,0,8.0,2800,0.3478752374649048
0.5,0,8.0,3000,0.3939538300037384
0.5,0,8.0,3200,0.38140881061553955
0.5,0,8.0,3400,0.363471120595932
0.5,0,8.0,3600,0.34841910004615784
0.5,0,8.0,3800,0.3453774154186249
0.5,0,8.0,4000,0.34359440207481384
0.5,0,8.0,4200,0.3426620364189148
0.5,0,8.0,4400,0.343392938375473
0.5,0,8.0,4600,0.34418800473213196
0.5,0,8.0,4800,0.34612324833869934
0.5,0,8.0,5000,0.3438015878200531
0.5,0,8.0,5200,0.34567350149154663
0.5,0,8.0,5400,0.3455958068370819
0.5,0,8.0,5600,0.3438931703567505
0.5,0,8.0,5800,0.3485991656780243
0.5,0,8.0,6000,0.34764301776885986
0.5,0,8.0,6200,0.34805330634117126
0.5,0,8.0,6400,0.3482673764228821
0.5,0,8.0,6600,0.3490104377269745
0.5,0,8.0,6800,0.34788811206817627
0.5,0,8.0,7000,0.3502635061740875
0.5,0,8.0,7200,0.34880971908569336
0.5,0,8.0,7400,0.34605005383491516
0.5,0,8.0,7600,0.34997308254241943
0.5,0,8.0,7800,0.348299115896225
0.5,0,8.0,7999,0.3478062152862549
0.5,5,1.0,0,0.1983335018157959
0.5,5,1.0,200,0.19818545877933502
0.5,5,1.0,400,0.19816339015960693
0.5,5,1.0,600,0.19820640981197357
0.5,5,1.0,800,0.19846610724925995
0.5,5,1.0,1000,0.20004908740520477
0.5,5,1.0,1200,0.20171302556991577
0.5,5,1.0,1400,0.20287081599235535
0.5,5,1.0,1600,0.20683783292770386
0.5,5,1.0,1800,0.20691516995429993
0.5,5,1.0,2000,0.21264863014221191
0.5,5,1.0,2200,0.22481730580329895
0.5,5,1.0,2400,0.26383477449417114
0.5,5,1.0,2600,0.3682752251625061
0.5,5,1.0,2800,0.4780930280685425
0.5,5,1.0,3000,0.4877571165561676
0.5,5,1.0,3200,0.4490887224674225
0.5,5,1.0,3400,0.4003831446170807
0.5,5,1.0,3600,0.3656933307647705
0.5,5,1.0,3800,0.3541381359100342
0.5,5,1.0,4000,0.35098108649253845
0.5,5,1.0,4200,0.34895211458206177
0.5,5,1.0,4400,0.34784194827079773
0.5,5,1.0,4600,0.34757664799690247
0.5,5,1.0,4800,0.34905287623405457
0.5,5,1.0,5000,0.34850364923477173
0.5,5,1.0,5200,0.3500017523765564
0.5,5,1.0,5400,0.34993818402290344
0.5,5,1.0,5600,0.3503621816635132
0.5,5,1.0,5800,0.3508996069431305
0.5,5,1.0,6000,0.35211181640625
0.5,5,1.0,6200,0.3505617380142212
0.5,5,1.0,6400,0.34947359561920166
0.5,5,1.0,6600,0.3513953387737274
0.5,5,1.0,6800,0.35043835639953613
0.5,5,1.0,7000,0.350970059633255
0.5,5,1.0,7200,0.3505142033100128
0.5,5,1.0,7400,0.3506423830986023
0.5,5,1.0,7600,0.35201016068458557
0.5,5,1.0,7800,0.3519778251647949
0.5,5,1.0,7999,0.3508618474006653
0.5,5,3.0,0,0.19834241271018982
0.5,5,3.0,200,0.19845014810562134
0.5,5,3.0,400,0.1982690989971161
0.5,5,3.0,600,0.19826717674732208
0.5,5,3.0,800,0.19905155897140503
0.5,5,3.0,1000,0.19999971985816956
0.5,5,3.0,1200,0.20044782757759094
0.5,5,3.0,1400,0.20311829447746277
0.5,5,3.0,1600,0.2062925398349762
0.5,5,3.0,1800,0.21643216907978058
0.5,5,3.0,2000,0.23055584728717804
0.5,5,3.0,2200,0.24203239381313324
0.5,5,3.0,2400,0.27465757727622986
0.5,5,3.0,2600,0.3389947712421417
0.5,5,3.0,2800,0.4512897729873657
0.5,5,3.0,3000,0.49386832118034363
0.5,5,3.0,3200,0.4617730975151062
0.5,5,3.0,3400,0.41529643535614014
0.5,5,3.0,3600,0.381885290145874
0.5,5,3.0,3800,0.36086204648017883
0.5,5,3.0,4000,0.3538169264793396
0.5,5,3.0,4200,0.3502963185310364
0.5,5,3.0,4400,0.3482018709182739
0.5,5,3.0,4600,0.35050269961357117
0.5,5,3.0,4800,0.3500637710094452
0.5,5,3.0,5000,0.34999239444732666
0.5,5,3.0,5200,0.3488953113555908
0.5,5,3.0,5400,0.34946444630622864
0.5,5,3.0,5600,0.34881868958473206
0.5,5,3.0,5800,0.35119161009788513
0.5,5,3.0,6000,0.35016533732414246
0.5,5,3.0,6200,0.34899207949638367
0.5,5,3.0,6400,0.35324302315711975
0.5,5,3.0,6600,0.34890422224998474
0.5,5,3.0,6800,0.3511304557323456
0.5,5,3.0,7000,0.34946882724761963
0.5,5,3.0,7200,0.3511575758457184
0.5,5,3.0,7400,0.35152679681777954
0.5,5,3.0,7600,0.3515211045742035
0.5,5,3.0,7800,0.3524606227874756
0.5,5,3.0,7999,0.3511612117290497
0.5,5,8.0,0,0.19833819568157196
0.5,5,8.0,200,0.19853734970092773
0.5,5,8.0,400,0.1983073204755783
0.5,5,8.0,600,0.19852489233016968
0.5,5,8.0,800,0.19995369017124176
0.5,5,8.0,1000,0.2011881321668625
0.5,5,8.0,1200,0.20136408507823944
0.5,5,8.0,1400,0.2054595798254013
0.5,5,8.0,1600,0.2111113965511322
0.5,5,8.0,1800,0.22725646197795868
0.5,5,8.0,2000,0.2465633898973465
0.5,5,8.0,2200,0.2728921175003052
0.5,5,8.0,2400,0.3029010593891144
0.5,5,8.0,2600,0.36820313334465027
0.5,5,8.0,2800,0.4828483760356903
0.5,5,8.0,3000,0.5282102227210999
0.5,5,8.0,3200,0.5076584219932556
0.5,5,8.0,3400,0.46132251620292664
0.5,5,8.0,3600,0.41175416111946106
0.5,5,8.0,3800,0.3790227472782135
0.5,5,8.0,4000,0.35949844121932983
0.5,5,8.0,4200,0.3519198000431061
0.5,5,8.0,4400,0.3523721396923065
0.5,5,8.0,4600,0.35019171237945557
0.5,5,8.0,4800,0.3508545458316803
0.5,5,8.0,5000,0.34778130054473877
0.5,5,8.0,5200,0.3493744730949402
0.5,5,8.0,5400,0.34943321347236633
0.5,5,8.0,5600,0.3506014943122864
0.5,5,8.0,5800,0.3509256839752197
0.5,5,8.0,6000,0.35118404030799866
0.5,5,8.0,6200,0.3506140112876892
0.5,5,8.0,6400,0.34745272994041443
0.5,5,8.0,6600,0.3503611385822296
0.5,5,8.0,6800,0.3502322733402252
0.5,5,8.0,7000,0.3515293598175049
0.5,5,8.0,7200,0.35087352991104126
0.5,5,8.0,7400,0.351898193359375
0.5,5,8.0,7600,0.3512793183326721
0.5,5,8.0,7800,0.35101374983787537
0.5,5,8.0,7999,0.3507928252220154
0.5,10,1.0,0,0.1986253410577774
0.5,10,1.0,200,0.1981925368309021
0.5,10,1.0,400,0.19824624061584473
0.5,10,1.0,600,0.1987057626247406
0.5,10,1.0,800,0.1989610195159912
0.5,10,1.0,1000,0.19976374506950378
0.5,10,1.0,1200,0.20128512382507324
0.5,10,1.0,1400,0.2032257467508316
0.5,10,1.0,1600,0.2051887959241867
0.5,10,1.0,1800,0.2118370085954666
0.5,10,1.0,2000,0.21908900141716003
0.5,10,1.0,2200,0.25199785828590393
0.5,10,1.0,2400,0.3480220437049866
0.5,10,1.0,2600,0.379986047744751
0.5,10,1.0,2800,0.3666306436061859
0.5,10,1.0,3000,0.3518913984298706
0.5,10,1.0,3200,0.34955379366874695
0.5,10,1.0,3400,0.3449518382549286
0.5,10,1.0,3600,0.34351733326911926
0.5,10,1.0,3800,0.34902194142341614
0.5,10,1.0,4000,0.3479079008102417
0.5,10,1.0,4200,0.3456326425075531
0.5,10,1.0,4400,0.3475705683231354
0.5,10,1.0,4600,0.3481196165084839
0.5,10,1.0,4800,0.34560835361480713
0.5,10,1.0,5000,0.34700149297714233
0.5,10,1.0,5200,0.3474193811416626
0.5,10,1.0,5400,0.34773769974708557
0.5,10,1.0,5600,0.3468712270259857
0.5,10,1.0,5800,0.3486117124557495
0.5,10,1.0,6000,0.3499216139316559
0.5,10,1.0,6200,0.3504951298236847
0.5,10,1.0,6400,0.3498142957687378
0.5,10,1.0,6600,0.35137486457824707
0.5,10,1.0,6800,0.3493753969669342
0.5,10,1.0,7000,0.3501812815666199
0.5,10,1.0,7200,0.34818124771118164
0.5,10,1.0,7400,0.34908658266067505
0.5,10,1.0,7600,0.35179927945137024
0.5,10,1.0,7800,0.3491835594177246
0.5,10,1.0,7999,0.34863102436065674
0.5,10,3.0,0,0.19862443208694458
0.5,10,3.0,200,0.1981889307498932
0.5,10,3.0,400,0.19821755588054657
0.5,10,3.0,600,0.19841699302196503
0.5,10,3.0,800,0.19877131283283234
0.5,10,3.0,1000,0.19940491020679474
0.5,10,3.0,1200,0.2003665566444397
0.5,10,3.0,1400,0.20157399773597717
0.5,10,3.0,1600,0.20655791461467743
0.5,10,3.0,1800,0.21199621260166168
0.5,10,3.0,2000,0.2190934419631958
0.5,10,3.0,2200,0.2224661260843277
0.5,10,3.0,2400,0.23761454224586487
0.5,10,3.0,2600,0.28959861397743225
0.5,10,3.0,2800,0.3201027810573578
0.5,10,3.0,3000,0.33221137523651123
0.5,10,3.0,3200,0.3371049761772156
0.5,10,3.0,3400,0.3434356451034546
0.5,10,3.0,3600,0.34203845262527466
0.5,10,3.0,3800,0.3430245816707611
0.5,10,3.0,4000,0.34639009833335876
0.5,10,3.0,4200,0.34412142634391785
0.5,10,3.0,4400,0.3474431335926056
0.5,10,3.0,4600,0.3454115688800812
0.5,10,3.0,4800,0.34742870926856995
0.5,10,3.0,5000,0.34785395860671997
0.5,10,3.0,5200,0.34809157252311707
0.5,10,3.0,5400,0.34858807921409607
0.5,10,3.0,5600,0.348665326833725
0.5,10,3.0,5800,0.3471662104129791
0.5,10,3.0,6000,0.3487621247768402
0.5,10,3.0,6200,0.3492492437362671
0.5,10,3.0,6400,0.3484970033168793
0.5,10,3.0,6600,0.3503701686859131
0.5,10,3.0,6800,0.3509526550769806
0.5,10,3.0,7000,0.34793007373809814
0.5,10,3.0,7200,0.35016706585884094
0.5,10,3.0,7400,0.3507908880710602
0.5,10,3.0,7600,0.3502076268196106
0.5,10,3.0,7800,0.34795424342155457
0.5,10,3.0,7999,0.34906911849975586
0.5,10,8.0,0,0.19863834977149963
0.5,10,8.0,200,0.19807472825050354
0.5,10,8.0,400,0.1982152760028839
0.5,10,8.0,600,0.19827628135681152
0.5,10,8.0,800,0.1985294669866562
0.5,10,8.0,1000,0.1995125561952591
0.5,10,8.0,1200,0.20120151340961456
0.5,10,8.0,1400,0.2039816528558731
0.5,10,8.0,1600,0.212074875831604
0.5,10,8.0,1800,0.22257594764232635
0.5,10,8.0,2000,0.235392227768898
0.5,10,8.0,2200,0.25740811228752136
0.5,10,8.0,2400,0.3141759932041168
0.5,10,8.0,2600,0.3447951674461365
0.5,10,8.0,2800,0.34884440898895264
0.5,10,8.0,3000,0.34801289439201355
0.5,10,8.0,3200,0.3454594910144806
0.5,10,8.0,3400,0.341322660446167
0.5,10,8.0,3600,0.3435520827770233
0.5,10,8.0,3800,0.34793269634246826
0.5,10,8.0,4000,0.3453092873096466
0.5,10,8.0,4200,0.3471758961677551
0.5,10,8.0,4400,0.3500764071941376
0.5,10,8.0,4600,0.3488613963127136
0.5,10,8.0,4800,0.3468058705329895
0.5,10,8.0,5000,0.34885528683662415
0.5,10,8.0,5200,0.348802775144577
0.5,10,8.0,5400,0.34503576159477234
0.5,10,8.0,5600,0.34716159105300903
0.5,10,8.0,5800,0.3486695885658264
0.5,10,8.0,6000,0.34808096289634705
0.5,10,8.0,6200,0.34830835461616516
0.5,10,8.0,6400,0.3487986922264099
0.5,10,8.0,6600,0.3497389853000641
0.5,10,8.0,6800,0.3457677960395813
0.5,10,8.0,7000,0.35042062401771545
0.5,10,8.0,7200,0.35111358761787415
0.5,10,8.0,7400,0.3492344617843628
0.5,10,8.0,7600,0.3487553894519806
0.5,10,8.0,7800,0.3500925898551941
0.5,10,8.0,7999,0.34813567996025085
0.5,15,1.0,0,0.19895243644714355
0.5,15,1.0,200,0.19813767075538635
0.5,15,1.0,400,0.19820940494537354
0.5,15,1.0,600,0.1996501088142395
0.5,15,1.0,800,0.20148244500160217
0.5,15,1.0,1000,0.2015713006258011
0.5,15,1.0,1200,0.20386344194412231
0.5,15,1.0,1400,0.20748911798000336
0.5,15,1.0,1600,0.20881354808807373
0.5,15,1.0,1800,0.2153014838695526
0.5,15,1.0,2000,0.22388364374637604
0.5,15,1.0,2200,0.24477465450763702
0.5,15,1.0,2400,0.32050538063049316
0.5,15,1.0,2600,0.3549310266971588
0.5,15,1.0,2800,0.3521144390106201
0.5,15,1.0,3000,0.3472827970981598
0.5,15,1.0,3200,0.3415721356868744
0.5,15,1.0,3400,0.34318187832832336
0.5,15,1.0,3600,0.34643006324768066
0.5,15,1.0,3800,0.3442472219467163
0.5,15,1.0,4000,0.3448939025402069
0.5,15,1.0,4200,0.34591439366340637
0.5,15,1.0,4400,0.3472890555858612
0.5,15,1.0,4600,0.34665781259536743
0.5,15,1.0,4800,0.3491195738315582
0.5,15,1.0,5000,0.34670305252075195
0.5,15,1.0,5200,0.34754642844200134
0.5,15,1.0,5400,0.35062673687934875
0.5,15,1.0,5600,0.34912753105163574
0.5,15,1.0,5800,0.3489223122596741
0.5,15,1.0,6000,0.3506779670715332
0.5,15,1.0,6200,0.3496943712234497
0.5,15,1.0,6400,0.35010090470314026
0.5,15,1.0,6600,0.3493310511112213
0.5,15,1.0,6800,0.35010430216789246
0.5,15,1.0,7000,0.34890633821487427
0.5,15,1.0,7200,0.35137301683425903
0.5,15,1.0,7400,0.34996697306632996
0.5,15,1.0,7600,0.35115286707878113
0.5,15,1.0,7800,0.34986451268196106
0.5,15,1.0,7999,0.3510240316390991
0.5,15,3.0,0,0.19900621473789215
0.5,15,3.0,200,0.19827324151992798
0.5,15,3.0,400,0.19830018281936646
0.5,15,3.0,600,0.19926583766937256
0.5,15,3.0,800,0.2014419138431549
0.5,15,3.0,1000,0.2015465348958969
0.5,15,3.0,1200,0.20396077632904053
0.5,15,3.0,1400,0.2104257494211197
0.5,15,3.0,1600,0.21412523090839386
0.5,15,3.0,1800,0.22412948310375214
0.5,15,3.0,2000,0.24067969620227814
0.5,15,3.0,2200,0.2884231507778168
0.5,15,3.0,2400,0.37894782423973083
0.5,15,3.0,2600,0.45745858550071716
0.5,15,3.0,2800,0.44048207998275757
0.5,15,3.0,3000,0.3987570106983185
0.5,15,3.0,3200,0.36771881580352783
0.5,15,3.0,3400,0.35643884539604187
0.5,15,3.0,3600,0.35149797797203064
0.5,15,3.0,3800,0.34794822335243225
0.5,15,3.0,4000,0.3470696210861206
0.5,15,3.0,4200,0.3479539453983307
0.5,15,3.0,4400,0.34947407245635986
0.5,15,3.0,4600,0.3487796187400818
0.5,15,3.0,4800,0.34894460439682007
0.5,15,3.0,5000,0.348967581987381
0.5,15,3.0,5200,0.3495503067970276
0.5,15,3.0,5400,0.3482002317905426
0.5,15,3.0,5600,0.3494354784488678
0.5,15,3.0,5800,0.3499666154384613
0.5,15,3.0,6000,0.3505330979824066
0.5,15,3.0,6200,0.3499564826488495
0.5,15,3.0,6400,0.3499179184436798
0.5,15,3.0,6600,0.35148972272872925
0.5,15,3.0,6800,0.3503287136554718
0.5,15,3.0,7000,0.3487345576286316
0.5,15,3.0,7200,0.3513230085372925
0.5,15,3.0,7400,0.3490343987941742
0.5,15,3.0,7600,0.351890504360199
0.5,15,3.0,7800,0.3517133295536041
0.5,15,3.0,7999,0.3508126735687256
0.5,15,8.0,0,0.19902347028255463
0.5,15,8.0,200,0.19860757887363434
0.5,15,8.0,400,0.1984657198190689
0.5,15,8.0,600,0.1989792436361313
0.5,15,8.0,800,0.20165210962295532
0.5,15,8.0,1000,0.20181742310523987
0.5,15,8.0,1200,0.20426391065120697
0.5,15,8.0,1400,0.21157270669937134
0.5,15,8.0,1600,0.21760638058185577
0.5,15,8.0,1800,0.23505358397960663
0.5,15,8.0,2000,0.25474733114242554
0.5,15,8.0,2200,0.3060816526412964
0.5,15,8.0,2400,0.4051707088947296
0.5,15,8.0,2600,0.477789044380188
0.5,15,8.0,2800,0.4714149236679077
0.5,15,8.0,3000,0.422063946723938
0.5,15,8.0,3200,0.3803783059120178
0.5,15,8.0,3400,0.3581507205963135
0.5,15,8.0,3600,0.3526737093925476
0.5,15,8.0,3800,0.3491537272930145
0.5,15,8.0,4000,0.34854304790496826
0.5,15,8.0,4200,0.34830787777900696
0.5,15,8.0,4400,0.3493090867996216
0.5,15,8.0,4600,0.3483237624168396
0.5,15,8.0,4800,0.3480243384838104
0.5,15,8.0,5000,0.3496604859828949
0.5,15,8.0,5200,0.349417120218277
0.5,15,8.0,5400,0.34902140498161316
0.5,15,8.0,5600,0.3502284586429596
0.5,15,8.0,5800,0.34998613595962524
0.5,15,8.0,6000,0.34994783997535706
0.5,15,8.0,6200,0.3495959937572479
0.5,15,8.0,6400,0.3505726456642151
0.5,15,8.0,6600,0.35010987520217896
0.5,15,8.0,6800,0.35055792331695557
0.5,15,8.0,7000,0.3498932421207428
0.5,15,8.0,7200,0.34997662901878357
0.5,15,8.0,7400,0.35139259696006775
0.5,15,8.0,7600,0.3504292964935303
0.5,15,8.0,7800,0.3503502905368805
0.5,15,8.0,7999,0.3509555757045746
0.5,20,1.0,0,0.1986834555864334
0.5,20,1.0,200,0.19808712601661682
0.5,20,1.0,400,0.19810110330581665
0.5,20,1.0,600,0.1984683722257614
0.5,20,1.0,800,0.1992407739162445
0.5,20,1.0,1000,0.20009975135326385
0.5,20,1.0,1200,0.20054088532924652
0.5,20,1.0,1400,0.20155322551727295
0.5,20,1.0,1600,0.2013896405696869
0.5,20,1.0,1800,0.2049454301595688
0.5,20,1.0,2000,0.20670074224472046
0.5,20,1.0,2200,0.21121811866760254
0.5,20,1.0,2400,0.2172185331583023
0.5,20,1.0,2600,0.23050184547901154
0.5,20,1.0,2800,0.25590622425079346
0.5,20,1.0,3000,0.2923983931541443
0.5,20,1.0,3200,0.3632221519947052
0.5,20,1.0,3400,0.43175047636032104
0.5,20,1.0,3600,0.44064265489578247
0.5,20,1.0,3800,0.4158593416213989
0.5,20,1.0,4000,0.3925776183605194
0.5,20,1.0,4200,0.36975330114364624
0.5,20,1.0,4400,0.358481764793396
0.5,20,1.0,4600,0.35254836082458496
0.5,20,1.0,4800,0.3503955006599426
0.5,20,1.0,5000,0.3495740592479706
0.5,20,1.0,5200,0.3484988212585449
0.5,20,1.0,5400,0.34957268834114075
0.5,20,1.0,5600,0.34919682145118713
0.5,20,1.0,5800,0.3475685715675354
0.5,20,1.0,6000,0.3505812883377075
0.5,20,1.0,6200,0.3488347828388214
0.5,20,1.0,6400,0.35043877363204956
0.5,20,1.0,6600,0.34948796033859253
0.5,20,1.0,6800,0.3490455150604248
0.5,20,1.0,7000,0.3502967357635498
0.5,20,1.0,7200,0.3515673279762268
0.5,20,1.0,7400,0.350618839263916
0.5,20,1.0,7600,0.3506452739238739
0.5,20,1.0,7800,0.35139399766921997
0.5,20,1.0,7999,0.35156431794166565
0.5,20,3.0,0,0.19865401089191437
0.5,20,3.0,200,0.19999802112579346
0.5,20,3.0,400,0.2002008855342865
0.5,20,3.0,600,0.20233489573001862
0.5,20,3.0,800,0.20341533422470093
0.5,20,3.0,1000,0.2078256905078888
0.5,20,3.0,1200,0.20977017283439636
0.5,20,3.0,1400,0.21228313446044922
0.5,20,3.0,1600,0.21806930005550385
0.5,20,3.0,1800,0.224666565656662
0.5,20,3.0,2000,0.23358137905597687
0.5,20,3.0,2200,0.2412060797214508
0.5,20,3.0,2400,0.2660852074623108
0.5,20,3.0,2600,0.3019859790802002
0.5,20,3.0,2800,0.3454853594303131
0.5,20,3.0,3000,0.3951132893562317
0.5,20,3.0,3200,0.4570956528186798
0.5,20,3.0,3400,0.5076473355293274
0.5,20,3.0,3600,0.5239790081977844
0.5,20,3.0,3800,0.509630024433136
0.5,20,3.0,4000,0.4827539920806885
0.5,20,3.0,4200,0.45398378372192383
0.5,20,3.0,4400,0.4230632483959198
0.5,20,3.0,4600,0.397154837846756
0.5,20,3.0,4800,0.37950432300567627
0.5,20,3.0,5000,0.3686233460903168
0.5,20,3.0,5200,0.3597159683704376
0.5,20,3.0,5400,0.35700032114982605
0.5,20,3.0,5600,0.35524606704711914
0.5,20,3.0,5800,0.35278505086898804
0.5,20,3.0,6000,0.3526354432106018
0.5,20,3.0,6200,0.35161373019218445
0.5,20,3.0,6400,0.3515656888484955
0.5,20,3.0,6600,0.34990257024765015
0.5,20,3.0,6800,0.35034239292144775
0.5,20,3.0,7000,0.3513103425502777
0.5,20,3.0,7200,0.3517468273639679
0.5,20,3.0,7400,0.3510446548461914
0.5,20,3.0,7600,0.3501660227775574
0.5,20,3.0,7800,0.35078251361846924
0.5,20,3.0,7999,0.35174182057380676
0.5,20,8.0,0,0.19865263998508453
0.5,20,8.0,200,0.20193183422088623
0.5,20,8.0,400,0.20303383469581604
0.5,20,8.0,600,0.20504474639892578
0.5,20,8.0,800,0.20770855247974396
0.5,20,8.0,1000,0.21049809455871582
0.5,20,8.0,1200,0.21315042674541473
0.5,20,8.0,1400,0.21758528053760529
0.5,20,8.0,1600,0.2286628931760788
0.5,20,8.0,1800,0.23887081444263458
0.5,20,8.0,2000,0.2509491741657257
0.5,20,8.0,2200,0.2735415995121002
0.5,20,8.0,2400,0.30326196551322937
0.5,20,8.0,2600,0.3582640290260315
0.5,20,8.0,2800,0.41712066531181335
0.5,20,8.0,3000,0.4797074794769287
0.5,20,8.0,3200,0.537619411945343
0.5,20,8.0,3400,0.5711841583251953
0.5,20,8.0,3600,0.5677337646484375
0.5,20,8.0,3800,0.5565768480300903
0.5,20,8.0,4000,0.5391647815704346
0.5,20,8.0,4200,0.5151591897010803
0.5,20,8.0,4400,0.48799580335617065
0.5,20,8.0,4600,0.46115219593048096
0.5,20,8.0,4800,0.4289734363555908
0.5,20,8.0,5000,0.4014652669429779
0.5,20,8.0,5200,0.38187938928604126
0.5,20,8.0,5400,0.36852824687957764
0.5,20,8.0,5600,0.362213671207428
0.5,20,8.0,5800,0.3576861321926117
0.5,20,8.0,6000,0.3546927869319916
0.5,20,8.0,6200,0.3549203872680664
0.5,20,8.0,6400,0.3554132282733917
0.5,20,8.0,6600,0.3528904616832733
0.5,20,8.0,6800,0.35475295782089233
0.5,20,8.0,7000,0.3527354300022125
0.5,20,8.0,7200,0.35304659605026245
0.5,20,8.0,7400,0.3509737253189087
0.5,20,8.0,7600,0.35116875171661377
0.5,20,8.0,7800,0.35252752900123596
0.5,20,8.0,7999,0.35124966502189636
0.5,25,1.0,0,0.20221611857414246
0.5,25,1.0,200,0.19795577228069305
0.5,25,1.0,400,0.19798028469085693
0.5,25,1.0,600,0.1980351209640503
0.5,25,1.0,800,0.19811458885669708
0.5,25,1.0,1000,0.19849492609500885
0.5,25,1.0,1200,0.19852246344089508
0.5,25,1.0,1400,0.19841496646404266
0.5,25,1.0,1600,0.19870491325855255
0.5,25,1.0,1800,0.19935257732868195
0.5,25,1.0,2000,0.1999734342098236
0.5,25,1.0,2200,0.20081892609596252
0.5,25,1.0,2400,0.2021409571170807
0.5,25,1.0,2600,0.20454397797584534
0.5,25,1.0,2800,0.20644403994083405
0.5,25,1.0,3000,0.2097063511610031
0.5,25,1.0,3200,0.2165783792734146
0.5,25,1.0,3400,0.224827378988266
0.5,25,1.0,3600,0.24101696908473969
0.5,25,1.0,3800,0.2755420506000519
0.5,25,1.0,4000,0.31734392046928406
0.5,25,1.0,4200,0.3310399651527405
0.5,25,1.0,4400,0.3327811658382416
0.5,25,1.0,4600,0.3367549180984497
0.5,25,1.0,4800,0.3380555510520935
0.5,25,1.0,5000,0.3435617685317993
0.5,25,1.0,5200,0.343950092792511
0.5,25,1.0,5400,0.3457314074039459
0.5,25,1.0,5600,0.3463537395000458
0.5,25,1.0,5800,0.3485240340232849
0.5,25,1.0,6000,0.3462243974208832
0.5,25,1.0,6200,0.34945783019065857
0.5,25,1.0,6400,0.3489384949207306
0.5,25,1.0,6600,0.35034871101379395
0.5,25,1.0,6800,0.3490886390209198
0.5,25,1.0,7000,0.34901484847068787
0.5,25,1.0,7200,0.3486502468585968
0.5,25,1.0,7400,0.35002732276916504
0.5,25,1.0,7600,0.3496409058570862
0.5,25,1.0,7800,0.3509647846221924
0.5,25,1.0,7999,0.3505939245223999
0.5,25,3.0,0,0.2022969126701355
0.5,25,3.0,200,0.19797003269195557
0.5,25,3.0,400,0.1979987919330597
0.5,25,3.0,600,0.19843660295009613
0.5,25,3.0,800,0.19830824434757233
0.5,25,3.0,1000,0.19887451827526093
0.5,25,3.0,1200,0.19853971898555756
0.5,25,3.0,1400,0.19850578904151917
0.5,25,3.0,1600,0.19859640300273895
0.5,25,3.0,1800,0.19890780746936798
0.5,25,3.0,2000,0.1993781477212906
0.5,25,3.0,2200,0.19981656968593597
0.5,25,3.0,2400,0.2005111575126648
0.5,25,3.0,2600,0.2025820016860962
0.5,25,3.0,2800,0.20499254763126373
0.5,25,3.0,3000,0.21095632016658783
0.5,25,3.0,3200,0.21584570407867432
0.5,25,3.0,3400,0.22384558618068695
0.5,25,3.0,3600,0.24128153920173645
0.5,25,3.0,3800,0.2902919352054596
0.5,25,3.0,4000,0.3248429000377655
0.5,25,3.0,4200,0.33382874727249146
0.5,25,3.0,4400,0.341937392950058
0.5,25,3.0,4600,0.3372161090373993
0.5,25,3.0,4800,0.3426845073699951
0.5,25,3.0,5000,0.3439430594444275
0.5,25,3.0,5200,0.34403303265571594
0.5,25,3.0,5400,0.3452281653881073
0.5,25,3.0,5600,0.3490927219390869
0.5,25,3.0,5800,0.3479622006416321
0.5,25,3.0,6000,0.34789925813674927
0.5,25,3.0,6200,0.34631413221359253
0.5,25,3.0,6400,0.34873726963996887
0.5,25,3.0,6600,0.3493462800979614
0.5,25,3.0,6800,0.3492165803909302
0.5,25,3.0,7000,0.3483045697212219
0.5,25,3.0,7200,0.3481336832046509
0.5,25,3.0,7400,0.3487815856933594
0.5,25,3.0,7600,0.35036906599998474
0.5,25,3.0,7800,0.3497419059276581
0.5,25,3.0,7999,0.34918221831321716
0.5,25,8.0,0,0.20230960845947266
0.5,25,8.0,200,0.19805260002613068
0.5,25,8.0,400,0.1981443464756012
0.5,25,8.0,600,0.1986517608165741
0.5,25,8.0,800,0.19881731271743774
0.5,25,8.0,1000,0.1996840387582779
0.5,25,8.0,1200,0.1993151307106018
0.5,25,8.0,1400,0.19864964485168457
0.5,25,8.0,1600,0.19850656390190125
0.5,25,8.0,1800,0.19860327243804932
0.5,25,8.0,2000,0.19875657558441162
0.5,25,8.0,2200,0.19935700297355652
0.5,25,8.0,2400,0.20065510272979736
0.5,25,8.0,2600,0.2020748257637024
0.5,25,8.0,2800,0.20536358654499054
0.5,25,8.0,3000,0.21300263702869415
0.5,25,8.0,3200,0.21999792754650116
0.5,25,8.0,3400,0.23030008375644684
0.5,25,8.0,3600,0.26237764954566956
0.5,25,8.0,3800,0.3267780542373657
0.5,25,8.0,4000,0.37744760513305664
0.5,25,8.0,4200,0.35720762610435486
0.5,25,8.0,4400,0.3426094353199005
0.5,25,8.0,4600,0.3397887945175171
0.5,25,8.0,4800,0.3464057445526123
0.5,25,8.0,5000,0.3408348560333252
0.5,25,8.0,5200,0.34334829449653625
0.5,25,8.0,5400,0.34616076946258545
0.5,25,8.0,5600,0.34729501605033875
0.5,25,8.0,5800,0.3462142050266266
0.5,25,8.0,6000,0.34562820196151733
0.5,25,8.0,6200,0.3489796817302704
0.5,25,8.0,6400,0.34910404682159424
0.5,25,8.0,6600,0.3488101661205292
0.5,25,8.0,6800,0.3506544530391693
0.5,25,8.0,7000,0.34825947880744934
0.5,25,8.0,7200,0.348554402589798
0.5,25,8.0,7400,0.34888023138046265
0.5,25,8.0,7600,0.3479870557785034
0.5,25,8.0,7800,0.3495258688926697
0.5,25,8.0,7999,0.35002726316452026
0.5,30,1.0,0,0.19949042797088623
0.5,30,1.0,200,0.19805781543254852
0.5,30,1.0,400,0.19817262887954712
0.5,30,1.0,600,0.19828307628631592
0.5,30,1.0,800,0.1985880434513092
0.5,30,1.0,1000,0.19922178983688354
0.5,30,1.0,1200,0.2001303881406784
0.5,30,1.0,1400,0.2018335610628128
0.5,30,1.0,1600,0.2032202184200287
0.5,30,1.0,1800,0.2046501487493515
0.5,30,1.0,2000,0.20951874554157257
0.5,30,1.0,2200,0.22586767375469208
0.5,30,1.0,2400,0.29492491483688354
0.5,30,1.0,2600,0.33203476667404175
0.5,30,1.0,2800,0.33842769265174866
0.5,30,1.0,3000,0.3425227999687195
0.5,30,1.0,3200,0.3421659469604492
0.5,30,1.0,3400,0.34633222222328186
0.5,30,1.0,3600,0.34573453664779663
0.5,30,1.0,3800,0.349594384431839
0.5,30,1.0,4000,0.34969407320022583
0.5,30,1.0,4200,0.34761926531791687
0.5,30,1.0,4400,0.3519122302532196
0.5,30,1.0,4600,0.35038354992866516
0.5,30,1.0,4800,0.35252442955970764
0.5,30,1.0,5000,0.35067883133888245
0.5,30,1.0,5200,0.3512575626373291
0.5,30,1.0,5400,0.3516877293586731
0.5,30,1.0,5600,0.3517484962940216
0.5,30,1.0,5800,0.3503105342388153
0.5,30,1.0,6000,0.3492725193500519
0.5,30,1.0,6200,0.34997060894966125
0.5,30,1.0,6400,0.3530882000923157
0.5,30,1.0,6600,0.35070866346359253
0.5,30,1.0,6800,0.35127124190330505
0.5,30,1.0,7000,0.3515382707118988
0.5,30,1.0,7200,0.35063406825065613
0.5,30,1.0,7400,0.3487807810306549
0.5,30,1.0,7600,0.35090169310569763
0.5,30,1.0,7800,0.3423352837562561
0.5,30,1.0,7999,0.35223186016082764
0.5,30,3.0,0,0.19940456748008728
0.5,30,3.0,200,0.19959008693695068
0.5,30,3.0,400,0.19919130206108093
0.5,30,3.0,600,0.19919328391551971
0.5,30,3.0,800,0.20066380500793457
0.5,30,3.0,1000,0.20144633948802948
0.5,30,3.0,1200,0.20257891714572906
0.5,30,3.0,1400,0.2029999941587448
0.5,30,3.0,1600,0.2081548124551773
0.5,30,3.0,1800,0.2162030041217804
0.5,30,3.0,2000,0.23297324776649475
0.5,30,3.0,2200,0.3033910095691681
0.5,30,3.0,2400,0.359790563583374
0.5,30,3.0,2600,0.3530662953853607
0.5,30,3.0,2800,0.34467044472694397
0.5,30,3.0,3000,0.34655776619911194
0.5,30,3.0,3200,0.34851792454719543
0.5,30,3.0,3400,0.34912168979644775
0.5,30,3.0,3600,0.3467140793800354
0.5,30,3.0,3800,0.3464834690093994
0.5,30,3.0,4000,0.34938836097717285
0.5,30,3.0,4200,0.349899023771286
0.5,30,3.0,4400,0.34888479113578796
0.5,30,3.0,4600,0.34839576482772827
0.5,30,3.0,4800,0.3485887050628662
0.5,30,3.0,5000,0.3509393036365509
0.5,30,3.0,5200,0.35019394755363464
0.5,30,3.0,5400,0.3487754166126251
0.5,30,3.0,5600,0.3487379252910614
0.5,30,3.0,5800,0.35033118724823
0.5,30,3.0,6000,0.3510509431362152
0.5,30,3.0,6200,0.350236713886261
0.5,30,3.0,6400,0.3525800406932831
0.5,30,3.0,6600,0.35098695755004883
0.5,30,3.0,6800,0.350330650806427
0.5,30,3.0,7000,0.3509044051170349
0.5,30,3.0,7200,0.35029926896095276
0.5,30,3.0,7400,0.35161203145980835
0.5,30,3.0,7600,0.3519178628921509
0.5,30,3.0,7800,0.3515586853027344
0.5,30,3.0,7999,0.3516731858253479
0.5,30,8.0,0,0.19940990209579468
0.5,30,8.0,200,0.20178282260894775
0.5,30,8.0,400,0.20149219036102295
0.5,30,8.0,600,0.20176033675670624
0.5,30,8.0,800,0.2038840800523758
0.5,30,8.0,1000,0.20578517019748688
0.5,30,8.0,1200,0.20938675105571747
0.5,30,8.0,1400,0.2138996720314026
0.5,30,8.0,1600,0.22479459643363953
0.5,30,8.0,1800,0.2518644332885742
0.5,30,8.0,2000,0.3176392912864685
0.5,30,8.0,2200,0.4550456702709198
0.5,30,8.0,2400,0.5042683482170105
0.5,30,8.0,2600,0.4909897744655609
0.5,30,8.0,2800,0.45730650424957275
0.5,30,8.0,3000,0.4096655249595642
0.5,30,8.0,3200,0.38744112849235535
0.5,30,8.0,3400,0.3719615638256073
0.5,30,8.0,3600,0.35971832275390625
0.5,30,8.0,3800,0.35613566637039185
0.5,30,8.0,4000,0.35206905007362366
0.5,30,8.0,4200,0.3538372814655304
0.5,30,8.0,4400,0.3516613841056824
0.5,30,8.0,4600,0.3504360020160675
0.5,30,8.0,4800,0.35095590353012085
0.5,30,8.0,5000,0.3510042726993561
0.5,30,8.0,5200,0.35161659121513367
0.5,30,8.0,5400,0.3521077036857605
0.5,30,8.0,5600,0.35299503803253174
0.5,30,8.0,5800,0.3523492217063904
0.5,30,8.0,6000,0.35127121210098267
0.5,30,8.0,6200,0.35161563754081726
0.5,30,8.0,6400,0.35155802965164185
0.5,30,8.0,6600,0.35333776473999023
0.5,30,8.0,6800,0.3488970994949341
0.5,30,8.0,7000,0.34959304332733154
0.5,30,8.0,7200,0.35310325026512146
0.5,30,8.0,7400,0.3512153923511505
0.5,30,8.0,7600,0.3521060049533844
0.5,30,8.0,7800,0.35223010182380676
0.5,30,8.0,7999,0.35215598344802856
0.5,35,1.0,0,0.1999015510082245
0.5,35,1.0,200,0.19811737537384033
0.5,35,1.0,400,0.19823172688484192
0.5,35,1.0,600,0.19969595968723297
0.5,35,1.0,800,0.1999656856060028
0.5,35,1.0,1000,0.19929929077625275
0.5,35,1.0,1200,0.20026849210262299
0.5,35,1.0,1400,0.20170140266418457
0.5,35,1.0,1600,0.2046780288219452
0.5,35,1.0,1800,0.2081746608018875
0.5,35,1.0,2000,0.21338416635990143
0.5,35,1.0,2200,0.220367893576622
0.5,35,1.0,2400,0.23968243598937988
0.5,35,1.0,2600,0.2705744504928589
0.5,35,1.0,2800,0.293153315782547
0.5,35,1.0,3000,0.3139549195766449
0.5,35,1.0,3200,0.3283424973487854
0.5,35,1.0,3400,0.33660581707954407
0.5,35,1.0,3600,0.3398743271827698
0.5,35,1.0,3800,0.3410612940788269
0.5,35,1.0,4000,0.34370073676109314
0.5,35,1.0,4200,0.34576207399368286
0.5,35,1.0,4400,0.3443470597267151
0.5,35,1.0,4600,0.3450639843940735
0.5,35,1.0,4800,0.3470500707626343
0.5,35,1.0,5000,0.34658268094062805
0.5,35,1.0,5200,0.3479475975036621
0.5,35,1.0,5400,0.348319411277771
0.5,35,1.0,5600,0.3488061726093292
0.5,35,1.0,5800,0.34823909401893616
0.5,35,1.0,6000,0.34910669922828674
0.5,35,1.0,6200,0.34847745299339294
0.5,35,1.0,6400,0.34687539935112
0.5,35,1.0,6600,0.3473442792892456
0.5,35,1.0,6800,0.34846270084381104
0.5,35,1.0,7000,0.34753158688545227
0.5,35,1.0,7200,0.34946712851524353
0.5,35,1.0,7400,0.34910181164741516
0.5,35,1.0,7600,0.34891894459724426
0.5,35,1.0,7800,0.3500484526157379
0.5,35,1.0,7999,0.3501856327056885
0.5,35,3.0,0,0.20005907118320465
0.5,35,3.0,200,0.19811168313026428
0.5,35,3.0,400,0.19826766848564148
0.5,35,3.0,600,0.19925528764724731
0.5,35,3.0,800,0.2006210833787918
0.5,35,3.0,1000,0.19961050152778625
0.5,35,3.0,1200,0.20064370334148407
0.5,35,3.0,1400,0.20290035009384155
0.5,35,3.0,1600,0.2049662321805954
0.5,35,3.0,1800,0.20946834981441498
0.5,35,3.0,2000,0.21240437030792236
0.5,35,3.0,2200,0.21900023519992828
0.5,35,3.0,2400,0.2431943118572235
0.5,35,3.0,2600,0.279532253742218
0.5,35,3.0,2800,0.3070996105670929
0.5,35,3.0,3000,0.3247363269329071
0.5,35,3.0,3200,0.3343709409236908
0.5,35,3.0,3400,0.33693021535873413
0.5,35,3.0,3600,0.34055832028388977
0.5,35,3.0,3800,0.34318092465400696
0.5,35,3.0,4000,0.34220123291015625
0.5,35,3.0,4200,0.344870001077652
0.5,35,3.0,4400,0.3447582721710205
0.5,35,3.0,4600,0.34511858224868774
0.5,35,3.0,4800,0.34620657563209534
0.5,35,3.0,5000,0.34649401903152466
0.5,35,3.0,5200,0.3465123176574707
0.5,35,3.0,5400,0.3470652997493744
0.5,35,3.0,5600,0.3477368652820587
0.5,35,3.0,5800,0.34837210178375244
0.5,35,3.0,6000,0.3474844694137573
0.5,35,3.0,6200,0.3487214744091034
0.5,35,3.0,6400,0.34867700934410095
0.5,35,3.0,6600,0.3478275239467621
0.5,35,3.0,6800,0.34854352474212646
0.5,35,3.0,7000,0.3480363190174103
0.5,35,3.0,7200,0.3488764762878418
0.5,35,3.0,7400,0.3474949300289154
0.5,35,3.0,7600,0.3483332693576813
0.5,35,3.0,7800,0.3484576642513275
0.5,35,3.0,7999,0.34934747219085693
0.5,35,8.0,0,0.20005632936954498
0.5,35,8.0,200,0.19819675385951996
0.5,35,8.0,400,0.19825084507465363
0.5,35,8.0,600,0.19940775632858276
0.5,35,8.0,800,0.2005969136953354
0.5,35,8.0,1000,0.19962874054908752
0.5,35,8.0,1200,0.20082052052021027
0.5,35,8.0,1400,0.202084481716156
0.5,35,8.0,1600,0.2045852243900299
0.5,35,8.0,1800,0.20788848400115967
0.5,35,8.0,2000,0.21673820912837982
0.5,35,8.0,2200,0.23376278579235077
0.5,35,8.0,2400,0.28608939051628113
0.5,35,8.0,2600,0.3732365369796753
0.5,35,8.0,2800,0.40012314915657043
0.5,35,8.0,3000,0.3946087658405304
0.5,35,8.0,3200,0.37849053740501404
0.5,35,8.0,3400,0.3611356019973755
0.5,35,8.0,3600,0.3542630672454834
0.5,35,8.0,3800,0.3486008048057556
0.5,35,8.0,4000,0.34810593724250793
0.5,35,8.0,4200,0.346900999546051
0.5,35,8.0,4400,0.34823256731033325
0.5,35,8.0,4600,0.3475961983203888
0.5,35,8.0,4800,0.3482576012611389
0.5,35,8.0,5000,0.34903669357299805
0.5,35,8.0,5200,0.34657782316207886
0.5,35,8.0,5400,0.3468570113182068
0.5,35,8.0,5600,0.34780174493789673
0.5,35,8.0,5800,0.3479035198688507
0.5,35,8.0,6000,0.3491976857185364
0.5,35,8.0,6200,0.34873151779174805
0.5,35,8.0,6400,0.34931549429893494
0.5,35,8.0,6600,0.34937596321105957
0.5,35,8.0,6800,0.349341481924057
0.5,35,8.0,7000,0.34864529967308044
0.5,35,8.0,7200,0.3494637906551361
0.5,35,8.0,7400,0.3498134911060333
0.5,35,8.0,7600,0.34976160526275635
0.5,35,8.0,7800,0.34945884346961975
0.5,35,8.0,7999,0.34841904044151306
0.5,40,1.0,0,0.1997978687286377
0.5,40,1.0,200,0.19804275035858154
0.5,40,1.0,400,0.19807034730911255
0.5,40,1.0,600,0.19809512794017792
0.5,40,1.0,800,0.19845762848854065
0.5,40,1.0,1000,0.19818750023841858
0.5,40,1.0,1200,0.1983599066734314
0.5,40,1.0,1400,0.19897739589214325
0.5,40,1.0,1600,0.1994297057390213
0.5,40,1.0,1800,0.20048841834068298
0.5,40,1.0,2000,0.2013484239578247
0.5,40,1.0,2200,0.2030639499425888
0.5,40,1.0,2400,0.2050771564245224
0.5,40,1.0,2600,0.2093203216791153
0.5,40,1.0,2800,0.21603694558143616
0.5,40,1.0,3000,0.2231145203113556
0.5,40,1.0,3200,0.23700614273548126
0.5,40,1.0,3400,0.27834847569465637
0.5,40,1.0,3600,0.3588702380657196
0.5,40,1.0,3800,0.4642065465450287
0.5,40,1.0,4000,0.457942932844162
0.5,40,1.0,4200,0.42435339093208313
0.5,40,1.0,4400,0.38632047176361084
0.5,40,1.0,4600,0.3639499545097351
0.5,40,1.0,4800,0.35672688484191895
0.5,40,1.0,5000,0.3480343520641327
0.5,40,1.0,5200,0.3495667278766632
0.5,40,1.0,5400,0.3486865758895874
0.5,40,1.0,5600,0.3503756523132324
0.5,40,1.0,5800,0.3504660427570343
0.5,40,1.0,6000,0.3516604006290436
0.5,40,1.0,6200,0.35062944889068604
0.5,40,1.0,6400,0.3515970706939697
0.5,40,1.0,6600,0.35063010454177856
0.5,40,1.0,6800,0.35065001249313354
0.5,40,1.0,7000,0.3507447838783264
0.5,40,1.0,7200,0.35165536403656006
0.5,40,1.0,7400,0.3512400984764099
0.5,40,1.0,7600,0.3500518798828125
0.5,40,1.0,7800,0.3508232831954956
0.5,40,1.0,7999,0.35168030858039856
0.5,40,3.0,0,0.19982682168483734
0.5,40,3.0,200,0.19803838431835175
0.5,40,3.0,400,0.19850195944309235
0.5,40,3.0,600,0.19830067455768585
0.5,40,3.0,800,0.19871532917022705
0.5,40,3.0,1000,0.19826339185237885
0.5,40,3.0,1200,0.1985393911600113
0.5,40,3.0,1400,0.19926831126213074
0.5,40,3.0,1600,0.19952383637428284
0.5,40,3.0,1800,0.20101124048233032
0.5,40,3.0,2000,0.2017616629600525
0.5,40,3.0,2200,0.20584210753440857
0.5,40,3.0,2400,0.21123360097408295
0.5,40,3.0,2600,0.21741719543933868
0.5,40,3.0,2800,0.2249102145433426
0.5,40,3.0,3000,0.23556123673915863
0.5,40,3.0,3200,0.26416778564453125
0.5,40,3.0,3400,0.2915869951248169
0.5,40,3.0,3600,0.3675266206264496
0.5,40,3.0,3800,0.4709537923336029
0.5,40,3.0,4000,0.47022780776023865
0.5,40,3.0,4200,0.4398583769798279
0.5,40,3.0,4400,0.4010414779186249
0.5,40,3.0,4600,0.37364211678504944
0.5,40,3.0,4800,0.35760098695755005
0.5,40,3.0,5000,0.35249969363212585
0.5,40,3.0,5200,0.3505203425884247
0.5,40,3.0,5400,0.35044780373573303
0.5,40,3.0,5600,0.34836849570274353
0.5,40,3.0,5800,0.3498270809650421
0.5,40,3.0,6000,0.34821850061416626
0.5,40,3.0,6200,0.35020822286605835
0.5,40,3.0,6400,0.3493041694164276
0.5,40,3.0,6600,0.3509008586406708
0.5,40,3.0,6800,0.34904295206069946
0.5,40,3.0,7000,0.3499993681907654
0.5,40,3.0,7200,0.3494265675544739
0.5,40,3.0,7400,0.34995001554489136
0.5,40,3.0,7600,0.349634051322937
0.5,40,3.0,7800,0.35028889775276184
0.5,40,3.0,7999,0.35111579298973083
0.5,40,8.0,0,0.19982478022575378
0.5,40,8.0,200,0.1983303427696228
0.5,40,8.0,400,0.1986190378665924
0.5,40,8.0,600,0.19849582016468048
0.5,40,8.0,800,0.19894640147686005
0.5,40,8.0,1000,0.19849953055381775
0.5,40,8.0,1200,0.19870500266551971
0.5,40,8.0,1400,0.19911083579063416
0.5,40,8.0,1600,0.19944937527179718
0.5,40,8.0,1800,0.20048117637634277
0.5,40,8.0,2000,0.20123964548110962
0.5,40,8.0,2200,0.20309752225875854
0.5,40,8.0,2400,0.2054174542427063
0.5,40,8.0,2600,0.2086123824119568
0.5,40,8.0,2800,0.21487154066562653
0.5,40,8.0,3000,0.22523458302021027
0.5,40,8.0,3200,0.23863178491592407
0.5,40,8.0,3400,0.25732237100601196
0.5,40,8.0,3600,0.2941237986087799
0.5,40,8.0,3800,0.3947102427482605
0.5,40,8.0,4000,0.44978106021881104
0.5,40,8.0,4200,0.4298382103443146
0.5,40,8.0,4400,0.39265868067741394
0.5,40,8.0,4600,0.3704846501350403
0.5,40,8.0,4800,0.35616472363471985
0.5,40,8.0,5000,0.3502251207828522
0.5,40,8.0,5200,0.34673216938972473
0.5,40,8.0,5400,0.3501533567905426
0.5,40,8.0,5600,0.34723806381225586
0.5,40,8.0,5800,0.34734657406806946
0.5,40,8.0,6000,0.3497982919216156
0.5,40,8.0,6200,0.3491153419017792
0.5,40,8.0,6400,0.34850847721099854
0.5,40,8.0,6600,0.34925180673599243
0.5,40,8.0,6800,0.3503378927707672
0.5,40,8.0,7000,0.3500809967517853
0.5,40,8.0,7200,0.35058659315109253
0.5,40,8.0,7400,0.3513210415840149
0.5,40,8.0,7600,0.350423663854599
0.5,40,8.0,7800,0.35035473108291626
0.5,40,8.0,7999,0.3479728400707245
0.5,45,1.0,0,0.20452652871608734
0.5,45,1.0,200,0.19821403920650482
0.5,45,1.0,400,0.1981176733970642
0.5,45,1.0,600,0.19807761907577515
0.5,45,1.0,800,0.19810807704925537
0.5,45,1.0,1000,0.1983206868171692
0.5,45,1.0,1200,0.19831940531730652
0.5,45,1.0,1400,0.19874966144561768
0.5,45,1.0,1600,0.19930967688560486
0.5,45,1.0,1800,0.1998881995677948
0.5,45,1.0,2000,0.2012505829334259
0.5,45,1.0,2200,0.2026442140340805
0.5,45,1.0,2400,0.20452770590782166
0.5,45,1.0,2600,0.20953524112701416
0.5,45,1.0,2800,0.22168035805225372
0.5,45,1.0,3000,0.24771863222122192
0.5,45,1.0,3200,0.29261887073516846
0.5,45,1.0,3400,0.3134881854057312
0.5,45,1.0,3600,0.32803741097450256
0.5,45,1.0,3800,0.3383900225162506
0.5,45,1.0,4000,0.3407439887523651
0.5,45,1.0,4200,0.3436766266822815
0.5,45,1.0,4400,0.3425580859184265
0.5,45,1.0,4600,0.3433915674686432
0.5,45,1.0,4800,0.34253549575805664
0.5,45,1.0,5000,0.3433507978916168
0.5,45,1.0,5200,0.34826138615608215
0.5,45,1.0,5400,0.3481925129890442
0.5,45,1.0,5600,0.34840652346611023
0.5,45,1.0,5800,0.34750717878341675
0.5,45,1.0,6000,0.34900662302970886
0.5,45,1.0,6200,0.35027754306793213
0.5,45,1.0,6400,0.3503738045692444
0.5,45,1.0,6600,0.34862634539604187
0.5,45,1.0,6800,0.3493865728378296
0.5,45,1.0,7000,0.34894976019859314
0.5,45,1.0,7200,0.3489515483379364
0.5,45,1.0,7400,0.34786051511764526
0.5,45,1.0,7600,0.3505592942237854
0.5,45,1.0,7800,0.34971168637275696
0.5,45,1.0,7999,0.34908124804496765
0.5,45,3.0,0,0.20433929562568665
0.5,45,3.0,200,0.19835208356380463
0.5,45,3.0,400,0.19823291897773743
0.5,45,3.0,600,0.19812723994255066
0.5,45,3.0,800,0.1982436329126358
0.5,45,3.0,1000,0.19851967692375183
0.5,45,3.0,1200,0.19851014018058777
0.5,45,3.0,1400,0.19866280257701874
0.5,45,3.0,1600,0.1990862339735031
0.5,45,3.0,1800,0.19966481626033783
0.5,45,3.0,2000,0.20081810653209686
0.5,45,3.0,2200,0.20295177400112152
0.5,45,3.0,2400,0.20740236341953278
0.5,45,3.0,2600,0.21311317384243011
0.5,45,3.0,2800,0.23231059312820435
0.5,45,3.0,3000,0.2672099173069
0.5,45,3.0,3200,0.3035154640674591
0.5,45,3.0,3400,0.32442381978034973
0.5,45,3.0,3600,0.33242863416671753
0.5,45,3.0,3800,0.33984002470970154
0.5,45,3.0,4000,0.3375895321369171
0.5,45,3.0,4200,0.34345996379852295
0.5,45,3.0,4400,0.34108394384384155
0.5,45,3.0,4600,0.34428685903549194
0.5,45,3.0,4800,0.34533798694610596
0.5,45,3.0,5000,0.34560030698776245
0.5,45,3.0,5200,0.3465490937232971
0.5,45,3.0,5400,0.3472193777561188
0.5,45,3.0,5600,0.345979243516922
0.5,45,3.0,5800,0.34597229957580566
0.5,45,3.0,6000,0.3479379117488861
0.5,45,3.0,6200,0.34941694140434265
0.5,45,3.0,6400,0.3474615812301636
0.5,45,3.0,6600,0.3516708314418793
0.5,45,3.0,6800,0.34817057847976685
0.5,45,3.0,7000,0.3499910533428192
0.5,45,3.0,7200,0.34814634919166565
0.5,45,3.0,7400,0.34956368803977966
0.5,45,3.0,7600,0.35200992226600647
0.5,45,3.0,7800,0.34932777285575867
0.5,45,3.0,7999,0.34966039657592773
0.5,45,8.0,0,0.20431378483772278
0.5,45,8.0,200,0.1982761025428772
0.5,45,8.0,400,0.19838696718215942
0.5,45,8.0,600,0.19821971654891968
0.5,45,8.0,800,0.19847430288791656
0.5,45,8.0,1000,0.19877950847148895
0.5,45,8.0,1200,0.19857613742351532
0.5,45,8.0,1400,0.19851745665073395
0.5,45,8.0,1600,0.19891321659088135
0.5,45,8.0,1800,0.2003145068883896
0.5,45,8.0,2000,0.202378511428833
0.5,45,8.0,2200,0.20816972851753235
0.5,45,8.0,2400,0.21367605030536652
0.5,45,8.0,2600,0.2255225032567978
0.5,45,8.0,2800,0.26474472880363464
0.5,45,8.0,3000,0.3269040584564209
0.5,45,8.0,3200,0.36355945467948914
0.5,45,8.0,3400,0.3487061858177185
0.5,45,8.0,3600,0.3437715172767639
0.5,45,8.0,3800,0.34085896611213684
0.5,45,8.0,4000,0.3451930582523346
0.5,45,8.0,4200,0.34449005126953125
0.5,45,8.0,4400,0.3432522714138031
0.5,45,8.0,4600,0.3462546467781067
0.5,45,8.0,4800,0.3486809730529785
0.5,45,8.0,5000,0.3457084000110626
0.5,45,8.0,5200,0.34504956007003784
0.5,45,8.0,5400,0.348059743642807
0.5,45,8.0,5600,0.3492186367511749
0.5,45,8.0,5800,0.34787410497665405
0.5,45,8.0,6000,0.3464893400669098
0.5,45,8.0,6200,0.3486826419830322
0.5,45,8.0,6400,0.3496084213256836
0.5,45,8.0,6600,0.34835290908813477
0.5,45,8.0,6800,0.34990987181663513
0.5,45,8.0,7000,0.3518252670764923
0.5,45,8.0,7200,0.34833505749702454
0.5,45,8.0,7400,0.3478381633758545
0.5,45,8.0,7600,0.34957316517829895
0.5,45,8.0,7800,0.35051238536834717
0.5,45,8.0,7999,0.35146430134773254
0.5,50,1.0,0,0.19848141074180603
0.5,50,1.0,200,0.19813407957553864
0.5,50,1.0,400,0.19842629134655
0.5,50,1.0,600,0.1990015059709549
0.5,50,1.0,800,0.19942288100719452
0.5,50,1.0,1000,0.20012933015823364
0.5,50,1.0,1200,0.20223769545555115
0.5,50,1.0,1400,0.2060796618461609
0.5,50,1.0,1600,0.21161800622940063
0.5,50,1.0,1800,0.2158651202917099
0.5,50,1.0,2000,0.24290823936462402
0.5,50,1.0,2200,0.30377307534217834
0.5,50,1.0,2400,0.3339965045452118
0.5,50,1.0,2600,0.3380712568759918
0.5,50,1.0,2800,0.3408403992652893
0.5,50,1.0,3000,0.34479451179504395
0.5,50,1.0,3200,0.34565410017967224
0.5,50,1.0,3400,0.34665510058403015
0.5,50,1.0,3600,0.34518831968307495
0.5,50,1.0,3800,0.34771212935447693
0.5,50,1.0,4000,0.34961313009262085
0.5,50,1.0,4200,0.3484339416027069
0.5,50,1.0,4400,0.3473328948020935
0.5,50,1.0,4600,0.346626341342926
0.5,50,1.0,4800,0.35128676891326904
0.5,50,1.0,5000,0.35091859102249146
0.5,50,1.0,5200,0.34691867232322693
0.5,50,1.0,5400,0.3497888147830963
0.5,50,1.0,5600,0.3509385883808136
0.5,50,1.0,5800,0.35077959299087524
0.5,50,1.0,6000,0.3472723662853241
0.5,50,1.0,6200,0.3493226170539856
0.5,50,1.0,6400,0.3476572632789612
0.5,50,1.0,6600,0.34722885489463806
0.5,50,1.0,6800,0.34779787063598633
0.5,50,1.0,7000,0.350970983505249
0.5,50,1.0,7200,0.3492740988731384
0.5,50,1.0,7400,0.3498363494873047
0.5,50,1.0,7600,0.35051217675209045
0.5,50,1.0,7800,0.3510819375514984
0.5,50,1.0,7999,0.34936603903770447
0.5,50,3.0,0,0.19854874908924103
0.5,50,3.0,200,0.19907204806804657
0.5,50,3.0,400,0.19837915897369385
0.5,50,3.0,600,0.1992259919643402
0.5,50,3.0,800,0.20078350603580475
0.5,50,3.0,1000,0.204206183552742
0.5,50,3.0,1200,0.21406187117099762
0.5,50,3.0,1400,0.2261316329240799
0.5,50,3.0,1600,0.24670903384685516
0.5,50,3.0,1800,0.27483054995536804
0.5,50,3.0,2000,0.3499627411365509
0.5,50,3.0,2200,0.45164307951927185
0.5,50,3.0,2400,0.43984803557395935
0.5,50,3.0,2600,0.4110400080680847
0.5,50,3.0,2800,0.3888413906097412
0.5,50,3.0,3000,0.36547303199768066
0.5,50,3.0,3200,0.3592374324798584
0.5,50,3.0,3400,0.35173264145851135
0.5,50,3.0,3600,0.3504788875579834
0.5,50,3.0,3800,0.35003799200057983
0.5,50,3.0,4000,0.3527522087097168
0.5,50,3.0,4200,0.35184353590011597
0.5,50,3.0,4400,0.3489300310611725
0.5,50,3.0,4600,0.34702762961387634
0.5,50,3.0,4800,0.350178599357605
0.5,50,3.0,5000,0.3498690724372864
0.5,50,3.0,5200,0.3472934067249298
0.5,50,3.0,5400,0.3506867289543152
0.5,50,3.0,5600,0.3503677248954773
0.5,50,3.0,5800,0.3480973541736603
0.5,50,3.0,6000,0.3515526056289673
0.5,50,3.0,6200,0.34923362731933594
0.5,50,3.0,6400,0.34734493494033813
0.5,50,3.0,6600,0.3499477207660675
0.5,50,3.0,6800,0.34913450479507446
0.5,50,3.0,7000,0.3507590591907501
0.5,50,3.0,7200,0.3504156470298767
0.5,50,3.0,7400,0.3499075174331665
0.5,50,3.0,7600,0.3491869270801544
0.5,50,3.0,7800,0.3504125773906708
0.5,50,3.0,7999,0.35360437631607056
0.5,50,8.0,0,0.198595330119133
0.5,50,8.0,200,0.19976435601711273
0.5,50,8.0,400,0.19902630150318146
0.5,50,8.0,600,0.20141266286373138
0.5,50,8.0,800,0.20427104830741882
0.5,50,8.0,1000,0.2172364890575409
0.5,50,8.0,1200,0.23173752427101135
0.5,50,8.0,1400,0.25004661083221436
0.5,50,8.0,1600,0.2748751640319824
0.5,50,8.0,1800,0.3153972327709198
0.5,50,8.0,2000,0.39562952518463135
0.5,50,8.0,2200,0.48539599776268005
0.5,50,8.0,2400,0.49942925572395325
0.5,50,8.0,2600,0.4778064489364624
0.5,50,8.0,2800,0.4442298114299774
0.5,50,8.0,3000,0.4087851941585541
0.5,50,8.0,3200,0.38096097111701965
0.5,50,8.0,3400,0.36759456992149353
0.5,50,8.0,3600,0.3587394952774048
0.5,50,8.0,3800,0.353751003742218
0.5,50,8.0,4000,0.3503303825855255
0.5,50,8.0,4200,0.3501826226711273
0.5,50,8.0,4400,0.34963259100914
0.5,50,8.0,4600,0.3497832119464874
0.5,50,8.0,4800,0.3471321761608124
0.5,50,8.0,5000,0.3501678705215454
0.5,50,8.0,5200,0.34966474771499634
0.5,50,8.0,5400,0.3508772850036621
0.5,50,8.0,5600,0.34988853335380554
0.5,50,8.0,5800,0.3495456874370575
0.5,50,8.0,6000,0.3478834629058838
0.5,50,8.0,6200,0.351853609085083
0.5,50,8.0,6400,0.3456120491027832
0.5,50,8.0,6600,0.35269057750701904
0.5,50,8.0,6800,0.34931570291519165
0.5,50,8.0,7000,0.3507271707057953
0.5,50,8.0,7200,0.3497084081172943
0.5,50,8.0,7400,0.3464299738407135
0.5,50,8.0,7600,0.350326806306839
0.5,50,8.0,7800,0.3495815396308899
0.5,50,8.0,7999,0.35198482871055603
