N,rho,kappa_theory,kappa_numeric,kappa_opt_diag,r_ratio,nstart,opt_s,abs_err
4,0.1,1.4444444444444444,1.4444444444444449,1.444444444444447,1.0000000000000016,20,0.1390912000206299,1.5543122344752192e-15
4,0.3,2.7142857142857144,2.714285714285715,2.7142857142857144,0.9999999999999999,20,0.12419200001750141,1.1102230246251565e-16
4,0.5,5.0,5.000000000000003,5.000000000000003,1.0,20,0.12363579997327179,0.0
4,0.7,10.33333333333333,10.333333333333341,10.33333333333334,0.9999999999999998,20,0.12703829997917637,2.220446049250313e-16
4,0.9,37.00000000000001,37.00000000000013,37.00000000000029,1.0000000000000044,20,0.12244010000722483,4.440892098500626e-15
4,0.95,76.99999999999993,77.0,76.99999999999996,0.9999999999999994,20,0.12217180000152439,5.551115123125783e-16
4,0.99,396.9999999999996,397.00000000000216,396.9999999999973,0.9999999999999878,20,0.12215359997935593,1.2212453270876722e-14
8,0.1,1.888888888888889,1.8888888888888922,1.8888888888890674,1.0000000000000928,20,0.3615013000089675,9.281464485866309e-14
8,0.3,4.428571428571429,4.428571428571434,4.428571428572142,1.0000000000001599,20,0.4099636999890208,1.5987211554602254e-13
8,0.5,9.0,9.000000000000012,9.00000000002084,1.0000000000023141,20,0.412255399976857,2.3141488725286763e-12
8,0.7,19.66666666666666,19.66666666666672,19.666666666670857,1.0000000000002103,20,0.3835784000111744,2.1027624086400465e-13
8,0.9,73.00000000000001,73.0000000000002,73.00000000000006,0.999999999999998,20,0.4159501999965869,1.9984014443252818e-15
8,0.95,152.99999999999986,153.00000000000352,153.00000000000378,1.0000000000000018,20,0.3448255999828689,1.7763568394002505e-15
8,0.99,792.9999999999993,793.0000000001302,793.0000000001061,0.9999999999999696,20,0.3409362999955192,3.042011087472929e-14
16,0.1,2.7777777777777777,2.777777777777777,2.7777777777817225,1.0000000000014204,20,1.5430312000098638,1.4204193377054253e-12
16,0.3,7.857142857142858,7.857142857142864,7.857142857156141,1.0000000000016898,20,1.5430329000228085,1.6897594434794883e-12
16,0.5,17.0,17.000000000000032,17.00000000003599,1.0000000000021152,20,1.4639681999688037,2.1151969065158482e-12
16,0.7,38.33333333333333,38.33333333333346,38.33333333409116,1.0000000000197662,20,1.3329720000037923,1.9766188685821362e-11
16,0.9,145.00000000000003,145.0000000000102,145.00000000156973,1.0000000000107554,20,1.3810642999596894,1.0755396573358667e-11
16,0.95,304.9999999999997,305.0000000000048,305.0000000036168,1.0000000000118425,20,1.468585400027223,1.184252695907162e-11
16,0.99,1584.9999999999986,1585.000000000154,1585.000000000353,1.0000000000001257,20,1.2301646000123583,1.2567724638756772e-13
32,0.1,4.555555555555555,4.555555555555568,4.555555555572777,1.0000000000037776,20,7.435177900013514,3.777644863589558e-12
32,0.3,14.714285714285714,14.71428571428591,14.714285714691085,1.0000000000275362,20,7.399739100015722,2.7536195545962983e-11
32,0.5,33.0,33.000000000000114,33.00000000000007,0.9999999999999987,20,7.488583499973174,1.3322676295501878e-15
32,0.7,75.66666666666666,75.66666666666686,75.66666666930307,1.00000000003484,20,7.348560100013856,3.483990873576204e-11
32,0.9,289.0000000000001,289.0000000000074,289.0000000000321,1.0000000000000855,20,7.560748400050215,8.548717289613705e-14
32,0.95,608.9999999999994,609.0000000000688,609.000000013475,1.0000000000220135,20,7.208882100007031,2.2013502132267604e-11
32,0.99,3168.9999999999973,3169.0000000011014,3169.0000000014456,1.0000000000001086,20,7.30827139999019,1.0857981180834031e-13
64,0.1,8.111111111111112,8.111111111111144,8.111111111251505,1.0000000000173048,12,17.833154599997215,1.730482424022739e-11
64,0.3,28.428571428571427,28.428571428571658,28.4285714288488,1.0000000000097489,12,17.29089590004878,9.7488683792335e-12
64,0.5,65.0,65.00000000000327,65.00000000150031,1.0000000000230314,12,17.651730399986263,2.3031354601243947e-11
64,0.7,150.3333333333333,150.3333333333489,150.33333333551136,1.0000000000143845,12,17.62540199997602,1.4384493596253378e-11
64,0.9,577.0000000000001,577.000000000405,577.0000000121634,1.0000000000203786,12,17.680506000004243,2.0378587706204598e-11
64,0.95,1216.9999999999989,1217.0000000009404,1217.0000000105633,1.000000000007907,12,17.554815700044855,7.907008381380365e-12
64,0.99,6336.9999999999945,6337.000000012707,6337.000000089788,1.0000000000121638,12,17.568306599976495,1.216382550239814e-11
128,0.1,15.222222222222223,15.222222222222447,15.222222222492318,1.0000000000177287,8,23.69875659997342,1.7728707391029275e-11
128,0.3,55.85714285714286,55.85714285714976,55.85714285833079,1.0000000000211438,8,24.469346500001848,2.1143753414776256e-11
128,0.5,129.0,129.00000000003013,129.00000000256932,1.0000000000196836,8,25.16816389997257,1.968358809278925e-11
128,0.7,299.6666666666666,299.66666666676053,299.66666667240776,1.000000000018845,8,23.99233219999587,1.8844925619987407e-11
128,0.9,1153.0000000000002,1153.0000000008208,1153.0000000199693,1.0000000000166076,8,23.78074389998801,1.6607604180762792e-11
128,0.95,2432.9999999999977,2433.0000000044665,2433.0000000447953,1.0000000000165759,8,24.197667600004934,1.6575851802258512e-11
128,0.99,12672.999999999989,12673.000000124854,12673.000000117763,0.9999999999994406,8,25.53271419997327,5.594413821086164e-13
