basin_class,family,best_contrast,l2_band_med,L2_med,escape_rate,n
good,rational,10.0,0.0103947464376688,0.0022632386535406113,0.6666666666666666,3
good,linear,5.0,0.02325603924691677,0.0018708646530285478,0.6666666666666666,3
good,band,3.0,0.06289024651050568,0.009966415353119373,0.6666666666666666,3
good,down_lin,10.0,0.15725435316562653,0.014437704347074032,0.3333333333333333,3
good,down_inv,10.0,0.030398009344935417,0.0023163827136158943,0.6666666666666666,3
good,uniform,1.0,0.02935170754790306,0.004309493582695723,0.6666666666666666,3
bad,rational,3.0,0.5092369504272938,0.2895144580397755,0.5,2
bad,linear,3.0,0.9235914051532745,0.47942136228084564,0.0,2
bad,band,10.0,0.9627302289009094,0.5722218453884125,0.0,2
bad,down_lin,10.0,0.021255791187286377,0.005865833547431976,0.5,2
bad,down_inv,10.0,0.0045751582365483046,0.0004287598712835461,1.0,2
bad,uniform,1.0,0.47962928866036236,0.2876228241948411,0.5,2
