eps,base_seed,chosen_seed,gate_geom_good,p0,p1,L2_final,L2_layer_final,u_center_f,slope_f,jump_f,plat_f
0.01,0,0,1,2000,6000,7.364942978510293e-05,0.0001184144376890058,0.5001483857631683,0.9930877653493446,1.0000505298376083,0.00022329447922083792
0.01,5,7,1,2000,6000,1.9848974589331787e-05,3.308833163139319e-05,0.5000362694263458,0.993409363245035,0.9999884404242039,0.0002308442058172991
0.01,10,10,1,2000,6000,2.7391487970849294e-05,3.01153755708196e-05,0.49996674060821533,0.99331841192378,1.0000499300658703,0.0002278779567063751
0.01,15,16,1,2000,6000,4.972531279074988e-05,9.469257324885875e-05,0.5000507235527039,0.9929643180734727,1.0000227726995945,0.00022563121271454794
0.01,20,20,1,2000,6000,1.8503658180941496e-05,2.976492686474419e-05,0.5000073909759521,0.9935210447442353,0.9999843575060368,0.00023472718800654298
0.01,25,26,1,2000,6000,1.954434019464241e-05,3.169525789446902e-05,0.49998484551906586,0.9933509078783967,1.0000173337757587,0.00023024876812840746
0.01,30,32,1,2000,6000,3.930369960341656e-05,5.4404149343685025e-05,0.4999251365661621,0.9934693126785522,1.000063769519329,0.0002253246015048058
0.01,35,35,1,2000,6000,1.1552591657771003e-05,1.8105006265237485e-05,0.49998968839645386,0.9933949828513253,0.9999993294477463,0.00023069320290643866
0.01,40,40,1,2000,6000,1.54384465669575e-05,2.5039321575744615e-05,0.4999876767396927,0.9933794819074564,0.9999884627759457,0.0002341090459877246
0.01,45,46,1,2000,6000,1.8205533969754483e-05,3.180219277793129e-05,0.5000310391187668,0.9936788555583226,1.0000141188502312,0.00022771098196271063
0.01,50,52,1,2000,6000,1.9733015084935104e-05,3.4783407588647406e-05,0.499969020485878,0.993413658687312,1.0000019371509552,0.00022973904195373925
0.001,0,2,1,2000,6000,3.410488218051574e-05,5.737874721839489e-05,0.5000060200691223,0.9935425219556203,1.000063642859459,2.3587902812321216e-05
0.001,5,8,1,2000,6000,2.0103174279687186e-05,1.9520581991604655e-05,0.5000058710575104,0.9935118935846021,1.0000371932983398,1.6161597163259444e-05
0.001,10,13,1,2000,6000,3.220647661473076e-05,4.830406864105464e-05,0.4999517351388931,0.9936687706068902,1.0000444911420345,2.3723944251833685e-05
0.001,15,18,1,2000,6000,1.0675395480929718e-05,1.6337542226729936e-05,0.5000022500753403,0.9933600590380306,0.9999900609254837,6.995438899420576e-06
0.001,20,21,1,2000,6000,2.704792188928746e-05,3.0540777342387266e-05,0.49996723234653473,0.9934541852514034,0.9999479316174984,2.2329852794604545e-05
0.001,25,27,1,2000,6000,1.588539512151224e-05,3.962666163134063e-05,0.500023677945137,0.9933624868967089,0.999998215585947,7.4816258126813555e-06
0.001,30,30,1,2000,6000,1.2872101013275132e-05,1.6787940421526026e-05,0.49999450147151947,0.9933438110607221,1.0000197812914848,9.99749257282081e-06
0.001,35,36,1,2000,6000,7.676772677534282e-05,7.796272596068852e-05,0.4999256879091263,0.9938164964695446,1.0001622252166271,6.39183927595777e-05
0.001,40,43,1,2000,6000,1.4433119229190835e-05,2.262827486533031e-05,0.5000310391187668,0.9932494980889895,0.9999831281602383,1.1886676891683446e-05
0.001,45,46,1,2000,6000,1.425943657551267e-05,3.0948549635712766e-05,0.499971479177475,0.9937912840909627,1.0000184923410416,8.783616977534375e-06
0.001,50,50,1,2000,6000,7.758391970699118e-06,1.851878188671426e-05,0.49999167025089264,0.9932298884612035,1.0000025480985641,3.3130191518052048e-06
0.0001,0,3,1,2000,6000,1.8843720812796626e-05,4.471946410953638e-05,0.5000408440828323,0.99323474417856,0.999978568404913,1.3661846575715442e-05
0.0001,5,5,1,2000,6000,8.938678044618587e-05,6.375988756074801e-05,0.5000115483999252,0.9931910427223511,1.0000723414123058,7.145276139532552e-05
0.0001,10,10,1,2000,6000,2.9963394209547083e-05,4.932294278831262e-05,0.5000264942646027,0.9932655593079379,0.9999908469617367,2.290218531033791e-05
0.0001,15,18,1,2000,6000,6.594877170839036e-05,5.035674720449034e-05,0.5000274181365967,0.9931109233859684,1.0000984594225883,5.110079746335002e-05
0.0001,20,23,1,2000,6000,2.5806417707507783e-05,6.317828725655224e-05,0.5000906586647034,0.9931592938011738,0.9999874457716942,1.4089833682597864e-05
0.0001,25,26,1,2000,6000,7.79562406143257e-05,0.00014407668681000672,0.5001030564308167,0.9929624504898743,0.9999745450913906,6.353393849607819e-05
0.0001,30,32,1,2000,6000,3.8528464558004886e-05,6.487183037112537e-05,0.5000434219837189,0.9930804817733101,0.9999667294323444,1.9782669220957514e-05
0.0001,35,37,1,2000,6000,4.719911599448246e-05,0.00010168522602226648,0.4999050050973892,0.9939399437454165,1.0000697076320648,3.22537125877613e-05
0.0001,40,40,1,2000,6000,1.7437492237197992e-05,3.064423331455273e-05,0.5000289380550385,0.993342503752203,0.9999829940497875,1.3068178482444616e-05
0.0001,45,45,1,2000,6000,3.737173981760523e-05,3.291177071755589e-05,0.5000156760215759,0.9934892958230582,0.9999302923679352,2.9613015658777642e-05
0.0001,50,52,1,2000,6000,7.264322213173425e-05,6.879442927773153e-05,0.5000856518745422,0.9933030977382712,1.000005379319191,4.762447082128083e-05
