eps,base_seed,k_idx,start_seed,p0,L2_phase0,L2_layer_phase0,u_center,slope_ratio,jump05,plat_err,geom_good
0.01,0,0,0,2000,3.897636209785854e-05,6.916385245382193e-05,0.5000740736722946,0.9930259483322288,1.0000213868916035,0.0002252328773088433,1
0.01,0,1,1,2000,0.0010091331772402988,0.0018280373183581916,0.4988427460193634,0.9893199154390347,0.9999090023338795,0.0005479808358895062,1
0.01,0,2,2,2000,0.000170952115528185,0.00032380280373489216,0.5002833157777786,0.9933751864651794,1.0000944398343563,0.00023707868896479537,1
0.01,0,3,3,2000,0.00030732890941889414,0.0004636242834963983,0.49986712634563446,0.9918555336909444,0.9995620921254158,0.00037833702790520535,1
0.01,5,0,5,2000,0.0002662308869895542,0.0005084605196318982,0.5004352182149887,0.9938874646462937,0.9999806843698025,0.00024413589689616086,1
0.01,5,1,6,2000,0.0004116068942076934,0.000793213513662848,0.4996591806411743,0.9917978253577456,1.0000841952860355,0.00028708965453843455,1
0.01,5,2,7,2000,0.00024943273821026056,0.0004612024679042396,0.5004541575908661,0.9924430754910849,0.9999476782977581,0.00026062428852849427,1
0.01,5,3,8,2000,0.0004851954712308575,0.0008668495170190586,0.4997257590293884,0.9921847886793893,1.0001342110335827,0.00036382033105928485,1
0.01,10,0,10,2000,0.00018597806728878316,0.0003303260735787383,0.5000134110450745,0.9933630471717881,1.0001238733530045,0.00027425069103842,1
0.01,10,1,11,2000,0.16438447601421646,0.1538065392051974,0.4985824078321457,2.329551505491496,0.6843738034367561,0.1374559102544477,0
0.01,10,2,12,2000,0.0002063447062284987,0.0003970800657922669,0.500094011425972,0.9922477262466644,0.9999552182853222,0.0002636538216885691,1
0.01,10,3,13,2000,0.0002543698501437686,0.00047004757779494646,0.5004478991031647,0.99313632252291,1.0002045445144176,0.0002409432126747465,1
0.01,15,0,15,2000,0.0004423525915148605,0.0008342356472534674,0.5006142258644104,0.9921070972016848,0.9997445978224277,0.0003170208521875461,1
0.01,15,1,16,2000,0.00010914987223625391,0.00020973476252857836,0.4999275952577591,0.9929137065579489,1.0000269003212452,0.00024281439628177432,1
0.01,15,2,17,2000,0.00033959067199993223,0.0006225974767725558,0.4999217540025711,0.9912237301595155,0.9997159391641617,0.000318613049213322,1
0.01,15,3,18,2000,0.0006797485766234847,0.0012622610681149856,0.4994101822376251,0.9887151918697864,0.9998596273362637,0.0004127590829703734,1
0.01,20,0,20,2000,0.00018453112319796508,0.0003363249886921224,0.5001065880060196,0.9917866198561536,0.9998876452445984,0.0002723958199181133,1
0.01,20,1,21,2000,0.00034990933998499293,0.0006587705387929855,0.4995443671941757,0.9908005357160576,0.999957412481308,0.00030031266273195255,1
0.01,20,2,22,2000,0.0007143264852108262,0.001299319609060696,0.5002167820930481,0.9902783593418704,0.9996651373803616,0.0004540321644414912,1
0.01,20,3,23,2000,0.0006051366174863435,0.0011121330781372176,0.49956730008125305,0.9922960966618698,0.9997240975499153,0.00040367463876692274,1
0.01,25,0,25,2000,0.0006667812978368895,0.0009325215794403386,0.5002320110797882,0.9903902275994305,0.9991006068885326,0.0005965583192598207,1
0.01,25,1,26,2000,0.00030802770111639844,0.0005587953880001654,0.49962878227233887,0.9921463164572568,0.9999644234776497,0.00030294355799464936,1
0.01,25,2,27,2000,0.0005446817711079358,0.0010100469190615715,0.5001989752054214,0.994273680934498,0.9996622987091541,0.00038374139309073455,1
0.01,25,3,28,2000,0.000484481958626482,0.0008325516164480331,0.499297171831131,0.9926359968768271,0.999741155654192,0.0004139105179891247,1
0.01,30,0,30,2000,0.0005193748180882609,0.0009303420449844267,0.500313013792038,0.9887392836982092,0.9997208900749683,0.0003920293677202769,1
0.01,30,1,31,2000,0.00047944618693905984,0.0007839154411529324,0.5001718103885651,0.991056207910715,0.999531414359808,0.00044183705062155306,1
0.01,30,2,32,2000,0.00032982019333440777,0.0006100491831125635,0.4992808550596237,0.9936880067179561,0.9999031312763691,0.0003195020788587463,1
0.01,30,3,33,2000,0.000962133171551632,0.0015909359585669143,0.5005505234003067,0.9890504231257471,0.999072976410389,0.0006610860537921197,1
0.01,35,0,35,2000,0.00032711263368123813,0.0006100041237549504,0.49990031123161316,0.9924417681825658,0.99982850253582,0.00030547190693248785,1
0.01,35,1,36,2000,0.0006499972169176067,0.001186067606671243,0.49953076243400574,0.9907600091519665,0.9996485114097595,0.000430748078663679,1
0.01,35,2,37,2000,0.0006424368179967573,0.0010047134163852461,0.5004598796367645,0.9890039202941403,0.9992139600217342,0.0005183185241879893,1
0.01,35,3,38,2000,0.0005351973853401086,0.0008600039115555704,0.4996180683374405,0.992164245259804,0.9994688481092453,0.00045218088263932404,1
0.01,40,0,40,2000,0.00012463434335041775,0.00017299170654953497,0.49997271597385406,0.9929370513529322,0.9998114034533501,0.00027531061459704705,1
0.01,40,1,41,2000,0.0010631504075110962,0.001646519149236754,0.49986931681632996,0.9887824248793384,0.9988551437854767,0.0007915504241562923,1
0.01,40,2,42,2000,0.00033174597835049983,0.0005988639562026592,0.49974024295806885,0.9920290322072606,0.9999260529875755,0.00033361616736807856,1
0.01,40,3,43,2000,0.0007747526688458144,0.0012858299953768843,0.5005796104669571,0.9985088002611943,0.999116562306881,0.0005656188073695772,1
0.01,45,0,45,2000,0.00029004956545264897,0.0005439685011492374,0.5001822412014008,0.9897418025739735,0.9998872801661491,0.000292406754408504,1
0.01,45,1,46,2000,0.0001750985344436876,0.0003109382599066381,0.5000465512275696,0.9939952242199368,0.9999060034751892,0.0002804338135852561,1
0.01,45,2,47,2000,0.0001790111800519785,0.00031481776219558557,0.49997110664844513,0.9924757582040615,0.9998388476669788,0.0002836148966799735,1
0.01,45,3,48,2000,0.00017531096232544118,0.00023416001231655426,0.49994875490665436,0.9944961101410992,1.0002500526607037,0.0002470532013270595,1
0.01,50,0,50,2000,0.00035631581246597764,0.000539217813301963,0.49976320564746857,0.9940297745165121,0.9996776208281517,0.0003871564329952359,1
0.01,50,1,51,2000,0.00040077284538796767,0.0007469187910155038,0.4997488558292389,0.9917858728227141,0.999894242733717,0.00030719480966788347,1
0.01,50,2,52,2000,3.905649403732077e-05,5.319644420117332e-05,0.5000466257333755,0.9935664270256829,1.0000098273158073,0.00023331148341901848,1
0.01,50,3,53,2000,0.0007432199158099673,0.0013246583840943466,0.49950842559337616,0.9902955411109782,0.9996325224637985,0.0004766848615940077,1
0.001,0,0,0,2000,0.00012351319281635523,0.00021869883684472275,0.5001133680343628,0.9924660467693488,0.999969445168972,8.866727820959497e-05,1
0.001,0,1,1,2000,0.0001047939125063122,0.0002854590374099127,0.5005909353494644,0.9922957231451504,1.0000381246209145,5.1571403841735346e-05,1
0.001,0,2,2,2000,2.5250316844637607e-05,5.206610199701065e-05,0.5000251233577728,0.9935912658875455,1.0000605210661888,1.4872824392547853e-05,1
0.001,0,3,3,2000,5.3252344347322044e-05,7.392073924581896e-05,0.5000526010990143,0.9943157015654682,1.0000624768435955,4.0570786987755155e-05,1
0.001,5,0,5,2000,0.00010707470440584111,8.672395660599094e-05,0.4999745637178421,0.9932621976574605,1.00025524944067,8.944146048823858e-05,1
0.001,5,1,6,2000,0.00034416064760457515,0.0007651024265185627,0.5002199411392212,0.9862964843511536,0.9996267147362232,0.00018406892849185254,1
0.001,5,2,7,2000,0.00024751044445415685,0.0003988606603772703,0.5004276037216187,0.9947734463055015,0.9997523166239262,0.0001586327412174388,1
0.001,5,3,8,2000,4.076550814784797e-05,7.036994062477165e-05,0.50008125603199,0.9935206712275159,1.000035047531128,3.0251289778879402e-05,1
0.001,10,0,10,2000,0.00015882494215897707,0.00035510318875381136,0.49967236816883087,0.9940759038313995,1.000077337026596,8.948451463507438e-05,1
0.001,10,1,11,2000,5.201473729816671e-05,0.0001574562021037344,0.4998200386762619,0.9945017128918955,0.9999896548688412,1.5234765208560213e-05,1
0.001,10,2,12,2000,5.845194051394377e-05,6.614075207541712e-05,0.49994543194770813,0.9936323527267162,1.0001031160354614,4.333561674245577e-05,1
0.001,10,3,13,2000,5.086798177456221e-05,7.655973713784752e-05,0.5001097917556763,0.9941263285885635,1.0000422596931458,4.059596629158827e-05,1
0.001,15,0,15,2000,8.478945181956884e-05,0.00020459743016449955,0.49974940717220306,0.9949979298540613,1.000095445662737,5.5612751653614434e-05,1
0.001,15,1,16,2000,8.949901810353818e-05,0.0001514552468158723,0.5001318752765656,0.9927857770814407,1.0001031085848808,7.035727369703994e-05,1
0.001,15,2,17,2000,9.774997021198274e-05,0.00011468309603434488,0.499913826584816,0.993114285036446,1.0001025311648846,7.019774311002254e-05,1
0.001,15,3,18,2000,4.553651771204234e-05,7.394457431009802e-05,0.500164270401001,0.9930935548585008,1.0000895261764526,3.5228980534657296e-05,1
0.001,20,0,20,2000,6.311334463800722e-05,5.352638372153851e-05,0.4999128431081772,0.9931572394592154,1.000094462186098,4.915593385992894e-05,1
0.001,20,1,21,2000,5.648982983122062e-05,0.0001301793383629557,0.5002603381872177,0.9947247023735762,1.0000190883874893,3.965146631597817e-05,1
0.001,20,2,22,2000,6.69262738257326e-05,0.00013739642029089613,0.4999281316995621,0.9936924889185932,1.000020433217287,4.883834707732002e-05,1
0.001,20,3,23,2000,7.82536410790701e-05,6.878044928897595e-05,0.4999849945306778,0.9937875489237653,1.0001101158559322,6.338449098431817e-05,1
0.001,25,0,25,2000,5.987648980004296e-05,8.48655985474113e-05,0.4999384731054306,0.9939655296407184,1.0000147707760334,3.4757598241315264e-05,1
0.001,25,1,26,2000,0.00016095039817079344,0.0002349409222761207,0.5002810508012772,0.9921679804270016,0.9999023638665676,0.00010179221020154704,1
0.001,25,2,27,2000,2.2988739142591226e-05,4.8559189433001593e-05,0.49996142089366913,0.9932239121936878,0.9999846927821636,1.0529893445547394e-05,1
0.001,25,3,28,2000,8.379004610472362e-05,8.606355251289799e-05,0.4999404102563858,0.9922322253027958,0.9999064952135086,6.487583596520989e-05,1
0.001,30,0,30,2000,5.0885245846580566e-05,8.937753920475913e-05,0.4999788701534271,0.9929572212557982,0.9999743662774563,3.0028502291748333e-05,1
0.001,30,1,31,2000,6.929260702109677e-05,6.0486583418679974e-05,0.4999653100967407,0.9939991461454943,1.0000961422920227,5.472961027288765e-05,1
0.001,30,2,32,2000,0.00030704136892144453,0.0006038391111137171,0.49964094161987305,0.9992761903618869,0.9999030642211437,0.00014848814423166267,1
0.001,30,3,33,2000,0.0002398282440110844,0.00047333782214881533,0.4999039024114609,0.9915554130066391,1.0004018619656563,0.00016095695776169704,1
0.001,35,0,35,2000,6.859302063386552e-05,0.00012096760793782151,0.5000599324703217,0.9944400826331395,0.9999812431633472,4.317058038987046e-05,1
0.001,35,1,36,2000,3.399442036661356e-05,4.470708336463236e-05,0.49997393786907196,0.9936030316642172,1.0000663697719574,2.7053032043341857e-05,1
0.001,35,2,37,2000,6.202068082347298e-05,0.00016325673635911927,0.5000099390745163,0.9951770311211734,0.9999398961663246,3.3800761310999385e-05,1
0.001,35,3,38,2000,0.0001622706971236825,0.0003572197903788084,0.4999927580356598,0.9935208579858757,1.0001010410487652,9.086901757216589e-05,1
0.001,40,0,40,2000,0.00032324326621326017,0.0009238975173401889,0.500159278512001,0.9953705127819952,0.999575424939394,0.0001377569520545256,1
0.001,40,1,41,2000,0.00022318775260119796,0.00050696888739377,0.4996109753847122,0.9964174801474077,1.0000816583633423,9.220138627153895e-05,1
0.001,40,2,42,2000,0.00011467468135008992,0.0002059610762301674,0.49984894692897797,0.9941125084699334,0.9998771846294403,7.130110254636364e-05,1
0.001,40,3,43,2000,6.749561540582491e-05,5.874731008602443e-05,0.4999503642320633,0.994155089375983,0.9999382607638836,5.604537599512815e-05,1
0.001,45,0,45,2000,0.00015265590076864212,0.0001842940052328363,0.5003584921360016,0.9919511539711964,1.0002302266657352,0.00011802436872312822,1
0.001,45,1,46,2000,2.2783400292134026e-05,5.010471912379537e-05,0.49995991587638855,0.9930987840925771,0.9999773055315018,1.2907064646713181e-05,1
0.001,45,2,47,2000,0.00010139466376693921,0.000147095532045227,0.4998008757829666,0.994052745794776,1.0001684501767159,8.107189336090391e-05,1
0.001,45,3,48,2000,0.00012699136553150493,0.0001620436817863934,0.5001251846551895,0.9936601797223363,1.0002124309539795,0.00010729500003431186,1
0.001,50,0,50,2000,2.606673405611803e-05,4.9607252880823006e-05,0.5000516921281815,0.9933972239516441,1.0000039935112,1.6348583629696665e-05,1
0.001,50,1,51,2000,8.848440207114725e-05,0.00011102299946289635,0.49990712106227875,0.993760095444865,0.9998780153691769,5.78184782485931e-05,1
0.001,50,2,52,2000,0.00014289782859101856,0.00026768709760987647,0.49977995455265045,0.9925230080691082,0.9998024702072144,8.243755068573087e-05,1
0.001,50,3,53,2000,8.878161613638169e-05,0.00016460805717431864,0.5000467598438263,0.9927579500858205,1.0000970251858234,5.52061761026832e-05,1
0.0001,0,0,0,2000,6.0293323707746935e-05,0.00020655951811272502,0.5000230073928833,0.9930446241682157,0.9999503679573536,2.2746987035394026e-05,1
0.0001,0,1,1,2000,9.287226085602237e-05,0.00019637351136936692,0.4998788982629776,0.9932059833911405,0.9999689497053623,5.020174629238558e-05,1
0.0001,0,2,2,2000,6.162854687786401e-05,0.0001879917525054295,0.4999936521053314,0.9929572212557981,1.00009236484766,3.7948815654335756e-05,1
0.0001,0,3,3,2000,4.209878146394616e-05,8.20567427569337e-05,0.4999224990606308,0.9932508053975084,0.999977458268404,3.0062409363979764e-05,1
0.0001,5,0,5,2000,9.821133238078954e-05,0.0003098592707479568,0.49983543157577515,0.9930192250312738,1.0000652596354485,7.040219274112221e-05,1
0.0001,5,1,6,2000,0.00036585066110794544,0.0010066083442408233,0.500100776553154,0.9911949693720963,1.000503059476614,0.00027025908968954216,1
0.0001,5,2,7,2000,0.00015509691262968864,0.0005441177534865722,0.500050500035286,0.9925433647303336,1.0000622831285,9.019743306120298e-05,1
0.0001,5,3,8,2000,0.0005964381295256437,0.0021516784934990166,0.49978651106357574,0.9900503273844735,0.9997399300336838,0.00019245039605762625,1
0.0001,10,0,10,2000,4.573225011777639e-05,9.854312967694001e-05,0.5000170171260834,0.9931953381646281,0.9999609664082527,3.0054663436236487e-05,1
0.0001,10,1,11,2000,5.053943069147894e-05,0.00013946437780788074,0.49995744228363037,0.9930194117896337,0.999950960278511,2.6825821667386655e-05,1
0.0001,10,2,12,2000,5.6565674175258207e-05,0.00014323153692125692,0.49998892843723297,0.99301063414672,1.0000284388661385,3.707589619781007e-05,1
0.0001,10,3,13,2000,9.519261256391639e-05,0.0001677113315261744,0.4999355673789978,0.9935929467127842,1.0000783391296864,6.755722835741657e-05,1
0.0001,15,0,15,2000,0.00021228927414911807,0.0007283141411387323,0.5001784563064575,0.9920589135448394,1.0002020932734013,0.00011023282936871738,1
0.0001,15,1,16,2000,0.00015463035606967676,0.0007922697036321889,0.5002576410770416,0.9922240079349616,1.0000712759792805,5.284697280390222e-05,1
0.0001,15,2,17,2000,0.00016877834229611885,0.0004424024147382523,0.4999750405550003,0.9927013623027807,0.9998964220285416,0.0001000890090866699,1
0.0001,15,3,18,2000,7.922955804701597e-05,0.00022587222425921093,0.5000637024641037,0.9927501062347059,1.000011034309864,5.414252970632623e-05,1
0.0001,15,0,15,2000,0.00021228927414911807,0.0007283141411387323,0.5001784563064575,0.9920589135448394,1.0002020932734013,0.00011023282936871738,1
0.0001,15,1,16,2000,0.00015463035606967676,0.0007922697036321889,0.5002576410770416,0.9922240079349616,1.0000712759792805,5.284697280390222e-05,1
0.0001,15,0,15,2000,0.00021228927414911807,0.0007283141411387323,0.5001784563064575,0.9920589135448394,1.0002020932734013,0.00011023282936871738,1
0.0001,15,1,16,2000,0.00015463035606967676,0.0007922697036321889,0.5002576410770416,0.9922240079349616,1.0000712759792805,5.284697280390222e-05,1
0.0001,15,2,17,2000,0.00016877834229611885,0.0004424024147382523,0.4999750405550003,0.9927013623027807,0.9998964220285416,0.0001000890090866699,1
0.0001,15,3,18,2000,7.922955804701597e-05,0.00022587222425921093,0.5000637024641037,0.9927501062347059,1.000011034309864,5.414252970632623e-05,1
0.0001,20,0,20,2000,0.00039949466092029475,0.0009631796842721705,0.5001273304224014,0.9920912227410964,1.0005210898816586,0.0002899087371067567,1
0.0001,20,1,21,2000,0.00010590119605006408,0.0001937633203180673,0.5000049471855164,0.9929891569353353,0.9998897798359394,7.08866354274832e-05,1
0.0001,20,2,22,2000,0.00024437691351527735,0.0005514888781258598,0.5002316981554031,0.9927211586889266,1.0004615522921085,0.00016496492994632977,1
0.0001,20,3,23,2000,5.015751566533368e-05,0.00014223107502577293,0.49997933208942413,0.9931585467677343,0.9999326318502426,2.522237950914891e-05,1
0.0001,25,0,25,2000,0.00018662712986962474,0.00045504979454457826,0.49969594180583954,0.9927411418334323,1.0002134442329407,0.00013798188754568177,1
0.0001,25,1,26,2000,6.541613871348193e-05,0.00010909944537032354,0.5000291466712952,0.9931376298314293,1.0000810697674751,5.1971964188055095e-05,1
0.0001,25,2,27,2000,0.0001286612379928655,0.00044912039996893206,0.4998585730791092,0.992859359875228,0.9998561777174473,7.281516838832822e-05,1
0.0001,25,3,28,2000,0.00011109639523260407,0.00037651797823898216,0.4998527616262436,0.9931488353330212,0.9999770857393742,6.655239502307527e-05,1
0.0001,30,0,30,2000,0.00015341745212195287,0.00025130859478062644,0.49992735683918,0.9930711438553167,1.000413604080677,0.00012906461331579246,1
0.0001,30,1,31,2000,0.0002454446304338355,0.0004743850349693498,0.5000406950712204,0.9925183391101114,1.000290110707283,0.00020418704298102915,1
0.0001,30,2,32,2000,3.4794916533540346e-05,0.00011805094488230284,0.5000187307596207,0.993093181341781,1.000053595751524,2.3634296129959036e-05,1
0.0001,30,3,33,2000,0.0006333146626629346,0.0019880000663949795,0.5000816583633423,0.9906849322913004,0.9999362900853157,0.00015514945297465807,1
0.0001,35,0,35,2000,0.0004962307655196305,0.0013521369094733652,0.499675452709198,0.9914343935894453,0.9995378293097019,0.00023934891524896008,1
0.0001,35,1,36,2000,0.00013974227136708098,0.0004901776305171125,0.4999597817659378,0.9931234361960795,1.0000572912395,6.081814414230848e-05,1
0.0001,35,2,37,2000,2.5565303683291062e-05,6.0773303097615836e-05,0.5000443160533905,0.9936297381096779,0.9999960474669933,1.900934024920323e-05,1
0.0001,35,3,38,2000,0.00018615332856204863,0.00028254418113765124,0.500189945101738,0.9935996700137394,0.9998839162290096,9.16422352333199e-05,1
0.0001,40,0,40,2000,4.393756385782531e-05,0.00017416527841677962,0.49991683661937714,0.99319253678923,1.0000013299286366,2.85746421088621e-05,1
0.0001,40,1,41,2000,7.06221761523739e-05,4.466296865264269e-05,0.499966636300087,0.9934500765674862,1.0000369437038898,5.370934555821575e-05,1
0.0001,40,2,42,2000,0.00032224173205628426,0.0007809384112794578,0.4999444931745529,0.9922105613330512,0.9999213181436062,0.00017447551538323985,1
0.0001,40,3,43,2000,7.983346460132644e-05,0.00024812250101302163,0.5001828074455261,0.9937920311244021,0.9999981671571732,3.911632706517047e-05,1
0.0001,45,0,45,2000,9.235501550956404e-05,6.015806682045105e-05,0.5000117719173431,0.9935111465511626,1.0001545548439026,7.66312639488865e-05,1
0.0001,45,1,46,2000,0.00036565181669023306,0.000245614694496001,0.5002776980400085,0.9930345392167829,1.0005245208740234,0.00031691491034007926,1
0.0001,45,2,47,2000,0.00012607053590267254,0.000311322532493181,0.500013455748558,0.9924948075567682,0.9998293146491051,7.263601910759508e-05,1
0.0001,45,3,48,2000,0.0005260526785394168,0.0013307629748536159,0.4991161972284317,0.9920092358211149,1.0007332935929298,0.0004147890668004675,1
0.0001,50,0,50,2000,0.00019688826512188494,0.0004798885071439307,0.49973055720329285,0.9926983741690228,0.9998047277331352,0.00010507599658556741,1
0.0001,50,1,51,2000,0.0001901755940943053,0.00021344016419229042,0.5000991225242615,0.9932403469293559,0.9996990449726582,0.00014405532045682365,1
0.0001,50,2,52,2000,0.00014795097200751069,0.0001590425768309181,0.5000027865171432,0.9931794637040394,1.000230260193348,0.00011943524365545563,1
0.0001,50,3,53,2000,0.00016606865430229584,0.0007169935859402714,0.499291256070137,0.9934950853322141,1.000080469995737,9.270859380760748e-05,1
