nu,seed,beta,truth_good,gate_L2,t_cv,gS_norm2,c3_inner,cbar,eps_S,cos_S,gap,gram_check_err
0.01,0,1,0,0.0602545,0.471056,44682.1,41281.5,0.871997,0.0608945,0.0124665,-0.048428,0
0.01,0,3,0,0.0602545,0.471056,362390,117572,0.317135,0.0234337,0.012386,-0.0110477,6.64484e-08
0.01,0,10,0,0.0602545,0.471056,3.87753e+06,384590,0.0984616,0.00745803,0.0123556,0.00489754,0
0.01,0,40,0,0.0602545,0.471056,6.12838e+07,1.52895e+06,0.024902,0.00190278,0.0123455,0.0104427,8.17553e-08
0.01,5,1,0,0.0737055,0.584559,1.69408e+06,1.56085e+06,0.877903,0.0540493,0.0523582,-0.00169113,1.60169e-07
0.01,5,3,0,0.0737055,0.584559,1.36923e+07,4.43827e+06,0.317998,0.0206986,0.0521288,0.0314302,0
0.01,5,10,0,0.0737055,0.584559,1.46325e+08,1.45092e+07,0.0985498,0.00656259,0.05204,0.0454774,0
0.01,5,40,0,0.0737055,0.584559,2.31172e+09,5.76705e+07,0.0249078,0.00167161,0.0520104,0.0503388,1.38719e-07
0.01,10,1,0,0.105865,0.714602,4830.6,4529.08,0.799011,0.175014,0.440625,0.265611,1.0781e-07
0.01,10,3,0,0.105865,0.714602,39939.2,13025.2,0.303969,0.0732771,0.439951,0.366674,0
0.01,10,10,0,0.105865,0.714602,430448,42761.8,0.0969856,0.0243984,0.439682,0.415283,1.82698e-07
0.01,10,40,0,0.105865,0.714602,6.81943e+06,170204,0.0248022,0.00633425,0.439591,0.433257,0
0.01,15,1,0,0.088692,0.655169,22368.4,20554.6,0.818303,0.125,0.00720489,-0.117795,9.50212e-08
0.01,15,3,0,0.088692,0.655169,180169,58345.7,0.30814,0.0514859,0.00723016,-0.0442558,0
0.01,15,10,0,0.088692,0.655169,1.92289e+06,190614,0.0974973,0.0168813,0.00723938,-0.00964189,8.19718e-08
0.01,15,40,0,0.088692,0.655169,3.03657e+07,757480,0.024838,0.00435236,0.00724239,0.00289003,8.25104e-08
0.01,20,1,0,0.067428,0.598816,19576.4,18073.1,0.82566,0.119152,0.00678401,-0.112368,0
0.01,20,3,0,0.067428,0.598816,158622,51449.9,0.30938,0.0486676,0.00675351,-0.0419141,0
0.01,20,10,0,0.067428,0.598816,1.69665e+06,168269,0.0976267,0.0159496,0.0067419,-0.00920773,0
0.01,20,40,0,0.067428,0.598816,2.68123e+07,668921,0.0248465,0.00411354,0.00673806,0.00262452,0
0.01,25,1,1,0.0392078,0.512377,37558.3,35347.4,0.883949,0.065782,0.0145474,-0.0512346,1.1051e-07
0.01,25,3,1,0.0392078,0.512377,312031,101889,0.318754,0.0247337,0.0144629,-0.0102707,0
0.01,25,10,1,0.0392078,0.512377,3.36874e+06,334784,0.0986208,0.00778576,0.0144315,0.00664572,9.33437e-08
0.01,25,40,1,0.0392078,0.512377,5.33995e+07,1.33291e+06,0.0249123,0.00197841,0.0144212,0.0124427,9.378e-08
0.01,30,1,0,0.100172,0.673954,35675.9,32757.1,0.822119,0.121717,0.460574,0.338857,0
0.01,30,3,0,0.100172,0.673954,287124,92967.2,0.308545,0.0506704,0.458444,0.407774,8.4035e-08
0.01,30,10,0,0.100172,0.673954,3.06381e+06,303702,0.0975245,0.0167552,0.457593,0.440838,0
0.01,30,40,0,0.100172,0.673954,4.83805e+07,1.20685e+06,0.0248393,0.00433614,0.457307,0.45297,0
0.01,35,1,1,0.0346473,0.525002,23662.7,22006.1,0.894156,0.047213,0.399146,0.351933,0
0.01,35,3,1,0.0346473,0.525002,193597,62960.8,0.320449,0.0171409,0.398177,0.381036,0
0.01,35,10,1,0.0346473,0.525002,2.07844e+06,206302,0.0987994,0.00530894,0.39779,0.392481,0
0.01,35,40,1,0.0346473,0.525002,3.28862e+07,820623,0.0249241,0.00134118,0.39766,0.396319,0
0.01,40,1,1,0.0265683,0.510287,14812.1,13748.1,0.876136,0.0608903,0.0186795,-0.0422108,1.42065e-07
0.01,40,3,1,0.0265683,0.510287,120854,39273.1,0.317617,0.0235695,0.0187176,-0.00485186,0
0.01,40,10,1,0.0265683,0.510287,1.29604e+06,128611,0.0985054,0.00751749,0.0187315,0.0112141,0
0.01,40,40,1,0.0265683,0.510287,2.04989e+07,511486,0.0249048,0.0019192,0.0187361,0.0168169,6.10965e-08
0.01,45,1,1,0.0337511,0.49376,8209.73,7490.06,0.882095,0.0396266,0.594316,0.554689,6.51906e-08
0.01,45,3,1,0.0337511,0.49376,65513.9,21162,0.318489,0.0157983,0.593567,0.577769,0
0.01,45,10,1,0.0337511,0.49376,696746,69013.9,0.0985935,0.00509909,0.593258,0.588159,1.13202e-07
0.01,45,40,1,0.0337511,0.49376,1.099e+07,274094,0.0249105,0.00130709,0.593153,0.591846,1.14012e-07
0.01,50,1,1,0.0302509,0.61048,10348,9525.21,0.86711,0.0637726,0.0340304,-0.0297422,1.02524e-07
0.01,50,3,1,0.0302509,0.61048,83528.8,27065.2,0.316439,0.0246219,0.0339528,0.00933087,0
0.01,50,10,1,0.0302509,0.61048,892171,88455.1,0.0983942,0.00782779,0.0339226,0.0260948,0
0.01,50,40,1,0.0302509,0.61048,1.40925e+07,351555,0.0248978,0.0019956,0.0339125,0.0319169,8.88909e-08
0.005,0,1,1,0.00790751,0.516513,12721.2,12115.9,0.928666,0.0271319,0.00948812,-0.0176437,8.06019e-08
0.005,0,3,1,0.00790751,0.516513,107346,35196.4,0.324859,0.00978805,0.00948346,-0.000304581,1.10984e-07
0.005,0,10,1,0.00790751,0.516513,1.16557e+06,115978,0.099218,0.00302396,0.00948168,0.00645772,0
0.005,0,40,1,0.00790751,0.516513,1.85105e+07,462186,0.0249507,0.000763307,0.00948109,0.00871779,0
0.005,5,1,1,0.0499401,0.583615,8633.5,8074.23,0.856509,0.0925389,8.93749e-05,-0.0924495,0
0.005,5,3,1,0.0499401,0.583615,71138.2,23178.1,0.314354,0.0366465,0.000106249,-0.0365402,0
0.005,5,10,1,0.0499401,0.583615,765676,76041.7,0.0981603,0.0117925,0.000112522,-0.01168,0
0.005,5,40,1,0.0499401,0.583615,1.21249e+07,302600,0.024882,0.0030195,0.000114579,-0.00290492,1.03272e-07
0.005,10,1,0,0.573353,0.874362,19425.9,15695.9,0.794555,0.0974078,0.0135512,-0.0838566,6.22177e-08
0.005,10,3,0,0.573353,0.874362,133389,41285.9,0.304517,0.0399757,0.0138544,-0.0261213,0
0.005,10,10,0,0.573353,0.874362,1.33835e+06,130851,0.0971286,0.013169,0.0139683,0.000799275,5.97054e-08
0.005,10,40,0,0.573353,0.874362,2.07049e+07,514701,0.024814,0.003403,0.0140055,0.0106025,6.07149e-08
0.005,15,1,0,0.570397,1.03502,3314.47,2234.71,0.720947,0.0932186,0.0970163,0.00379774,1.09249e-07
0.005,15,3,0,0.570397,1.03502,18311.1,5263.6,0.293327,0.0359122,0.099095,0.0631828,0
0.005,15,10,0,0.570397,1.03502,166209,15864.7,0.0959755,0.0114331,0.100061,0.0886275,1.23111e-07
0.005,15,40,0,0.570397,1.03502,2.48109e+06,61298,0.0247384,0.00291778,0.100406,0.0974879,0
0.005,20,1,0,0.571319,0.833574,31879.4,25898.4,0.811403,0.126375,0.175261,0.0488856,0
0.005,20,3,0,0.571319,0.833574,220972,68647.8,0.306972,0.0496673,0.171747,0.12208,0
0.005,20,10,0,0.571319,0.833574,2.2294e+06,218271,0.0973732,0.0160195,0.169967,0.153947,0
0.005,20,40,0,0.571319,0.833574,3.45629e+07,859513,0.0248298,0.00410916,0.169315,0.165206,7.27156e-08
0.005,25,1,1,0.00652113,0.437491,5982.24,5715.96,0.935429,0.022557,0.00364508,-0.0189119,0
0.005,25,3,1,0.00652113,0.437491,50693.2,16639.5,0.32571,0.00812084,0.00363701,-0.00448383,0
0.005,25,10,1,0.00652113,0.437491,551273,54872,0.0992981,0.00250713,0.00363406,0.00112693,0
0.005,25,40,1,0.00652113,0.437491,8.75919e+06,218725,0.0249558,0.000632674,0.00363309,0.00300042,0
0.005,30,1,1,0.045355,0.537194,26589.7,25037.1,0.880273,0.0709894,0.00629661,-0.0646928,7.80092e-08
0.005,30,3,1,0.045355,0.537194,221054,72195,0.317652,0.028514,0.00633803,-0.022176,0
0.005,30,10,1,0.045355,0.537194,2.38715e+06,237248,0.0984837,0.00925306,0.00635322,-0.00289985,0
0.005,30,40,1,0.045355,0.537194,3.78431e+07,944617,0.0249028,0.0023772,0.00635818,0.00398098,0
0.005,35,1,1,0.0441686,0.63146,12316.7,11608.1,0.880756,0.0709893,-0.00449596,-0.0664934,0
0.005,35,3,1,0.0441686,0.63146,102516,33491.3,0.317771,0.0283364,-0.00452855,-0.0238079,0
0.005,35,10,1,0.0441686,0.63146,1.10753e+06,110083,0.0984999,0.00915125,-0.00454053,-0.00461072,0
0.005,35,40,1,0.0441686,0.63146,1.75599e+07,438331,0.024904,0.00234623,-0.00454444,0.00219821,0
0.005,40,1,1,0.0242001,0.506545,14680.6,13551.6,0.886793,0.0437502,0.00216815,-0.041582,7.20627e-08
0.005,40,3,1,0.0242001,0.506545,118935,38575.7,0.319259,0.0167814,0.00216554,-0.0146159,0
0.005,40,10,1,0.0242001,0.506545,1.27209e+06,126160,0.0986756,0.00531631,0.0021645,-0.00315181,6.19252e-08
0.005,40,40,1,0.0242001,0.506545,2.01026e+07,501523,0.024916,0.00135349,0.00216416,0.00081067,0
0.005,45,1,1,0.0177813,0.435687,10713.8,10155.6,0.92442,0.0279472,0.000978889,-0.0269683,0
0.005,45,3,1,0.0177813,0.435687,89846.7,29410.9,0.324277,0.0102589,0.000990636,-0.0092683,0
0.005,45,10,1,0.0177813,0.435687,973355,96804.6,0.0991611,0.00319227,0.000994935,-0.00219734,0
0.005,45,40,1,0.0177813,0.435687,1.54465e+07,385635,0.0249471,0.000807806,0.000996339,0.000188533,0
0.005,50,1,1,0.0109364,0.426989,17167.8,16213.2,0.920975,0.0264479,0.0222863,-0.00416163,0
0.005,50,3,1,0.0109364,0.426989,143270,46837.9,0.323947,0.00950696,0.0222471,0.0127401,0
0.005,50,10,1,0.0109364,0.426989,1.54931e+06,154025,0.099134,0.00293261,0.0222326,0.0192999,0
0.005,50,40,1,0.0109364,0.426989,2.45719e+07,613396,0.0249454,0.00073984,0.0222278,0.0214879,0
0.003,0,1,1,0.0470195,0.473706,9092.63,8760.51,0.92944,0.0367807,0.00368692,-0.0330938,0
0.003,0,3,1,0.0470195,0.473706,77897.1,25641.7,0.32479,0.0135496,0.00371488,-0.00983473,7.61698e-08
0.003,0,10,1,0.0470195,0.473706,850471,84726,0.0992048,0.00422402,0.00372499,-0.000499028,0
0.003,0,40,1,0.0470195,0.473706,1.35306e+07,337944,0.0249497,0.0010696,0.00372828,0.00265868,9.24708e-08
0.003,5,1,1,0.0548105,0.620123,8811.77,8318.77,0.863671,0.0935793,0.00355846,-0.0900208,1.17393e-07
0.003,5,3,1,0.0548105,0.620123,73502.8,24026.7,0.315429,0.0364496,0.0035192,-0.0329304,0
0.003,5,10,1,0.0548105,0.620123,794722,79004.6,0.0982697,0.0116593,0.0035047,-0.00815456,9.88866e-08
0.003,5,40,1,0.0548105,0.620123,1.26036e+07,314624,0.0248891,0.0029796,0.00349995,0.000520352,1.9865e-07
0.003,10,1,0,0.575677,0.774711,4737.8,4048.31,0.799784,0.109664,0.176452,0.0667887,6.03067e-08
0.003,10,3,0,0.575677,0.774711,34856.8,11011.2,0.305799,0.0449399,0.17407,0.12913,8.86881e-08
0.003,10,10,0,0.575677,0.774711,359605,35381.3,0.0972851,0.0146667,0.172988,0.158321,0
0.003,10,40,0,0.575677,0.774711,5.61578e+06,139825,0.0248248,0.00377341,0.172607,0.168833,1.11747e-07
0.003,15,1,0,0.573162,0.120772,1068.71,794.734,0.744736,0.0199757,0.118326,0.0983503,0
0.003,15,3,0,0.573162,0.120772,6612.56,1977.19,0.29909,0.00802185,0.118743,0.110721,6.17392e-08
0.003,15,10,0,0.573162,0.120772,63263.6,6115.81,0.0966762,0.00259282,0.118927,0.116334,0
0.003,15,40,0,0.573162,0.120772,962319,23852.7,0.0247869,0.000664756,0.118992,0.118327,0
0.003,20,1,0,0.572995,1.01453,5958.57,4405.35,0.744891,0.140078,0.149571,0.00949329,0
0.003,20,3,0,0.572995,1.01453,36866.7,11048.7,0.296711,0.0576404,0.155029,0.0973883,0
0.003,20,10,0,0.572995,1.01453,354312,34300.6,0.0963107,0.0189152,0.157146,0.138231,0
0.003,20,40,0,0.572995,1.01453,5.40187e+06,133951,0.02476,0.00487859,0.157841,0.152963,0
0.003,25,1,1,0.0248045,0.428022,25617.8,24598.2,0.934992,0.0272483,-2.48771e-05,-0.0272234,7.94011e-08
0.003,25,3,1,0.0248045,0.428022,218489,71837.3,0.325602,0.00988554,-6.85432e-06,-0.00987869,1.08753e-07
0.003,25,10,1,0.0248045,0.428022,2.38157e+06,237174,0.099286,0.00306125,-3.11612e-07,-0.00306094,6.58799e-08
0.003,25,40,1,0.0248045,0.428022,3.78696e+07,945760,0.024955,0.000773338,1.81744e-06,-0.000771521,0
0.003,30,1,1,0.016121,0.445265,15536.5,14827.1,0.933558,0.025137,0.00200837,-0.0231286,6.58633e-08
0.003,30,3,1,0.016121,0.445265,131453,43131,0.325493,0.00896237,0.00198034,-0.00698203,0
0.003,30,10,1,0.016121,0.445265,1.42873e+06,142195,0.0992784,0.00275646,0.00197008,-0.000786388,0
0.003,30,40,1,0.016121,0.445265,2.26972e+07,566753,0.0249546,0.000694824,0.00196673,0.0012719,0
0.003,35,1,1,0.0583566,0.705025,7753.29,7287.48,0.857209,0.0988589,0.0033297,-0.0955292,0
0.003,35,3,1,0.0583566,0.705025,64312.4,20992.1,0.314068,0.0399232,0.00321444,-0.0367088,9.30411e-08
0.003,35,10,1,0.0583566,0.705025,693964,68958.1,0.098114,0.0129569,0.00317167,-0.00978527,0
0.003,35,40,1,0.0583566,0.705025,1.09985e+07,274527,0.0248786,0.00332777,0.00315764,-0.000170134,0
0.003,40,1,1,0.0331286,0.540038,3333.79,3223.68,0.907524,0.0685184,0.000727891,-0.0677905,0
0.003,40,3,1,0.0331286,0.540038,28701.8,9460.32,0.321656,0.0255832,0.000894413,-0.0246888,0
0.003,40,10,1,0.0331286,0.540038,313944,31288.6,0.0988919,0.00803819,0.000954439,-0.00708375,6.2423e-08
0.003,40,40,1,0.0331286,0.540038,4.99774e+06,124838,0.0249295,0.00204145,0.000973929,-0.00106753,0
0.003,45,1,1,0.0187678,0.389081,37347.7,35807.4,0.944666,0.0155245,0.00677652,-0.00874797,1.0909e-07
0.003,45,3,1,0.0187678,0.389081,317903,104470,0.326848,0.0056234,0.00674569,0.00112228,7.47822e-08
0.003,45,10,1,0.0187678,0.389081,3.46272e+06,344789,0.0994045,0.00173993,0.00673447,0.00499454,9.0635e-08
0.003,45,40,1,0.0187678,0.389081,5.50483e+07,1.37473e+06,0.0249625,0.000439286,0.00673081,0.00629153,9.0927e-08
0.003,50,1,1,0.00738305,0.278363,7570.24,7238.86,0.943413,0.0139107,0.00307485,-0.0108358,0
0.003,50,3,1,0.00738305,0.278363,64213.9,21082.9,0.326766,0.00487759,0.00306914,-0.00180845,0
0.003,50,10,1,0.00738305,0.278363,698555,69537.3,0.0993994,0.00149058,0.00306706,0.00157648,1.1235e-07
0.003,50,40,1,0.00738305,0.278363,1.11006e+07,277199,0.0249623,0.000374824,0.00306638,0.00269156,0
0.001,0,1,1,0.0173123,0.526381,30403,28623.1,0.960962,0.0317598,0.00431385,-0.027446,0
0.001,0,3,1,0.0173123,0.526381,252752,82551.6,0.328823,0.0109089,0.00441609,-0.00649279,9.46378e-08
0.001,0,10,1,0.0173123,0.526381,2.72972e+06,271301,0.0995882,0.00330765,0.00445356,0.00114592,0
0.001,0,40,1,0.0173123,0.526381,4.32756e+07,1.08023e+06,0.0249741,0.000829747,0.0044658,0.00363605,1.15716e-07
0.001,5,1,1,0.0311042,0.395979,2.47468e+06,2.39115e+06,0.952078,0.0154158,0.00589271,-0.00952309,0
0.001,5,3,1,0.0311042,0.395979,2.12811e+07,7.01208e+06,0.327749,0.0055059,0.0059123,0.000406398,7.13055e-08
0.001,5,10,1,0.0311042,0.395979,2.32663e+08,2.31854e+07,0.0994885,0.00169416,0.00591936,0.0042252,0
0.001,5,40,1,0.0311042,0.395979,3.70321e+09,9.24994e+07,0.0249678,0.000427046,0.00592165,0.00549461,0
0.001,10,1,1,0.0087694,0.261464,53050.3,51425.2,0.970832,0.00273554,0.00516644,0.0024309,0
0.001,10,3,1,0.0087694,0.261464,458151,151125,0.330023,0.00092177,0.00515518,0.00423341,0
0.001,10,10,1,0.0087694,0.261464,5.01656e+06,500076,0.0996998,0.000277572,0.00515113,0.00487356,6.24905e-08
0.001,10,40,1,0.0087694,0.261464,7.98862e+07,1.99558e+06,0.0249812,6.95288e-05,0.00514981,0.00508029,6.26385e-08
0.001,15,1,0,0.575483,0.0170211,13.8201,8.0109,0.576989,0.00473627,0.0959868,0.0912505,0
0.001,15,3,0,0.575483,0.0170211,64.438,17.298,0.267868,0.00220561,0.0960055,0.0937999,0
0.001,15,10,0,0.575483,0.0170211,534.146,49.803,0.0931688,0.000768509,0.096016,0.0952475,0
0.001,15,40,0,0.575483,0.0170211,7701.54,189.11,0.02455,0.00020259,0.0960202,0.0958176,0
0.001,20,1,0,0.574872,0.764041,198.68,179.239,0.910068,0.0193348,0.0173927,-0.00194208,0
0.001,20,3,0,0.574872,0.764041,1562.64,502.739,0.322474,0.00661712,0.0167475,0.0101304,0
0.001,20,10,0,0.574872,0.764041,16526.7,1634.99,0.0989914,0.00200693,0.0164994,0.0144925,0
0.001,20,40,0,0.574872,0.764041,260201,6487.49,0.0249363,0.000503646,0.0164169,0.0159133,0
0.001,25,1,0,0.575581,0.457516,222.694,140.222,0.634999,0.0306688,0.0810668,0.050398,0
0.001,25,3,0,0.575581,0.457516,1137.06,316.963,0.278736,0.0131598,0.0800359,0.0668761,9.62813e-08
0.001,25,10,0,0.575581,0.457516,9904.69,935.555,0.0943953,0.00450673,0.0794861,0.0749794,6.52395e-08
0.001,25,40,0,0.575581,0.457516,145571,3586.67,0.024633,0.00118484,0.0792763,0.0780915,6.80689e-08
0.001,30,1,0,0.577233,0.112582,827.61,451.641,0.537619,0.022741,0.128105,0.105364,6.75704e-08
0.001,30,3,0,0.577233,0.112582,3620.32,944.716,0.258886,0.0113523,0.128565,0.117213,6.46069e-08
0.001,30,10,0,0.577233,0.112582,28926.7,2670.48,0.0920444,0.00412291,0.128832,0.124709,0
0.001,30,40,0,0.577233,0.112582,411039,10066.6,0.0244708,0.00110549,0.128939,0.127833,9.70101e-08
0.001,35,1,0,0.57207,0.0315075,138.679,79.4523,0.571428,0.00394094,0.0205503,0.0166093,0
0.001,35,3,0,0.57207,0.0315075,638.569,170.493,0.266654,0.00186798,0.0206046,0.0187366,0
0.001,35,10,0,0.57207,0.0315075,5255.96,489.134,0.0930208,0.000657544,0.0206354,0.0199779,1.24782e-07
0.001,35,40,0,0.57207,0.0315075,75572.2,1854.74,0.0245397,0.000174084,0.0206475,0.0204735,6.58153e-08
0.001,40,1,1,0.0493417,0.172902,2.03505e+08,1.99998e+08,0.980969,0.00208747,0.0554795,0.0533921,0
0.001,40,3,1,0.0493417,0.172902,1.7897e+09,5.93099e+08,0.331191,0.000706585,0.0554905,0.054784,1.07908e-07
0.001,40,10,1,0.0493417,0.172902,1.97241e+10,1.96895e+09,0.0998062,0.000213173,0.0554945,0.0552813,6.50091e-08
0.001,40,40,1,0.0493417,0.172902,3.14757e+11,7.86547e+09,0.0249879,5.33723e-05,0.0554957,0.0554424,0
0.001,45,1,0,0.572873,0.0787775,226.123,110.964,0.493644,0.0138303,0.0653142,0.0514838,0
0.001,45,3,0,0.572873,0.0787775,887.825,219.887,0.248309,0.00683505,0.0654739,0.0586389,0
0.001,45,10,0,0.572873,0.0787775,6634.85,601.117,0.0906768,0.00246989,0.0655758,0.0631059,1.01536e-07
0.001,45,40,0,0.572873,0.0787775,91717.1,2234.96,0.0243733,0.000661107,0.0656184,0.0649573,0
0.001,50,1,1,0.0357384,0.177717,2.33172e+08,2.27298e+08,0.972364,0.00286381,0.0400692,0.0372053,7.03922e-08
0.001,50,3,1,0.0357384,0.177717,2.02865e+09,6.70441e+08,0.330203,0.000975899,0.0400725,0.0390966,9.54595e-08
0.001,50,10,1,0.0357384,0.177717,2.22719e+10,2.22144e+09,0.0997164,0.00029515,0.0400736,0.0397785,1.1524e-07
0.001,50,40,1,0.0357384,0.177717,3.54973e+11,8.8686e+09,0.0249822,7.39142e-05,0.040074,0.0400001,0
