seed,group,beta,L2_relative
200,down_3,0.3333333333333333,2.75735700074745
201,down_3,0.3333333333333333,2.6938010375934285
202,down_3,0.3333333333333333,2.7495455654932894
203,down_3,0.3333333333333333,2.763422128234466
204,down_3,0.3333333333333333,2.754040923409046
205,down_3,0.3333333333333333,2.751751514198962
206,down_3,0.3333333333333333,2.748737031943853
207,down_3,0.3333333333333333,2.739549362980703
208,down_3,0.3333333333333333,2.7402905776076034
209,down_3,0.3333333333333333,2.7402399408750937
210,down_3,0.3333333333333333,2.7497108912117176
