feat,nu,seed,frac_S,minS,maxO,Delta,meanS,meanO,inversion
Hi,0.1,0,0.2998046875,0.5688741207122803,4.926926612854004,-4.358052492141724,2.14249849319458,0.9975248575210571,0.8737796373779637
Hi,0.1,10,0.2998046875,0.46271371841430664,2.210599184036255,-1.7478854656219482,2.1428394317626953,1.063227653503418,0.9658298465829847
Hi,0.1,20,0.2998046875,0.4771377146244049,2.997800827026367,-2.5206631124019623,1.8154797554016113,1.0477180480957031,0.9497907949790795
Hi,0.1,30,0.2998046875,0.4438926875591278,2.964406967163086,-2.520514279603958,1.793256402015686,1.0970951318740845,0.9309623430962343
Hi,0.1,40,0.2998046875,0.4029964208602905,2.70129656791687,-2.2983001470565796,2.1428427696228027,0.995573103427887,0.9895397489539749
Match,0.1,0,0.2998046875,0.7615289092063904,2.5866470336914062,-1.8251181244850159,2.088203191757202,1.1104609966278076,0.7189679218967922
Match,0.1,10,0.2998046875,0.5967274904251099,2.4454102516174316,-1.8486827611923218,1.8787915706634521,1.0843510627746582,0.8716875871687587
Match,0.1,20,0.2998046875,0.7135313153266907,2.4154281616210938,-1.701896846294403,2.0513012409210205,1.080424427986145,0.701534170153417
Match,0.1,30,0.2998046875,0.5557482242584229,2.716161012649536,-2.1604127883911133,2.270749092102051,1.0955504179000854,0.7489539748953975
Match,0.1,40,0.2998046875,0.85318523645401,2.576052665710449,-1.7228674292564392,2.0088298320770264,1.1020146608352661,0.5348675034867504
MLP,0.1,0,0.2998046875,0.5902947783470154,3.320216417312622,-2.7299216389656067,1.0932188034057617,1.06113862991333,0.9239888423988842
MLP,0.1,10,0.2998046875,0.6005169749259949,1.6396162509918213,-1.0390992760658264,1.5001840591430664,1.0144753456115723,1.0
MLP,0.1,20,0.2998046875,0.3775708079338074,2.540186643600464,-2.1626158356666565,1.2940646409988403,1.0990387201309204,1.0
MLP,0.1,30,0.2998046875,0.5909194350242615,2.870370864868164,-2.2794514298439026,1.3752473592758179,1.0740745067596436,0.9302649930264993
MLP,0.1,40,0.2998046875,0.7133272886276245,3.4353675842285156,-2.722040295600891,1.3443838357925415,1.1419157981872559,0.8019525801952581
