feat,nu,n,beta_star_med,beta_star_min,beta_star_max,gain_med,gain_q1,gain_q3,eta_beta_spearman,eta_applicable,conv_epoch_med,frac_converged,L2_med
MLP,0.005,11,2.0,1.0,12.0,0.057386048448599514,0.0,6.564655674227326,1.0,1,7999.0,0.0,0.04908638261258602
MLP,0.01,11,3.0,1.0,8.0,4.425613068362199,0.6459408023347382,29.506489261007438,1.0,1,7999.0,0.0,0.004467742284759879
MLP,0.03,11,3.0,1.0,12.0,1.3972557251365632,0.035931901489680174,7.098472327055873,1.0,1,7999.0,0.0,0.003922150935977697
MLP,0.05,11,12.0,1.0,12.0,0.38451523075445637,0.03950257905320265,3.977755497360915,1.0,1,7999.0,0.0,0.016082006506621838
MLP,0.1,11,2.0,1.0,12.0,0.2392022090583299,0.0,0.6976882342412029,-0.08571428571428573,1,7999.0,0.0,0.015716996043920517
MLP,0.3,11,2.0,1.0,5.0,0.3905949634039385,0.0,0.49352035496585744,-1.0,1,7999.0,0.0,6.958709263926721e-06
MLP,0.5,11,2.0,1.0,12.0,0.597760498929006,0.0,0.8646958398274119,nan,0,7999.0,0.0,4.183552164249704e-06
MLP,1.0,11,2.0,1.0,12.0,0.6345253233201407,0.1844793257074656,0.9386039477947001,nan,0,7999.0,0.0,1.4966365142754512e-06
Match,0.005,11,8.0,1.0,12.0,0.9426730353498018,0.00010723224748110383,1.4372223009132776,1.0,1,7999.0,0.0,0.010038833599537611
Match,0.01,11,5.0,1.0,12.0,0.08433928746087305,0.00011211281806755569,3.744359472745559,1.0,1,7999.0,0.015151515151515152,0.05433491989970207
Match,0.03,11,2.0,1.0,12.0,0.0036485216675385956,0.0,0.5300711427340796,1.0,1,7999.0,0.0,0.09499960020184517
Match,0.05,11,5.0,1.0,8.0,0.8193849534348419,0.05277902826935921,7.5895647906703,1.0,1,7999.0,0.0,0.05593816749751568
Match,0.1,11,2.0,1.0,12.0,0.21040700135574797,0.011727443020892903,1.132663132145891,1.0,1,7999.0,0.0,0.019900326617062092
Match,0.3,11,3.0,1.0,5.0,1.1162782965348552,0.31445463814427776,1.7361930072257612,-1.0,1,7999.0,0.0,5.403765726441634e-06
Match,0.5,11,3.0,1.0,12.0,0.5640410349922567,0.09072030179227042,1.7566940153515131,nan,0,7999.0,0.0,8.754479949857341e-06
Match,1.0,11,2.0,1.0,12.0,0.5498259121971896,0.1984567070141937,1.214207987088218,nan,0,7999.0,0.0,1.0239072594231402e-06
Hi,0.005,11,8.0,1.0,12.0,0.9426730353498018,0.00010723224748110383,1.4372223009132776,1.0,1,7999.0,0.0,0.010038833599537611
Hi,0.01,11,5.0,1.0,8.0,0.2424737324577566,0.028875875270134133,0.5462140634462342,0.8285714285714287,1,7999.0,0.0,0.034559216350317
Hi,0.03,11,3.0,1.0,8.0,0.06578608928955476,0.013921353260825664,0.10853630552423055,1.0,1,7999.0,0.0,0.023586373776197433
Hi,0.05,11,2.0,1.0,12.0,0.04582837480815072,0.0,0.06266818065580304,1.0,1,7999.0,0.0,0.030839026905596256
Hi,0.1,11,1.0,1.0,5.0,0.0,0.0,0.055496060338284914,1.0,1,7999.0,0.0,0.02529499027878046
Hi,0.3,11,3.0,1.0,12.0,0.12434895644889865,0.020484435465753625,0.2138879433000931,1.0,1,7999.0,0.0,0.012458604294806719
Hi,0.5,11,3.0,1.0,12.0,0.2407628999871112,0.10534819726045619,0.4993713608208592,nan,0,7999.0,0.0,0.002458243048749864
Hi,1.0,11,2.0,1.0,3.0,2.4496574750555786,0.17267972671643683,7.307384418224257,nan,0,7999.0,0.0,0.0002843254915205762
