feat,nu,seed,beta,phase0_L2,gate_ok,L2,Linf,l2_band,best_epoch,conv_epoch,converged,eta_gate,eta_end,cos_gate,source
Hi,0.1,0,1.0,0.4288035035133362,nan,0.13697761297225952,nan,nan,nan,-1,-1,8.155750495309144,nan,nan,hist_R1
Hi,0.1,0,3.0,0.4288035035133362,nan,0.1404208540916443,nan,nan,nan,-1,-1,8.69601602348381,nan,nan,hist_R1
Hi,0.1,0,8.0,0.4288035035133362,nan,0.11902438849210739,nan,nan,nan,-1,-1,8.243474025847249,nan,nan,hist_R1
Hi,0.1,10,1.0,0.06958280503749847,nan,0.016446352005004883,nan,nan,nan,-1,-1,46.03140781190414,nan,nan,hist_R1
Hi,0.1,10,3.0,0.06958280503749847,nan,0.0205591581761837,nan,nan,nan,-1,-1,61.833261548474795,nan,nan,hist_R1
Hi,0.1,10,8.0,0.06958280503749847,nan,0.020362617447972298,nan,nan,nan,-1,-1,71.03038856665738,nan,nan,hist_R1
Hi,0.1,20,1.0,0.07798383384943008,nan,0.01686837337911129,nan,nan,nan,-1,-1,110.91474610236334,nan,nan,hist_R1
Hi,0.1,20,3.0,0.07798383384943008,nan,0.02247265726327896,nan,nan,nan,-1,-1,156.29044743841055,nan,nan,hist_R1
Hi,0.1,20,8.0,0.07798383384943008,nan,0.02225366048514843,nan,nan,nan,-1,-1,184.6292705987701,nan,nan,hist_R1
Hi,0.1,30,1.0,0.017407746985554695,nan,0.022238528355956078,nan,nan,nan,-1,-1,10.537377131630173,nan,nan,hist_R1
Hi,0.1,30,3.0,0.017407746985554695,nan,0.022911595180630684,nan,nan,nan,-1,-1,13.486558619297034,nan,nan,hist_R1
Hi,0.1,30,8.0,0.017407746985554695,nan,0.022565405815839767,nan,nan,nan,-1,-1,15.160131887061906,nan,nan,hist_R1
Hi,0.1,40,1.0,0.0296070147305727,nan,0.024656793102622032,nan,nan,nan,-1,-1,1500.114366471933,nan,nan,hist_R1
Hi,0.1,40,3.0,0.0296070147305727,nan,0.01844298653304577,nan,nan,nan,-1,-1,2305.741639287892,nan,nan,hist_R1
Hi,0.1,40,8.0,0.0296070147305727,nan,0.02572990208864212,nan,nan,nan,-1,-1,2792.187773736602,nan,nan,hist_R1
Hi,0.1,0,2.0,0.07721392810344696,0,0.046269241720438004,0.10834753513336182,0.1125568076968193,7600,7999,0,80.10634615229448,459.9288713384656,0.07525558769702911,new
Hi,0.1,0,5.0,0.07721392810344696,0,0.04524609073996544,0.10731640458106995,0.11163648217916489,6200,7999,0,97.07470229945791,63.3391929822582,0.06923782825469971,new
Hi,0.1,0,12.0,0.07721392810344696,0,0.044471949338912964,0.10162390768527985,0.11047380417585373,7200,7999,0,106.50670623854953,204.49259619737424,0.06636162847280502,new
Hi,0.1,10,2.0,0.06958280503749847,0,0.018506398424506187,0.03287816047668457,0.03726553916931152,3800,7999,0,56.43815843665104,208.6752734269503,0.08207488805055618,new
Hi,0.1,10,5.0,0.06958280503749847,0,0.018605314195156097,0.03427088260650635,0.038267944008111954,5600,7999,0,67.32541993791247,156.02528932152921,0.0748695358633995,new
Hi,0.1,10,12.0,0.06958280503749847,0,0.02107139304280281,0.03830176591873169,0.04270865395665169,7000,7999,0,73.32471989887023,677.5950674211891,0.07147843390703201,new
Hi,0.1,20,2.0,0.07798383384943008,0,0.020572135224938393,0.039150238037109375,0.042915794998407364,7400,7999,0,140.32472765030357,429.40437008686536,0.07041620463132858,new
Hi,0.1,20,5.0,0.07798383384943008,0,0.022034363821148872,0.040454208850860596,0.045252930372953415,6600,7999,0,173.04406105156076,147.05400255076512,0.06647394597530365,new
Hi,0.1,20,12.0,0.07798383384943008,0,0.026118196547031403,0.05163443088531494,0.05538451299071312,3000,7999,0,191.9171177595946,789.9853080215506,0.06454344838857651,new
Hi,0.1,30,2.0,0.017407746985554695,1,0.023694347590208054,0.045816898345947266,0.04964093863964081,400,7999,0,12.491829816972603,39.885298709304024,0.14590412378311157,new
Hi,0.1,30,5.0,0.017407746985554695,1,0.022731831297278404,0.05662199854850769,0.054880302399396896,0,7999,0,14.488941121033578,40.91090882746878,0.14225180447101593,new
Hi,0.1,30,12.0,0.017407746985554695,1,0.022411616519093513,0.055958330631256104,0.054260652512311935,0,7999,0,15.573964403548516,46.27843634645657,0.1404677927494049,new
Hi,0.1,40,2.0,0.0296070147305727,1,0.021919025108218193,0.04307430982589722,0.04601616784930229,6600,7999,0,2025.0388364340472,958.7050238267416,0.024354318156838417,new
Hi,0.1,40,5.0,0.0296070147305727,1,0.0225034411996603,0.04557421803474426,0.04830543324351311,5800,7999,0,2595.3656158078197,510.83698599295906,0.0241218414157629,new
Hi,0.1,40,12.0,0.0296070147305727,1,0.023884857073426247,0.04269522428512573,0.04770006239414215,5800,7999,0,2914.4222726615203,517.716913501564,0.023974260315299034,new
Match,0.1,0,1.0,0.23247744143009186,0,0.010102503933012486,0.02475113794207573,0.02603585086762905,7200,7999,0,3.3949284306822016,31.179155044494177,0.20632188022136688,new
Match,0.1,0,2.0,0.23247744143009186,0,0.015520237386226654,0.037874072790145874,0.03997425734996796,7400,7999,0,4.1248608258848325,67.1947372602285,0.17275574803352356,new
Match,0.1,0,3.0,0.23247744143009186,0,0.016097523272037506,0.038883358240127563,0.04142105206847191,7400,7999,0,4.512359518182525,328.74346399503276,0.155839741230011,new
Match,0.1,0,5.0,0.23247744143009186,0,0.020160390064120293,0.0496833398938179,0.05197968706488609,200,7999,0,4.912975552219257,3975.8074527387876,0.1388741284608841,new
Match,0.1,0,8.0,0.23247744143009186,0,0.019004587084054947,0.04624045267701149,0.04896935820579529,200,7999,0,5.186560146486652,3650.4185011769437,0.12755073606967926,new
Match,0.1,0,12.0,0.23247744143009186,0,0.01817227713763714,0.04451180249452591,0.04683685302734375,7600,7999,0,5.3572533172995325,379.0760871396535,0.12058190256357193,new
Match,0.1,10,1.0,0.2340179979801178,0,0.003909874241799116,0.00935813132673502,0.010062961839139462,200,7999,0,3.469881120554539,3154.5252474901527,0.058534979820251465,new
Match,0.1,10,2.0,0.2340179979801178,0,0.00013194426719564945,0.00030234456062316895,0.00027235157904215157,400,7999,0,4.134639980255599,4853.848765638404,0.03345337137579918,new
Match,0.1,10,3.0,0.2340179979801178,0,0.0005794592434540391,0.001395687460899353,0.001469302922487259,2000,7999,0,4.491250772597186,138.77308153853167,0.020694563165307045,new
Match,0.1,10,5.0,0.2340179979801178,0,0.0025410340167582035,0.005387023091316223,0.005601903423666954,2800,7999,0,4.863302554558413,111.1491929288573,0.007805978413671255,new
Match,0.1,10,8.0,0.2340179979801178,0,0.0005163413588888943,0.0010148286819458008,0.0010867184028029442,5400,7999,0,5.119568418044743,380.6811354170932,-0.0008516199886798859,new
Match,0.1,10,12.0,0.2340179979801178,0,0.006134153809398413,0.010471969842910767,0.014305951073765755,3400,7999,0,5.280417681591312,274.7139322656948,-0.006203013937920332,new
Match,0.1,20,1.0,0.29210636019706726,0,0.02882467582821846,0.07048715651035309,0.0742771252989769,7999,7999,0,4.88048684769131,347.7215225150552,-0.3080466687679291,new
Match,0.1,20,2.0,0.29210636019706726,0,0.024779949337244034,0.0607779324054718,0.06388208270072937,7800,7999,0,5.345859139586572,58.07607878783701,-0.31258291006088257,new
Match,0.1,20,3.0,0.29210636019706726,0,0.02833634801208973,0.0694432407617569,0.07303298264741898,3600,7999,0,5.5717715794065175,239.03398766453938,-0.31453314423561096,new
Match,0.1,20,5.0,0.29210636019706726,0,0.024919625371694565,0.06002816557884216,0.06404773145914078,3000,7999,0,5.792820879081818,281.8010681401123,-0.3162975013256073,new
Match,0.1,20,8.0,0.29210636019706726,0,0.015948444604873657,0.039246104657649994,0.04112991690635681,7200,7999,0,5.937387786549865,129.73991852849647,-0.317378968000412,new
Match,0.1,20,12.0,0.29210636019706726,0,0.0007569707813672721,0.0019329935312271118,0.0018748653819784522,7000,7999,0,6.025218234395874,91.32918679308276,-0.31800928711891174,new
Match,0.1,30,1.0,0.29032954573631287,0,0.07017165422439575,0.17132213711738586,0.18077263236045837,200,7999,0,4.129699827526067,2088.7253949491032,-0.24635350704193115,new
Match,0.1,30,2.0,0.29032954573631287,0,0.06710825115442276,0.1645328402519226,0.1729198694229126,200,7999,0,4.649543917449826,5326.290914855962,-0.2558787763118744,new
Match,0.1,30,3.0,0.29032954573631287,0,0.06393906474113464,0.15647900104522705,0.16474193334579468,200,7999,0,4.896785665146837,1820.4063179480825,-0.2599826753139496,new
Match,0.1,30,5.0,0.29032954573631287,0,0.06450386345386505,0.15820804238319397,0.16620342433452606,200,7999,0,5.135036195362264,2835.454633498583,-0.2637079656124115,new
Match,0.1,30,8.0,0.29032954573631287,0,0.0654386430978775,0.1610395908355713,0.16868068277835846,200,7999,0,5.28877898680735,3079.2482516481923,-0.2660004794597626,new
Match,0.1,30,12.0,0.29032954573631287,0,0.06790303438901901,0.16646245121955872,0.17499086260795593,200,7999,0,5.381352708041732,835.723452690458,-0.26734068989753723,new
Match,0.1,40,1.0,0.30337902903556824,0,0.11266949772834778,0.27640968561172485,0.2901290953159332,200,7999,0,4.417063067202789,7194.1171365306345,-0.21506834030151367,new
Match,0.1,40,2.0,0.30337902903556824,0,0.11270889639854431,0.2749805450439453,0.2901785373687744,200,7999,0,5.053223292512641,1009.3371067323063,-0.22909259796142578,new
Match,0.1,40,3.0,0.30337902903556824,0,0.11546703428030014,0.2818984389305115,0.29728013277053833,200,7999,0,5.363838334723563,3279.5113317472737,-0.23582369089126587,new
Match,0.1,40,5.0,0.30337902903556824,0,0.11496130377054214,0.2806372046470642,0.29598644375801086,200,7999,0,5.668205947691187,4236.1208929650975,-0.24234607815742493,new
Match,0.1,40,8.0,0.30337902903556824,0,0.11778035759925842,0.28779691457748413,0.3032795190811157,200,7999,0,5.86727646655753,588.7358527073557,-0.2465735524892807,new
Match,0.1,40,12.0,0.30337902903556824,0,0.11922550946474075,0.2907625436782837,0.30694565176963806,200,7999,0,5.988156029752792,1080.0154293256346,-0.24912618100643158,new
MLP,0.1,0,1.0,0.0036754347383975983,1,0.0018599360482767224,0.004556694999337196,0.00478817755356431,200,7999,0,0.8077602357823871,6.104688206895074,0.9073286652565002,new
MLP,0.1,0,2.0,0.0036754347383975983,1,0.001980222063139081,0.004577362909913063,0.005014355294406414,200,7999,0,0.7644511509076932,40.85392498944907,0.9048543572425842,new
MLP,0.1,0,3.0,0.0036754347383975983,1,0.0002891533949878067,0.0007321685552597046,0.000673069036565721,200,7999,0,0.744326779892361,31.98208619019532,0.9035506248474121,new
MLP,0.1,0,5.0,0.0036754347383975983,1,0.00174219801556319,0.004463926889002323,0.0045037767849862576,200,7999,0,0.7251381222362702,27.99032359835691,0.9022060036659241,new
MLP,0.1,0,8.0,0.0036754347383975983,1,0.002769750775769353,0.005950801074504852,0.0068384925834834576,200,7999,0,0.7128371612370932,37.475525509268586,0.9012882113456726,new
MLP,0.1,0,12.0,0.0036754347383975983,1,0.0012236154871061444,0.0025270460173487663,0.002964681014418602,200,7999,0,0.7054544815521148,28.505140930019603,0.9007153511047363,new
MLP,0.1,10,1.0,0.029003910720348358,1,0.02999133989214897,0.0738518238067627,0.07736480236053467,3200,7999,0,18.548585895423386,50.91183013471794,0.6819231510162354,new
MLP,0.1,10,2.0,0.029003910720348358,1,0.02816621959209442,0.06905171275138855,0.0726010724902153,7999,7999,0,22.64420844257539,1.4538937491249333,0.6617109775543213,new
MLP,0.1,10,3.0,0.029003910720348358,1,0.026268763467669487,0.06438430398702621,0.06770674884319305,7200,7999,0,24.850035911046678,1.449812469387813,0.6522114276885986,new
MLP,0.1,10,5.0,0.029003910720348358,1,0.024108706042170525,0.05919817090034485,0.06214715540409088,7999,7999,0,27.1608003390604,1.0944795508960778,0.6430506706237793,new
MLP,0.1,10,8.0,0.029003910720348358,1,0.018505169078707695,0.045463837683200836,0.047716740518808365,7800,7999,0,28.759400413346423,9.523311337379901,0.6371114253997803,new
MLP,0.1,10,12.0,0.029003910720348358,1,0.020941175520420074,0.051328323781490326,0.05397091433405876,7999,7999,0,29.766196407695134,0.9569443563087965,0.6335179209709167,new
MLP,0.1,20,1.0,0.00528031075373292,1,0.0009034136310219765,0.002322722226381302,0.002332828938961029,600,7999,0,2.682708174843261,41.77137486122329,-0.972492516040802,new
MLP,0.1,20,2.0,0.00528031075373292,1,0.0007458277395926416,0.0013403892517089844,0.0009105795179493725,1600,7999,0,2.740765579743041,3.470264258779038,-0.9544615149497986,new
MLP,0.1,20,3.0,0.00528031075373292,1,0.0008803124073892832,0.002144705271348357,0.0022653783671557903,1400,7999,0,2.7689027460550113,0.3517436191278757,-0.943126916885376,new
MLP,0.1,20,5.0,0.00528031075373292,1,0.0007855248986743391,0.0017992034554481506,0.001754457363858819,2000,7999,0,2.796268385410304,3.3792686552349145,-0.9302136898040771,new
MLP,0.1,20,8.0,0.00528031075373292,1,0.0004629544273484498,0.0011518299579620361,0.0011749840341508389,1200,7999,0,2.8140154049295774,4.099274070258802,-0.9207201600074768,new
MLP,0.1,20,12.0,0.00528031075373292,1,0.0013692460488528013,0.0024775415658950806,0.0026597061660140753,800,7999,0,2.824718193127189,0.7755647966160965,-0.9145246744155884,new
MLP,0.1,30,1.0,0.005937962792813778,1,0.03531369939446449,0.08647873997688293,0.09097963571548462,200,7999,0,3.466933015109902,8.58445982213694,-0.9032248258590698,new
MLP,0.1,30,2.0,0.005937962792813778,1,0.032909173518419266,0.08058637380599976,0.08477582782506943,200,7999,0,3.9595921342001987,1.4032200656109837,-0.874590277671814,new
MLP,0.1,30,3.0,0.005937962792813778,1,0.031958065927028656,0.0782468318939209,0.0823335275053978,200,7999,0,4.279160683992897,3.0172673619454273,-0.8584624528884888,new
MLP,0.1,30,5.0,0.005937962792813778,1,0.03309585154056549,0.08104632794857025,0.08529069274663925,200,7999,0,4.661187955321267,1.583100326367901,-0.8413442969322205,new
MLP,0.1,30,8.0,0.005937962792813778,1,0.04994616284966469,0.08453863859176636,0.09093566983938217,0,7999,0,4.956931151559323,9.581759413525075,-0.8294919729232788,new
MLP,0.1,30,12.0,0.005937962792813778,1,0.049307726323604584,0.0832626223564148,0.09068512171506882,0,7999,0,5.15754716138616,10.635644238136427,-0.8220635056495667,new
MLP,0.1,40,1.0,0.0039060942362993956,1,0.02082243002951145,0.051002927124500275,0.053635306656360626,200,7999,0,0.8483293421969303,3.485376590316646,-0.5065808296203613,new
MLP,0.1,40,2.0,0.0039060942362993956,1,0.024818385019898415,0.06077343225479126,0.06394331902265549,200,7999,0,0.8963308352911243,12.947353496851926,-0.40137147903442383,new
MLP,0.1,40,3.0,0.0039060942362993956,1,0.027339480817317963,0.06701035052537918,0.0704684779047966,1600,7999,0,0.9297061039061273,3.4172280508515374,-0.3478304147720337,new
MLP,0.1,40,5.0,0.0039060942362993956,1,0.02908273972570896,0.07134950160980225,0.07468258589506149,1800,7999,0,0.9695897195353338,1.1199005692735997,-0.2944068908691406,new
MLP,0.1,40,8.0,0.0039060942362993956,1,0.032828379422426224,0.08054332435131073,0.0846271738409996,200,7999,0,0.999888510461927,4.445454423857899,-0.25910553336143494,new
MLP,0.1,40,12.0,0.0039060942362993956,1,0.05510624498128891,0.09033656120300293,0.08483929187059402,0,7999,0,1.0200380551328585,3.2253839241982547,-0.23757648468017578,new
