nu,a,family,beta,w_min,C_uniform,C_w,ratio,Cw_sqrt_wmin,up_bound
0.01,0.0,rational,1.0,1.0,40.52868179090993,40.52868179090993,1.0,40.52868179090993,1.0
0.01,0.0,rational,3.0,1.0,40.52868179090993,28.409784112854272,0.7009797224450125,28.409784112854272,1.0
0.01,0.0,rational,10.0,1.0,40.52868179090993,17.07297219449061,0.42125653833428806,17.07297219449061,1.0
0.01,0.0,rational,40.0,1.0,40.52868179090993,8.833000013786894,0.21794441919815966,8.833000013786894,1.0
0.01,0.0,rational,100.0,1.0,40.52868179090993,5.626479006856205,0.13882709129015278,5.626479006856205,1.0
0.01,0.0,down_inv,3.0,0.3333333333333333,40.52868179090993,58.00537117102375,1.4312178094090793,33.48941666003471,1.7320508075688774
0.01,0.0,down_inv,10.0,0.1,40.52868179090993,96.91166458597583,2.391187186544811,30.646159192996244,3.162277660168379
0.01,0.0,down_inv,40.0,0.025,40.52868179090993,187.67790107055794,4.630742791951643,29.674481693135828,6.324555320336758
0.01,1.0,rational,1.0,1.0,1.260869302412241,1.260869302412241,1.0,1.260869302412241,1.0
0.01,1.0,rational,3.0,1.0,1.260869302412241,0.8876506332819273,0.7039989248558215,0.8876506332819273,1.0
0.01,1.0,rational,10.0,1.0,1.260869302412241,0.534351059872963,0.4237957565075663,0.534351059872963,1.0
0.01,1.0,rational,40.0,1.0,1.260869302412241,0.27661663128070163,0.2193856498460947,0.27661663128070163,1.0
0.01,1.0,rational,100.0,1.0,1.260869302412241,0.17622120457561147,0.13976167413900284,0.17622120457561147,1.0
0.01,1.0,down_inv,3.0,0.3333333333333333,1.260869302412241,1.794115270637704,1.4229193043285926,1.0358329344598967,1.7320508075688774
0.01,1.0,down_inv,10.0,0.1,1.260869302412241,2.986781968070912,2.368827571863895,0.944503389342439,3.162277660168379
0.01,1.0,down_inv,40.0,0.025,1.260869302412241,5.775668428003834,4.580703501111553,0.9132133621208173,6.324555320336758
0.001,0.0,rational,1.0,1.0,405.28681790914686,405.28681790914686,1.0,405.28681790914686,1.0
0.001,0.0,rational,3.0,1.0,405.28681790914686,286.3482871223095,0.7065324468226356,286.3482871223095,1.0
0.001,0.0,rational,10.0,1.0,405.28681790914686,172.62448367018476,0.42593165146783035,172.62448367018476,1.0
0.001,0.0,rational,40.0,1.0,405.28681790914686,89.4058814622696,0.22059903631583624,89.4058814622696,1.0
0.001,0.0,rational,100.0,1.0,405.28681790914686,56.96251704309035,0.14054865474519243,56.96251704309035,1.0
0.001,0.0,down_inv,3.0,0.3333333333333333,405.28681790914686,573.8507556167947,1.4159127073938902,331.31288823002654,1.7320508075688774
0.001,0.0,down_inv,10.0,0.1,405.28681790914686,952.3498659797758,2.3498170280812443,301.15947058521954,3.162277660168379
0.001,0.0,down_inv,40.0,0.025,405.28681790914686,1839.2063379978292,4.538036414522922,290.8040557545315,6.324555320336758
0.001,1.0,rational,1.0,1.0,1.2759480688178755,1.2759480688178755,1.0,1.2759480688178755,1.0
0.001,1.0,rational,3.0,1.0,1.2759480688178755,0.9018657525793093,0.7068201086074442,0.9018657525793093,1.0
0.001,1.0,rational,10.0,1.0,1.2759480688178755,0.5437669336030363,0.42616697880723214,0.5437669336030363,1.0
0.001,1.0,rational,40.0,1.0,1.2759480688178755,0.28164167023750747,0.22073129551302142,0.28164167023750747,1.0
0.001,1.0,rational,100.0,1.0,1.2759480688178755,0.1794419935933428,0.14063424521625711,0.1794419935933428,1.0
0.001,1.0,down_inv,3.0,0.3333333333333333,1.2759480688178755,1.8055462384611487,1.4150624798812765,1.0424326068098604,1.7320508075688774
0.001,1.0,down_inv,10.0,0.1,1.2759480688178755,2.995302775249119,2.3475115080695796,0.9471979051610636,3.162277660168379
0.001,1.0,down_inv,40.0,0.025,1.2759480688178755,5.7836979797281645,4.532863147860377,0.9144829457227681,6.324555320336758
