nu,beta,eta_gate_med,l2_band_good_med,L2_good_med
0.001,1.0,69.07166160994447,0.012313660234212875,0.003934879787266254
0.001,5.0,70.22086515621358,0.0263060312718153,0.0068175308406353
0.001,10.0,70.42008541913911,0.024555543437600136,0.005598317366093397
0.001,15.0,70.48945360142602,0.01789710856974125,0.008268863894045353
0.001,30.0,70.56020105600383,0.019960414618253708,0.005661807022988796
0.001,60.0,70.59607434987075,0.023917458951473236,0.005537144839763641
0.003,1.0,55525.50255218323,0.10330388322472572,0.006472699111327529
0.003,5.0,60602.28544881719,0.006444613914936781,0.003676722291857004
0.003,10.0,61193.41340125204,0.02438335306942463,0.008571384008973837
0.003,15.0,61386.8811115998,0.012442289851605892,0.00271220481954515
0.003,30.0,61578.409257857864,0.03221130557358265,0.00479536852799356
0.003,60.0,61673.44908067529,0.020633233711123466,0.005923248361796141
0.005,1.0,31597.621627297107,0.06723765097558498,0.006354235345497727
0.005,2.0,46353.35365578636,0.07382875960320234,0.009286997839808464
0.005,3.0,53891.19060874385,0.09274465776979923,0.007746170042082667
0.005,5.0,61421.05554181078,0.04873964190483093,0.005263288621790707
0.005,7.0,65162.77432015989,0.05717765353620052,0.007192628225311637
0.005,10.0,68206.35018542023,0.031234852969646454,0.0047793088015168905
0.005,15.0,70728.00316721035,0.03562315460294485,0.006320897489786148
0.005,20.0,72042.96395416002,0.014115571975708008,0.004189615370705724
0.005,30.0,73395.77689170247,0.015471582300961018,0.005689680110663176
0.005,40.0,74086.80618279826,0.023430699482560158,0.005729753989726305
0.005,60.0,74787.82727831225,0.03591760993003845,0.0056594733614474535
0.005,100.0,75355.98154759494,0.02926649246364832,0.0032137572998180985
0.01,1.0,10438.570997971821,0.20129795372486115,0.024158310145139694
0.01,5.0,15096.57860015036,0.1377202868461609,0.019575664773583412
0.01,10.0,15883.440552335021,0.11858723312616348,0.020574454218149185
0.01,15.0,16157.722431016164,0.12096984684467316,0.025678390637040138
0.01,30.0,16438.12626992349,0.15045149624347687,0.01932220347225666
0.01,60.0,16580.643046876183,0.13682600855827332,0.02075505070388317
