nu,seed,group,n_eff,n,beta,E_off,kappa_orig,kappa_new,kappa_diag,lam_min_orig,lam_min_new,beta_sat,eps_star,SA_holds,improve_ratio,w_min,w_max
0.005,42,equi-aligned,128,128,1.0,2.0483797678265336e-06,3378.795261548035,3378.795261548035,3378.8150693014395,26.00493049621582,26.00493049621582,1.0000255107879639,0.0,False,1.0,1.0,1.0
0.005,42,equi-shuffled,128,128,1.0,2.0483797678265336e-06,3378.795261548035,3378.795261548035,3378.8150693014395,26.00493049621582,26.00493049621582,1.0000255107879639,0.0,False,1.0,1.0,1.0
0.005,42,equi-aligned,128,128,5.0,0.09328418784401643,3378.795261548035,4131.455221036716,4060.74211404902,26.00493049621582,100.36251068115234,3.910446882247925,0.001183503641628249,False,1.2227598600170406,2.4741904735565186,3.2152528762817383
0.005,42,equi-shuffled,128,128,5.0,0.107646302324023,3378.795261548035,4123.8126318172,4084.5760669404026,26.00493049621582,73.4153823852539,2.849414348602295,0.001183503641628249,False,1.2204979327240522,2.4741904735565186,3.2152528762817383
0.005,42,equi-aligned,128,128,15.0,0.1194470269152427,3378.795261548035,4330.659629819156,4213.144674953118,26.00493049621582,284.5882568359375,11.186500549316406,0.004142262745698872,False,1.2817170898466967,6.159667015075684,8.753385543823242
0.005,42,equi-shuffled,128,128,15.0,0.13921212558402027,3378.795261548035,3183.7449851326332,3176.7690618983447,26.00493049621582,239.339599609375,9.222224235534668,0.004142262745698872,False,0.9422722416373825,6.159667015075684,8.753385543823242
0.005,42,equi-aligned,128,128,40.0,0.1286721771439335,3378.795261548035,4401.314446522006,4263.862908275975,26.00493049621582,744.5758056640625,29.376636505126953,0.01153916050587543,False,1.3026283351970522,15.373356819152832,22.598716735839844
0.005,42,equi-shuffled,128,128,40.0,0.14813476908400391,3378.795261548035,4203.7171396282,4188.055003938832,26.00493049621582,464.94805908203125,17.94186782836914,0.01153916050587543,False,1.2441467488332565,15.373356819152832,22.598716735839844
0.005,42,clustered-aligned,128,128,1.0,2.608193263226349e-06,3861678262.7790203,3861678262.7790203,3861730268.3414755,0.000347855850122869,0.000347855850122869,1.0000150203704834,0.0,False,1.0,1.0,1.0
0.005,42,clustered-aligned,128,128,5.0,0.06609547769297094,3861678262.7790203,6857644081.21947,4171776318.494891,0.000347855850122869,0.0009315911447629333,4.745425701141357,1.0358190731523082e-09,False,1.7758196345141481,2.464700698852539,3.927654266357422
0.005,42,clustered-aligned,128,128,15.0,0.08005611132131682,3861678262.7790203,3440983669.1344247,4231828474.493929,0.000347855850122869,0.005522180814296007,14.108952522277832,3.625366756033079e-09,False,0.8910591289545062,6.1264519691467285,11.246789932250977
0.005,42,clustered-aligned,128,128,40.0,0.08460807007169181,3861678262.7790203,5421296650.0475855,4251170208.094978,0.000347855850122869,0.00932158250361681,37.51776885986328,1.0099235963235006e-08,False,1.40387061819754,15.280831336975098,29.544626235961914
0.005,123,equi-aligned,128,128,1.0,2.16678133699834e-06,2351.7622226722015,2351.7622226722015,2351.7365050507374,47.73773956298828,47.73773956298828,1.0000356435775757,0.0,False,1.0,1.0,1.0
0.005,123,equi-shuffled,128,128,1.0,2.16678133699834e-06,2351.7622226722015,2351.7622226722015,2351.7365050507374,47.73773956298828,47.73773956298828,1.0000356435775757,0.0,False,1.0,1.0,1.0
0.005,123,equi-aligned,128,128,5.0,0.08652995943885688,2351.7622226722015,2682.9417845156254,2645.599498134896,47.73773956298828,197.44024658203125,4.1918206214904785,0.0017001293039535937,False,1.1408218733385043,2.487412929534912,3.1758618354797363
0.005,123,equi-shuffled,128,128,5.0,0.1067421392152067,2351.7622226722015,2135.44768812966,2131.4101315436847,47.73773956298828,137.46682739257812,2.8839499950408936,0.0017001293039535937,False,0.9080202358651918,2.487412929534912,3.1758618354797363
0.005,123,equi-aligned,128,128,15.0,0.11118921453049779,2351.7622226722015,2780.346479858429,2705.9599533173173,47.73773956298828,565.9508666992188,12.171285629272461,0.005950452563837578,False,1.182239621444062,6.2059454917907715,8.61551570892334
0.005,123,equi-shuffled,128,128,15.0,0.13883878270087324,2351.7622226722015,2444.702352774592,2441.897784235633,47.73773956298828,428.03155517578125,8.97571086883545,0.005950452563837578,False,1.0395193566791743,6.2059454917907715,8.615516662597656
0.005,123,equi-aligned,128,128,40.0,0.11992541381905028,2351.7622226722015,2820.676267093723,2725.6540589021524,47.73773956298828,1483.0205078125,32.11994552612305,0.01657626071354754,False,1.1993883734932673,15.502276420593262,22.214651107788086
0.005,123,equi-shuffled,128,128,40.0,0.14815106901910524,2351.7622226722015,2404.551825763398,2393.433104633022,47.73773956298828,1014.5401000976562,21.272451400756836,0.01657626071354754,False,1.022446828417549,15.502276420593262,22.21465301513672
0.005,123,clustered-aligned,128,128,1.0,2.8068919686148166e-06,3585547334.17012,3585547334.17012,3585595621.0318856,0.00046732526971027255,0.00046732526971027255,1.0000066757202148,0.0,False,1.0,1.0,1.0
0.005,123,clustered-aligned,128,128,5.0,0.06748711940785272,3585547334.17012,2278595528.9029126,3781301461.4876556,0.00046732526971027255,0.0034877159632742405,4.756425857543945,1.1155897903688437e-09,False,0.635494477283284,2.6415836811065674,3.9018030166625977
0.005,123,clustered-aligned,128,128,15.0,0.08185838750978891,3585547334.17012,6361982953.193325,3818261402.5313787,0.00046732526971027255,0.003713725134730339,14.147476196289062,3.9045642662909525e-09,False,1.7743408077656337,6.745542526245117,11.15631103515625
0.005,123,clustered-aligned,128,128,40.0,0.08655290246823663,3585547334.17012,2977676201.12066,3830100813.3711286,0.00046732526971027255,0.021098975092172623,37.62510299682617,1.0877000456096227e-08,False,0.8304662924802378,17.00543975830078,29.292579650878906
0.005,2024,equi-aligned,128,128,1.0,2.14004707438275e-06,2031.618961273373,2031.618961273373,2031.6181354888297,56.16249465942383,56.16249465942383,1.000025987625122,0.0,False,1.0,1.0,1.0
0.005,2024,equi-shuffled,128,128,1.0,2.14004707438275e-06,2031.618961273373,2031.618961273373,2031.6181354888297,56.16249465942383,56.16249465942383,1.000025987625122,0.0,False,1.0,1.0,1.0
0.005,2024,equi-aligned,128,128,5.0,0.08953290910045843,2031.618961273373,2339.375412813571,2211.0845268779517,56.16249465942383,225.70474243164062,4.236817359924316,0.001967904499667819,False,1.1514833526397603,2.597256660461426,3.2279374599456787
0.005,2024,equi-shuffled,128,128,5.0,0.10898115469345795,2031.618961273373,1742.895369349852,1710.8150400293796,56.16249465942383,193.2684326171875,3.50076961517334,0.001967904499667819,False,0.8578849688710546,2.597256660461426,3.227937698364258
0.005,2024,equi-aligned,128,128,15.0,0.11451134764454059,2031.618961273373,2474.738399266617,2247.4776568326865,56.16249465942383,631.9041137695312,12.328795433044434,0.006887665748837367,False,1.2181114896247605,6.590398788452148,8.797780990600586
0.005,2024,equi-shuffled,128,128,15.0,0.1410924817736692,2031.618961273373,1895.419372360305,1880.1245947434463,56.16249465942383,511.9510498046875,9.187365531921387,0.006887665748837367,False,0.9329600719872682,6.590398788452148,8.797780990600586
0.005,2024,equi-aligned,128,128,40.0,0.12330490975196716,2031.618961273373,2527.569816672706,2259.316681630222,56.16249465942383,1643.249267578125,32.55874252319336,0.019187068871761238,False,1.2441160792713226,16.573253631591797,22.722389221191406
0.005,2024,equi-shuffled,128,128,40.0,0.15070516257319463,2031.618961273373,2039.5391251543174,2035.6407308350167,56.16249465942383,1206.524169921875,21.516223907470703,0.019187068871761238,False,1.003898449478922,16.573253631591797,22.72239112854004
0.005,2024,clustered-aligned,128,128,1.0,2.8457933301561366e-06,3894575621.625195,3894575621.625195,3894634550.4316244,0.000478976930025965,0.000478976930025965,1.0000371932983398,0.0,False,1.0,1.0,1.0
0.005,2024,clustered-aligned,128,128,5.0,0.08017823617920704,3894575621.625195,2500936860.545544,4440290111.381952,0.000478976930025965,0.0035677466075867414,4.768376350402832,1.0270695417396318e-09,False,0.6421590189849519,2.6312294006347656,3.91959285736084
0.005,2024,clustered-aligned,128,128,15.0,0.09715571617469416,3894575621.625195,1358403229.3144257,4552281629.206384,0.000478976930025965,0.019557684659957886,14.189223289489746,3.594743396088711e-09,False,0.3487936456469596,6.7093024253845215,11.218574523925781
0.005,2024,clustered-aligned,128,128,40.0,0.10269445354923439,3894575621.625195,8081299173.960899,4588813488.23568,0.000478976930025965,0.008745942264795303,37.7413444519043,1.001392803196141e-08,False,2.075014060348017,16.90448570251465,29.46603012084961
