feature,nu,sigma,n,L2_med,L2_q1,L2_q3,L2_min,L2_max,p_entry
fourier,0.001,15.0,20,0.5715876519680023,0.028498044703155756,0.5752459168434143,0.008769395761191845,0.577232837677002,0.45
fourier,0.003,15.0,20,0.0407234113663435,0.018106061965227127,0.5714950710535049,0.005774483550339937,0.5756769776344299,0.7
fourier,0.005,1.0,11,0.018666861578822136,0.008990158326923847,0.15285075455904007,0.001022685901261866,0.34996500611305237,0.6363636363636364
fourier,0.005,5.0,5,0.5709177851676941,0.5609566569328308,0.5724159479141235,0.02730853110551834,0.5734966993331909,0.2
fourier,0.005,15.0,20,0.046135660260915756,0.019008939620107412,0.19933783635497093,0.006521126721054316,0.573353111743927,0.7
fourier,0.005,30.0,5,0.0699588730931282,0.06261894106864929,0.07499411702156067,0.046702224761247635,0.10274204611778259,0.2
fourier,0.01,1.0,11,0.014192947186529636,0.002666518441401422,0.022770598530769348,0.0006796329980716109,0.06200665608048439,0.9090909090909091
fourier,0.01,7.5,11,0.06738772243261337,0.03999221883714199,0.32889026775956154,0.0028008983936160803,0.5674673914909363,0.45454545454545453
fourier,0.01,15.0,20,0.044916870072484016,0.03350672498345375,0.07185179740190506,0.024079453200101852,0.10586489737033844,0.6
fourier,0.03,1.0,11,0.00353574869222939,0.0017420811927877367,0.012676990125328302,0.0005532288923859596,0.031625956296920776,1.0
fourier,0.03,2.5,11,0.11037105321884155,0.1013108491897583,0.1435869261622429,0.09988991171121597,0.18256200850009918,0.0
fourier,0.03,15.0,11,0.04941457882523537,0.04688123241066933,0.05886604264378548,0.01573834754526615,0.06429427862167358,0.7272727272727273
fourier,0.05,1.0,11,0.013089055195450783,0.005385106196627021,0.029971705749630928,0.002764379605650902,0.05565938353538513,1.0
fourier,0.05,1.4999999999999998,11,0.1856086254119873,0.0827180091291666,0.19950898736715317,0.0002770424180198461,0.20565606653690338,0.2727272727272727
fourier,0.05,15.0,11,0.0621233731508255,0.056496720761060715,0.07484511658549309,0.012685442343354225,0.07871128618717194,0.36363636363636365
fourier,0.1,0.7499999999999999,11,0.2338070273399353,0.14301617443561554,0.296382874250412,0.0022314239758998156,0.3142002820968628,0.2727272727272727
fourier,0.1,1.0,11,0.005308006890118122,0.0014807993720751256,0.010455056792125106,0.0002492960775271058,0.030037887394428253,1.0
fourier,0.1,15.0,11,0.06700082868337631,0.05162140354514122,0.08133943378925323,0.015381050296127796,0.10665474832057953,0.45454545454545453
fourier,0.3,0.25,11,3.0456960757874185e-06,2.4372151301577105e-06,4.5820102059224155e-06,2.1697601368941832e-06,7.431829089910025e-06,1.0
fourier,0.3,1.0,11,1.6677970052114688e-05,1.227606981046847e-05,2.2581024495593738e-05,5.150514425622532e-06,5.665711432811804e-05,1.0
fourier,0.3,15.0,11,0.04095441848039627,0.03835649415850639,0.04265429079532623,0.02745625749230385,0.06382589787244797,0.9090909090909091
fourier,0.5,0.15,11,2.4707505872356705e-05,2.03123063329258e-05,3.2301057217409834e-05,1.349253852822585e-05,3.5191711504012346e-05,1.0
fourier,0.5,1.0,11,5.531888291443465e-06,4.786212684848579e-06,8.05811032478232e-06,2.2879937660036376e-06,1.2737908036797307e-05,1.0
fourier,0.5,15.0,11,0.030122974887490273,0.024024715647101402,0.03317531198263168,0.012480056844651699,0.039475105702877045,1.0
fourier,1.0,0.075,11,1.6199184756260365e-05,1.4865660887153354e-05,1.8727836504695006e-05,1.1824710782093462e-05,2.0617229893105105e-05,1.0
fourier,1.0,1.0,11,3.0446894925262313e-06,2.201567895099288e-06,5.696081871064962e-06,8.711276677786373e-07,1.0105004548677243e-05,1.0
fourier,1.0,15.0,11,0.030494043603539467,0.02989460527896881,0.03220121003687382,0.028383051976561546,0.034921806305646896,1.0
