nu,sigma,base_seed,K,epochs,best_seed,best_L2,success
0.001,15.0,0,4,2000,2,0.017312264069914818,1
0.001,15.0,10,4,2000,12,0.008769395761191845,1
0.001,15.0,15,4,2000,17,0.5754832029342651,0
0.001,15.0,20,4,2000,20,0.5748717784881592,0
0.001,15.0,25,4,2000,26,0.5755805373191833,0
0.001,15.0,30,4,2000,30,0.577232837677002,0
0.001,15.0,35,4,2000,38,0.5720704197883606,0
0.001,15.0,40,4,2000,40,0.04934167116880417,1
0.001,15.0,45,4,2000,45,0.5728732943534851,0
0.001,15.0,50,4,2000,50,0.03573840856552124,1
0.001,15.0,55,4,2000,57,0.03813069686293602,1
0.001,15.0,5,4,2000,6,0.03110417351126671,1
0.001,15.0,60,4,2000,60,0.5752543210983276,0
0.001,15.0,65,4,2000,67,0.0206796582788229,1
0.001,15.0,70,4,2000,70,0.571104884147644,0
0.001,15.0,75,4,2000,77,0.5730598568916321,0
0.001,15.0,80,4,2000,80,0.019909150898456573,1
0.001,15.0,85,4,2000,85,0.5763835310935974,0
0.001,15.0,90,4,2000,91,0.01773473620414734,1
0.001,15.0,95,4,2000,96,0.5752431154251099,0
0.003,15.0,0,4,2000,2,0.04701946675777435,1
0.003,15.0,10,4,2000,12,0.5756769776344299,0
0.003,15.0,15,4,2000,17,0.5731616020202637,0
0.003,15.0,20,4,2000,20,0.5729953050613403,0
0.003,15.0,25,4,2000,26,0.024804512038826942,1
0.003,15.0,30,4,2000,33,0.016120992600917816,1
0.003,15.0,35,4,2000,36,0.05835660919547081,1
0.003,15.0,40,4,2000,41,0.03312864899635315,1
0.003,15.0,45,4,2000,47,0.01876775175333023,1
0.003,15.0,50,4,2000,52,0.007383047137409449,1
0.003,15.0,55,4,2000,57,0.008921067230403423,1
0.003,15.0,5,4,2000,6,0.05481051653623581,1
0.003,15.0,60,4,2000,60,0.5729091763496399,0
0.003,15.0,65,4,2000,67,0.032609641551971436,1
0.003,15.0,70,4,2000,71,0.009646079502999783,1
0.003,15.0,75,4,2000,77,0.57102370262146,0
0.003,15.0,80,4,2000,80,0.05226718261837959,1
0.003,15.0,85,4,2000,85,0.573652982711792,0
0.003,15.0,90,4,2000,90,0.03442735597491264,1
0.003,15.0,95,4,2000,97,0.005774483550339937,1
0.005,1.0,0,4,2000,0,0.04032730683684349,1
0.005,15.0,0,4,2000,2,0.007907511666417122,1
0.005,30.0,0,4,2000,1,0.10274204611778259,0
0.005,5.0,0,4,2000,2,0.02730853110551834,1
0.005,1.0,10,4,2000,11,0.01237536035478115,1
0.005,15.0,10,4,2000,12,0.573353111743927,0
0.005,30.0,10,4,2000,12,0.0699588730931282,0
0.005,5.0,10,4,2000,13,0.5734966993331909,0
0.005,1.0,15,4,2000,16,0.24298523366451263,0
0.005,15.0,15,4,2000,17,0.5703968405723572,0
0.005,1.0,20,4,2000,23,0.018666861578822136,1
0.005,15.0,20,4,2000,20,0.5713188052177429,0
0.005,30.0,20,4,2000,20,0.07499411702156067,0
0.005,5.0,20,4,2000,20,0.5709177851676941,0
0.005,1.0,25,4,2000,26,0.06690739095211029,0
0.005,15.0,25,4,2000,25,0.006521126721054316,1
0.005,1.0,30,4,2000,30,0.003895823610946536,1
0.005,15.0,30,4,2000,33,0.045355018228292465,1
0.005,30.0,30,4,2000,33,0.06261894106864929,0
0.005,5.0,30,4,2000,30,0.5724159479141235,0
0.005,1.0,35,4,2000,38,0.23879411816596985,0
0.005,15.0,35,4,2000,36,0.044168621301651,1
0.005,1.0,40,4,2000,42,0.001022685901261866,1
0.005,15.0,40,4,2000,41,0.024200094863772392,1
0.005,30.0,40,4,2000,42,0.046702224761247635,1
0.005,5.0,40,4,2000,42,0.5609566569328308,0
0.005,1.0,45,4,2000,45,0.34996500611305237,0
0.005,15.0,45,4,2000,46,0.01778133027255535,1
0.005,1.0,50,4,2000,51,0.014762552455067635,1
0.005,15.0,50,4,2000,51,0.010936444625258446,1
0.005,15.0,55,4,2000,57,0.018465237691998482,1
0.005,1.0,5,4,2000,5,0.005604956299066544,1
0.005,15.0,5,4,2000,6,0.04994013160467148,1
0.005,15.0,60,4,2000,63,0.05285904183983803,1
0.005,15.0,65,4,2000,67,0.04691630229353905,1
0.005,15.0,70,4,2000,71,0.02155475504696369,1
0.005,15.0,75,4,2000,77,0.5691199898719788,0
0.005,15.0,80,4,2000,80,0.07607711851596832,0
0.005,15.0,85,4,2000,85,0.5717183351516724,0
0.005,15.0,90,4,2000,90,0.019190173596143723,1
0.005,15.0,95,4,2000,97,0.04794923588633537,1
0.01,1.0,0,4,2000,0,0.01971038244664669,1
0.01,15.0,0,4,2000,2,0.06025448068976402,0
0.01,7.5,0,4,2000,2,0.07844263315200806,0
0.01,1.0,10,4,2000,11,0.06200665608048439,0
0.01,15.0,10,4,2000,12,0.10586489737033844,0
0.01,7.5,10,4,2000,13,0.5674673914909363,0
0.01,1.0,15,4,2000,18,0.002759512048214674,1
0.01,15.0,15,4,2000,15,0.08869197964668274,0
0.01,7.5,15,4,2000,15,0.5647470355033875,0
0.01,1.0,20,4,2000,23,0.014192947186529636,1
0.01,15.0,20,4,2000,21,0.06742796301841736,0
0.01,7.5,20,4,2000,20,0.09303350001573563,0
0.01,1.0,25,4,2000,25,0.0006796329980716109,1
0.01,15.0,25,4,2000,26,0.039207786321640015,1
0.01,7.5,25,4,2000,26,0.06738772243261337,0
0.01,1.0,30,4,2000,31,0.0011561253340914845,1
0.01,15.0,30,4,2000,33,0.10017174482345581,0
0.01,7.5,30,4,2000,30,0.5672540068626404,0
0.01,1.0,35,4,2000,38,0.025830814614892006,1
0.01,15.0,35,4,2000,36,0.034647341817617416,1
0.01,7.5,35,4,2000,36,0.03420324996113777,1
0.01,1.0,40,4,2000,42,0.0031854351982474327,1
0.01,15.0,40,4,2000,42,0.0265683401376009,1
0.01,7.5,40,4,2000,42,0.02511659637093544,1
0.01,1.0,45,4,2000,45,0.00257352483458817,1
0.01,15.0,45,4,2000,46,0.03375113755464554,1
0.01,7.5,45,4,2000,46,0.052594538778066635,1
0.01,1.0,50,4,2000,51,0.015996314585208893,1
0.01,15.0,50,4,2000,51,0.03025089204311371,1
0.01,7.5,50,4,2000,50,0.04578118771314621,1
0.01,15.0,55,4,2000,57,0.043857112526893616,1
0.01,1.0,5,4,2000,6,0.05733804032206535,1
0.01,15.0,5,4,2000,6,0.07370549440383911,0
0.01,7.5,5,4,2000,6,0.0028008983936160803,1
0.01,15.0,60,4,2000,60,0.047180432826280594,1
0.01,15.0,65,4,2000,67,0.07123389840126038,0
0.01,15.0,70,4,2000,70,0.0377948023378849,1
0.01,15.0,75,4,2000,75,0.03277348726987839,1
0.01,15.0,80,4,2000,80,0.04597662761807442,1
0.01,15.0,85,4,2000,86,0.0897294133901596,0
0.01,15.0,90,4,2000,90,0.024079453200101852,1
0.01,15.0,95,4,2000,97,0.02761964499950409,1
0.03,1.0,0,4,2000,3,0.001684088259935379,1
0.03,15.0,0,4,2000,1,0.06429427862167358,0
0.03,2.5,0,4,2000,2,0.18256200850009918,0
0.03,1.0,10,4,2000,11,0.02682628110051155,1
0.03,15.0,10,4,2000,12,0.0629827082157135,0
0.03,2.5,10,4,2000,12,0.11651332676410675,0
0.03,1.0,15,4,2000,17,0.031625956296920776,1
0.03,15.0,15,4,2000,16,0.047101862728595734,1
0.03,2.5,15,4,2000,16,0.13559232652187347,0
0.03,1.0,20,4,2000,23,0.0005532288923859596,1
0.03,15.0,20,4,2000,21,0.04941457882523537,1
0.03,2.5,20,4,2000,21,0.15562207996845245,0
0.03,1.0,25,4,2000,27,0.013117402791976929,1
0.03,15.0,25,4,2000,25,0.04666060209274292,1
0.03,2.5,25,4,2000,26,0.09988991171121597,0
0.03,1.0,30,4,2000,33,0.0018000741256400943,1
0.03,15.0,30,4,2000,30,0.05474937707185745,1
0.03,2.5,30,4,2000,33,0.1515815258026123,0
0.03,1.0,35,4,2000,38,0.007704777643084526,1
0.03,15.0,35,4,2000,38,0.06425974518060684,0
0.03,2.5,35,4,2000,36,0.10170338302850723,0
0.03,1.0,40,4,2000,40,0.0018735331250354648,1
0.03,15.0,40,4,2000,42,0.04451991245150566,1
0.03,2.5,40,4,2000,40,0.11037105321884155,0
0.03,1.0,45,4,2000,46,0.0013232585042715073,1
0.03,15.0,45,4,2000,45,0.01573834754526615,1
0.03,2.5,45,4,2000,46,0.10336921364068985,0
0.03,1.0,50,4,2000,51,0.012236577458679676,1
0.03,15.0,50,4,2000,51,0.04780906066298485,1
0.03,2.5,50,4,2000,53,0.10040760040283203,0
0.03,1.0,5,4,2000,6,0.00353574869222939,1
0.03,15.0,5,4,2000,8,0.05140797048807144,1
0.03,2.5,5,4,2000,6,0.10091831535100937,0
0.05,1.0,0,4,2000,2,0.05565938353538513,1
0.05,1.4999999999999998,0,4,2000,3,0.20415142178535461,0
0.05,15.0,0,4,2000,2,0.06318962574005127,0
0.05,1.0,10,4,2000,11,0.02683185413479805,1
0.05,1.4999999999999998,10,4,2000,12,0.1862277388572693,0
0.05,15.0,10,4,2000,12,0.012685442343354225,1
0.05,1.0,15,4,2000,17,0.033880285918712616,1
0.05,1.4999999999999998,15,4,2000,16,0.02398206666111946,1
0.05,15.0,15,4,2000,18,0.0621233731508255,0
0.05,1.0,20,4,2000,21,0.003506158944219351,1
0.05,1.4999999999999998,20,4,2000,21,0.20039145648479462,0
0.05,15.0,20,4,2000,22,0.07780452072620392,0
0.05,1.0,25,4,2000,27,0.002764379605650902,1
0.05,1.4999999999999998,25,4,2000,26,0.19862651824951172,0
0.05,15.0,25,4,2000,28,0.07382602989673615,0
0.05,1.0,30,4,2000,33,0.005560810677707195,1
0.05,1.4999999999999998,30,4,2000,32,0.20565606653690338,0
0.05,15.0,30,4,2000,32,0.05900982767343521,1
0.05,1.0,35,4,2000,38,0.033111557364463806,1
0.05,1.4999999999999998,35,4,2000,38,0.0002770424180198461,1
0.05,15.0,35,4,2000,35,0.07586420327425003,0
0.05,1.0,40,4,2000,40,0.009129063226282597,1
0.05,1.4999999999999998,40,4,2000,41,0.15985147655010223,0
0.05,15.0,40,4,2000,42,0.060143355280160904,0
0.05,1.0,45,4,2000,46,0.013089055195450783,1
0.05,1.4999999999999998,45,4,2000,45,0.14145395159721375,0
0.05,15.0,45,4,2000,47,0.0533234067261219,1
0.05,1.0,50,4,2000,51,0.005209401715546846,1
0.05,1.4999999999999998,50,4,2000,53,0.0005865690764039755,1
0.05,15.0,50,4,2000,51,0.07871128618717194,0
0.05,1.0,5,4,2000,8,0.023469625040888786,1
0.05,1.4999999999999998,5,4,2000,6,0.1856086254119873,0
0.05,15.0,5,4,2000,8,0.05398361384868622,1
0.1,0.7499999999999999,0,4,2000,2,0.23050381243228912,0
0.1,1.0,0,4,2000,0,0.0005463858833536506,1
0.1,15.0,0,4,2000,0,0.08221347630023956,0
0.1,0.7499999999999999,10,4,2000,13,0.0022314239758998156,1
0.1,1.0,10,4,2000,12,0.030037887394428253,1
0.1,15.0,10,4,2000,13,0.0804653912782669,0
0.1,0.7499999999999999,15,4,2000,16,0.2781086266040802,0
0.1,1.0,15,4,2000,18,0.007444294635206461,1
0.1,15.0,15,4,2000,18,0.0481155700981617,1
0.1,0.7499999999999999,20,4,2000,23,0.28697919845581055,0
0.1,1.0,20,4,2000,20,0.005308006890118122,1
0.1,15.0,20,4,2000,22,0.07437673956155777,0
0.1,0.7499999999999999,25,4,2000,25,0.3104778528213501,0
0.1,1.0,25,4,2000,27,0.0006916610873304307,1
0.1,15.0,25,4,2000,28,0.06700082868337631,0
0.1,0.7499999999999999,30,4,2000,30,0.2338070273399353,0
0.1,1.0,30,4,2000,33,0.005962921306490898,1
0.1,15.0,30,4,2000,33,0.015381050296127796,1
0.1,0.7499999999999999,35,4,2000,36,0.014651501551270485,1
0.1,1.0,35,4,2000,35,0.0022699376568198204,1
0.1,15.0,35,4,2000,36,0.10665474832057953,0
0.1,0.7499999999999999,40,4,2000,41,0.3057865500450134,0
0.1,1.0,40,4,2000,40,0.003980385139584541,1
0.1,15.0,40,4,2000,40,0.05846687778830528,1
0.1,0.7499999999999999,45,4,2000,46,0.3142002820968628,0
0.1,1.0,45,4,2000,48,0.0002492960775271058,1
0.1,15.0,45,4,2000,48,0.05512723699212074,1
0.1,0.7499999999999999,50,4,2000,50,0.055528536438941956,1
0.1,1.0,50,4,2000,53,0.01346581894904375,1
0.1,15.0,50,4,2000,52,0.022390607744455338,1
0.1,0.7499999999999999,5,4,2000,6,0.2323533147573471,0
0.1,1.0,5,4,2000,8,0.016298681497573853,1
0.1,15.0,5,4,2000,7,0.0867343544960022,0
0.3,0.25,0,4,2000,0,5.252307346381713e-06,1
0.3,1.0,0,4,2000,1,1.7251159079023637e-05,1
0.3,15.0,0,4,2000,3,0.041048314422369,1
0.3,0.25,10,4,2000,13,7.431829089910025e-06,1
0.3,1.0,10,4,2000,13,5.150514425622532e-06,1
0.3,15.0,10,4,2000,10,0.04095441848039627,1
0.3,0.25,15,4,2000,15,2.237406988570001e-06,1
0.3,1.0,15,4,2000,17,5.665711432811804e-05,1
0.3,15.0,15,4,2000,15,0.06382589787244797,0
0.3,0.25,20,4,2000,20,2.805405074468581e-06,1
0.3,1.0,20,4,2000,21,1.594724199094344e-05,1
0.3,15.0,20,4,2000,23,0.03805355727672577,1
0.3,0.25,25,4,2000,27,2.2383881059795385e-06,1
0.3,1.0,25,4,2000,25,2.1965977794025093e-05,1
0.3,15.0,25,4,2000,27,0.02745625749230385,1
0.3,0.25,30,4,2000,30,3.4916665754280984e-06,1
0.3,1.0,30,4,2000,32,2.3196071197162382e-05,1
0.3,15.0,30,4,2000,31,0.04115345701575279,1
0.3,0.25,35,4,2000,37,5.655329914588947e-06,1
0.3,1.0,35,4,2000,35,1.6677970052114688e-05,1
0.3,15.0,35,4,2000,35,0.03620963171124458,1
0.3,0.25,40,4,2000,40,2.1697601368941832e-06,1
0.3,1.0,40,4,2000,43,4.1375478758709505e-05,1
0.3,15.0,40,4,2000,40,0.03865943104028702,1
0.3,0.25,45,4,2000,45,3.911713065463118e-06,1
0.3,1.0,45,4,2000,46,1.004147907224251e-05,1
0.3,15.0,45,4,2000,48,0.04415512457489967,1
0.3,0.25,50,4,2000,52,3.0456960757874185e-06,1
0.3,1.0,50,4,2000,52,1.4510660548694432e-05,1
0.3,15.0,50,4,2000,51,0.03867504373192787,1
0.3,0.25,5,4,2000,8,2.6360421543358825e-06,1
0.3,1.0,5,4,2000,5,9.757219231687486e-06,1
0.3,15.0,5,4,2000,7,0.0486527718603611,1
0.5,0.15,0,4,2000,1,2.4908109480747953e-05,1
0.5,1.0,0,4,2000,2,5.248612069408409e-06,1
0.5,15.0,0,4,2000,3,0.012480056844651699,1
0.5,0.15,10,4,2000,10,2.4707505872356705e-05,1
0.5,1.0,10,4,2000,11,2.2879937660036376e-06,1
0.5,15.0,10,4,2000,10,0.034302372485399246,1
0.5,0.15,15,4,2000,16,3.056709101656452e-05,1
0.5,1.0,15,4,2000,17,4.629176146409009e-06,1
0.5,15.0,15,4,2000,16,0.02721814252436161,1
0.5,0.15,20,4,2000,23,1.893661101348698e-05,1
0.5,1.0,20,4,2000,22,8.162110134435352e-06,1
0.5,15.0,20,4,2000,20,0.025375699624419212,1
0.5,0.15,25,4,2000,26,3.5191711504012346e-05,1
0.5,1.0,25,4,2000,25,1.2737908036797307e-05,1
0.5,15.0,25,4,2000,27,0.022673731669783592,1
0.5,0.15,30,4,2000,31,3.477594873402268e-05,1
0.5,1.0,30,4,2000,32,7.954110515129287e-06,1
0.5,15.0,30,4,2000,32,0.039475105702877045,1
0.5,0.15,35,4,2000,38,1.349253852822585e-05,1
0.5,1.0,35,4,2000,37,4.943249223288149e-06,1
0.5,15.0,35,4,2000,37,0.02149922214448452,1
0.5,0.15,40,4,2000,40,2.168800165236462e-05,1
0.5,1.0,40,4,2000,41,4.111986982024973e-06,1
0.5,15.0,40,4,2000,40,0.03747175633907318,1
0.5,0.15,45,4,2000,47,3.403502341825515e-05,1
0.5,1.0,45,4,2000,45,6.462173587351572e-06,1
0.5,15.0,45,4,2000,47,0.030122974887490273,1
0.5,0.15,50,4,2000,53,1.739474646456074e-05,1
0.5,1.0,50,4,2000,52,8.71610245667398e-06,1
0.5,15.0,50,4,2000,52,0.030701473355293274,1
0.5,0.15,5,4,2000,7,2.1835254301549867e-05,1
0.5,1.0,5,4,2000,8,5.531888291443465e-06,1
0.5,15.0,5,4,2000,8,0.03204825147986412,1
1.0,0.075,0,4,2000,1,1.6199184756260365e-05,1
1.0,1.0,0,4,2000,2,1.0105004548677243e-05,1
1.0,15.0,0,4,2000,3,0.03126304969191551,1
1.0,0.075,10,4,2000,11,1.432836870662868e-05,1
1.0,1.0,10,4,2000,13,4.6192317313398235e-06,1
1.0,15.0,10,4,2000,11,0.030494043603539467,1
1.0,0.075,15,4,2000,18,1.1824710782093462e-05,1
1.0,1.0,15,4,2000,18,7.00417240295792e-06,1
1.0,15.0,15,4,2000,16,0.0292171910405159,1
1.0,0.075,20,4,2000,23,1.5402953067678027e-05,1
1.0,1.0,20,4,2000,23,8.711276677786373e-07,1
1.0,15.0,20,4,2000,22,0.03365090861916542,1
1.0,0.075,25,4,2000,26,1.9241868358221836e-05,1
1.0,1.0,25,4,2000,27,2.7751773359341314e-06,1
1.0,15.0,25,4,2000,28,0.030033545568585396,1
1.0,0.075,30,4,2000,33,1.4049618584976997e-05,1
1.0,1.0,30,4,2000,32,1.7334427866444457e-06,1
1.0,15.0,30,4,2000,30,0.034921806305646896,1
1.0,0.075,35,4,2000,38,1.7820881112129427e-05,1
1.0,1.0,35,4,2000,35,6.186895461723907e-06,1
1.0,15.0,35,4,2000,36,0.028383051976561546,1
1.0,0.075,40,4,2000,41,2.0617229893105105e-05,1
1.0,1.0,40,4,2000,41,1.6450119346700376e-06,1
1.0,15.0,40,4,2000,42,0.03313937038183212,1
1.0,0.075,45,4,2000,47,1.5751467799418606e-05,1
1.0,1.0,45,4,2000,46,2.66969300355413e-06,1
1.0,15.0,45,4,2000,46,0.03068215399980545,1
1.0,0.075,50,4,2000,53,1.8801636542775668e-05,1
1.0,1.0,50,4,2000,51,5.205268280406017e-06,1
1.0,15.0,50,4,2000,50,0.030069855973124504,1
1.0,0.075,5,4,2000,8,1.8654036466614343e-05,1
1.0,1.0,5,4,2000,5,3.0446894925262313e-06,1
1.0,15.0,5,4,2000,8,0.029755664989352226,1
