case,feature,sigma,family,beta,seed,epochs,L2,Linf,TV,contrast_cv,contrast_q95q05
single,mlp,0.0,uniform,1.0,0,3000,0.0002745277597568929,0.0003554821014404297,0.0002908111782744527,0.6342270970344543,15.550168991088867
single,mlp,0.0,uniform,1.0,5,3000,7.495695899706334e-05,0.00010323524475097656,5.1379221986280754e-05,0.8583303689956665,23.789573669433594
single,mlp,0.0,uniform,1.0,10,3000,3.879923315253109e-05,5.173683166503906e-05,5.072357089375146e-05,1.0837016105651855,113.63706970214844
single,mlp,0.0,uniform,1.0,15,3000,8.080373663688079e-05,0.00010836124420166016,0.00010770562948891893,0.863275945186615,25.738855361938477
single,mlp,0.0,uniform,1.0,20,3000,4.279993663658388e-05,5.370378494262695e-05,7.569792614958715e-06,0.7287485003471375,20.814373016357422
single,mlp,0.0,uniform,1.0,25,3000,0.00010765894694486633,0.00014775991439819336,7.379057933576405e-05,1.0453712940216064,36.07743453979492
single,mlp,0.0,uniform,1.0,30,3000,0.00013681581185664982,0.00020807981491088867,0.00011408333375584334,0.6323452591896057,16.41946029663086
single,mlp,0.0,uniform,1.0,35,3000,8.044201968004927e-05,9.334087371826172e-05,7.033350266283378e-05,0.7102077007293701,18.0347843170166
single,mlp,0.0,uniform,1.0,40,3000,8.771006105234846e-05,0.00013339519500732422,2.4795541321509518e-05,1.015390157699585,32.80687713623047
single,mlp,0.0,uniform,1.0,45,3000,0.00017099533579312265,0.0002148151397705078,2.3603448426001705e-05,0.9635823965072632,40.9979362487793
single,mlp,0.0,uniform,1.0,50,3000,9.823673462960869e-05,0.0001576542854309082,3.123284477624111e-05,0.6509863138198853,17.48756217956543
single,mlp,0.0,rational,1.0,0,3000,8.370897558052093e-05,0.00012063980102539062,0.0001194477517856285,0.6473730802536011,17.621522903442383
single,mlp,0.0,rational,1.0,5,3000,7.495695899706334e-05,0.00010323524475097656,5.1379221986280754e-05,0.8583303689956665,23.789573669433594
single,mlp,0.0,rational,1.0,10,3000,3.879923315253109e-05,5.173683166503906e-05,5.072357089375146e-05,1.0837016105651855,113.63706970214844
single,mlp,0.0,rational,1.0,15,3000,8.080373663688079e-05,0.00010836124420166016,0.00010770562948891893,0.863275945186615,25.738855361938477
single,mlp,0.0,rational,1.0,20,3000,4.279993663658388e-05,5.370378494262695e-05,7.569792614958715e-06,0.7287485003471375,20.814373016357422
single,mlp,0.0,rational,1.0,25,3000,0.00010765894694486633,0.00014775991439819336,7.379057933576405e-05,1.0453712940216064,36.07743453979492
single,mlp,0.0,rational,1.0,30,3000,0.00013681581185664982,0.00020807981491088867,0.00011408333375584334,0.6323452591896057,16.41946029663086
single,mlp,0.0,rational,1.0,35,3000,8.044201968004927e-05,9.334087371826172e-05,7.033350266283378e-05,0.7102077007293701,18.0347843170166
single,mlp,0.0,rational,1.0,40,3000,8.771006105234846e-05,0.00013339519500732422,2.4795541321509518e-05,1.015390157699585,32.80687713623047
single,mlp,0.0,rational,1.0,45,3000,0.00017099533579312265,0.0002148151397705078,2.3603448426001705e-05,0.9635823965072632,40.9979362487793
single,mlp,0.0,rational,1.0,50,3000,9.823673462960869e-05,0.0001576542854309082,3.123284477624111e-05,0.6509863138198853,17.48756217956543
single,mlp,0.0,rational,3.0,0,3000,6.373668293235824e-05,7.802248001098633e-05,3.862382436636835e-05,0.819658100605011,26.598316192626953
single,mlp,0.0,rational,3.0,5,3000,0.00019655095820780843,0.0002765059471130371,0.00026404866366647184,0.6477975845336914,16.24517250061035
single,mlp,0.0,rational,3.0,10,3000,0.00018993020057678223,0.00029861927032470703,5.17368498549331e-05,0.6478848457336426,17.798398971557617
single,mlp,0.0,rational,3.0,15,3000,5.1506762247299775e-05,5.59687614440918e-05,9.298328222939745e-06,0.7369497418403625,27.729734420776367
single,mlp,0.0,rational,3.0,20,3000,9.888979548122734e-05,9.799003601074219e-05,9.447339834878221e-05,0.8182324767112732,26.278728485107422
single,mlp,0.0,rational,3.0,25,3000,9.107767255045474e-05,0.0001443028450012207,3.325940269860439e-05,0.6526064276695251,17.874223709106445
single,mlp,0.0,rational,3.0,30,3000,0.00014212015958037227,0.00016129016876220703,0.00015610462287440896,0.7848849892616272,25.92564582824707
single,mlp,0.0,rational,3.0,35,3000,0.00010836871661012992,0.0001322627067565918,0.00010776523413369432,0.7599007487297058,23.10368537902832
single,mlp,0.0,rational,3.0,40,3000,9.255513577954844e-05,9.006261825561523e-05,8.9347391622141e-05,0.9117103219032288,39.22817611694336
single,mlp,0.0,rational,3.0,45,3000,0.0001778613805072382,0.0001811385154724121,0.0001767874346114695,0.7242533564567566,20.298463821411133
single,mlp,0.0,rational,3.0,50,3000,0.00018834604998119175,0.00026851892471313477,4.142524267081171e-05,0.6129012703895569,14.712119102478027
single,mlp,0.0,rational,10.0,0,3000,0.00014549880870617926,0.00022357702255249023,1.7404561731382273e-05,0.6441687941551208,18.639524459838867
single,mlp,0.0,rational,10.0,5,3000,0.00025657747755758464,0.0002855062484741211,0.00022625931887887418,0.7662863731384277,16.75971031188965
single,mlp,0.0,rational,10.0,10,3000,0.00014690162788610905,0.00019431114196777344,0.0001922846568049863,0.7116420865058899,22.36906623840332
single,mlp,0.0,rational,10.0,15,3000,0.0001568608422530815,0.00018155574798583984,0.00012618307664524764,0.9421672224998474,51.28367233276367
single,mlp,0.0,rational,10.0,20,3000,4.4482130761025473e-05,5.054473876953125e-05,4.684926898335107e-05,0.6908607482910156,20.86377716064453
single,mlp,0.0,rational,10.0,25,3000,7.447141251759604e-05,7.742643356323242e-05,7.557871867902577e-05,0.7201972007751465,19.706018447875977
single,mlp,0.0,rational,10.0,30,3000,0.00013294587552081794,0.00014227628707885742,0.00014030937745701522,0.7809773087501526,20.414478302001953
single,mlp,0.0,rational,10.0,35,3000,0.00027066213078796864,0.00033336877822875977,0.0003021956654265523,0.6764283180236816,17.042236328125
single,mlp,0.0,rational,10.0,40,3000,5.760661224485375e-05,6.937980651855469e-05,5.2452105592237785e-05,1.0136393308639526,44.88815689086914
single,mlp,0.0,rational,10.0,45,3000,0.00017553272482473403,0.00023502111434936523,2.3722657715552486e-05,0.800751805305481,31.58055877685547
single,mlp,0.0,rational,10.0,50,3000,0.00018303394608665258,0.00018298625946044922,0.00017607217887416482,0.7981990575790405,34.44124984741211
single,mlp,0.0,down_inv,1.0,0,3000,8.370897558052093e-05,0.00012063980102539062,0.0001194477517856285,0.6473730802536011,17.621522903442383
single,mlp,0.0,down_inv,1.0,5,3000,7.495695899706334e-05,0.00010323524475097656,5.1379221986280754e-05,0.8583303689956665,23.789573669433594
single,mlp,0.0,down_inv,1.0,10,3000,3.879923315253109e-05,5.173683166503906e-05,5.072357089375146e-05,1.0837016105651855,113.63706970214844
single,mlp,0.0,down_inv,1.0,15,3000,8.080373663688079e-05,0.00010836124420166016,0.00010770562948891893,0.863275945186615,25.738855361938477
single,mlp,0.0,down_inv,1.0,20,3000,4.279993663658388e-05,5.370378494262695e-05,7.569792614958715e-06,0.7287485003471375,20.814373016357422
single,mlp,0.0,down_inv,1.0,25,3000,0.00010765894694486633,0.00014775991439819336,7.379057933576405e-05,1.0453712940216064,36.07743453979492
single,mlp,0.0,down_inv,1.0,30,3000,0.00013681581185664982,0.00020807981491088867,0.00011408333375584334,0.6323452591896057,16.41946029663086
single,mlp,0.0,down_inv,1.0,35,3000,8.044201968004927e-05,9.334087371826172e-05,7.033350266283378e-05,0.7102077007293701,18.0347843170166
single,mlp,0.0,down_inv,1.0,40,3000,8.771006105234846e-05,0.00013339519500732422,2.4795541321509518e-05,1.015390157699585,32.80687713623047
single,mlp,0.0,down_inv,1.0,45,3000,0.00017099533579312265,0.0002148151397705078,2.3603448426001705e-05,0.9635823965072632,40.9979362487793
single,mlp,0.0,down_inv,1.0,50,3000,9.823673462960869e-05,0.0001576542854309082,3.123284477624111e-05,0.6509863138198853,17.48756217956543
single,mlp,0.0,down_inv,3.0,0,3000,9.378025424666703e-05,0.00013250112533569336,0.0001320839364780113,0.685016930103302,17.854307174682617
single,mlp,0.0,down_inv,3.0,5,3000,6.020742512191646e-05,6.473064422607422e-05,5.614759720629081e-05,1.1349836587905884,60.429771423339844
single,mlp,0.0,down_inv,3.0,10,3000,3.05545145238284e-05,5.53131103515625e-05,1.6689306221451261e-06,1.2008275985717773,160.23452758789062
single,mlp,0.0,down_inv,3.0,15,3000,4.9006262997863814e-05,6.383657455444336e-05,2.5391587769263424e-05,0.8252031207084656,20.42544174194336
single,mlp,0.0,down_inv,3.0,20,3000,4.921788422507234e-05,5.644559860229492e-05,3.802777791861445e-05,0.9759237766265869,26.399126052856445
single,mlp,0.0,down_inv,3.0,25,3000,7.453666330548003e-05,7.56382942199707e-05,6.06775502092205e-05,0.85204017162323,21.555957794189453
single,mlp,0.0,down_inv,3.0,30,3000,4.846567753702402e-05,7.522106170654297e-05,1.3351444977161009e-05,0.7811562418937683,20.669652938842773
single,mlp,0.0,down_inv,3.0,35,3000,3.28038222505711e-05,5.3763389587402344e-05,4.827978045796044e-06,0.7560990452766418,22.620208740234375
single,mlp,0.0,down_inv,3.0,40,3000,3.1938696338329464e-05,3.230571746826172e-05,2.1040446881670505e-05,1.2085039615631104,80.21333312988281
single,mlp,0.0,down_inv,3.0,45,3000,5.502739077201113e-05,6.961822509765625e-05,3.0040751880733296e-05,0.7495325207710266,23.16649627685547
single,mlp,0.0,down_inv,3.0,50,3000,5.2895251428708434e-05,7.551908493041992e-05,4.416705633047968e-05,0.6967678666114807,17.41490364074707
single,mlp,0.0,down_inv,10.0,0,3000,0.0001797371223801747,0.00024956464767456055,0.0002491475024726242,0.6909165382385254,17.416181564331055
single,mlp,0.0,down_inv,10.0,5,3000,6.225813558558002e-05,7.921457290649414e-05,8.344653110725631e-07,0.8269311785697937,19.94059181213379
single,mlp,0.0,down_inv,10.0,10,3000,0.00012897964916191995,0.00017899274826049805,0.00017851596930995584,0.7373119592666626,18.06357192993164
single,mlp,0.0,down_inv,10.0,15,3000,2.2667722078040242e-05,4.76837158203125e-05,7.152560215217818e-07,1.1700955629348755,43.63291549682617
single,mlp,0.0,down_inv,10.0,20,3000,6.402859435183927e-05,9.074807167053223e-05,2.6226052796118893e-05,1.1727253198623657,28.03529930114746
single,mlp,0.0,down_inv,10.0,25,3000,2.8919776013935916e-05,4.00543212890625e-05,3.039837974938564e-05,0.9729357957839966,26.128164291381836
single,mlp,0.0,down_inv,10.0,30,3000,5.759796476922929e-05,9.828805923461914e-05,4.649164111469872e-06,1.1926623582839966,49.0529670715332
single,mlp,0.0,down_inv,10.0,35,3000,3.8807640521554276e-05,5.561113357543945e-05,2.4557122742407955e-05,0.7803417444229126,22.81322479248047
single,mlp,0.0,down_inv,10.0,40,3000,3.87237269023899e-05,4.819035530090332e-05,1.949072611751035e-05,1.0263980627059937,25.16621208190918
single,mlp,0.0,down_inv,10.0,45,3000,3.857438059640117e-05,5.0961971282958984e-05,5.090238482807763e-05,0.8189168572425842,21.881521224975586
single,mlp,0.0,down_inv,10.0,50,3000,8.649700612295419e-05,0.0001074075698852539,0.00010269883932778612,0.6996867060661316,17.852676391601562
single,fourier,1.0,uniform,1.0,0,3000,1.4067280972085427e-05,1.52587890625e-05,1.5020375940366648e-05,1.0121309757232666,32.24516677856445
single,fourier,1.0,uniform,1.0,5,3000,2.8276122066017706e-06,3.2186508178710938e-06,3.218651954739471e-06,1.0862903594970703,44.476539611816406
single,fourier,1.0,uniform,1.0,10,3000,9.506464266451076e-06,1.0907649993896484e-05,7.987025128386449e-06,0.897331714630127,23.938037872314453
single,fourier,1.0,uniform,1.0,15,3000,6.010897322994424e-06,7.867813110351562e-06,7.629397259734105e-06,0.8121336102485657,30.72898292541504
single,fourier,1.0,uniform,1.0,20,3000,1.2045446055708453e-05,1.52587890625e-05,1.4066701623960398e-05,1.042797565460205,29.308387756347656
single,fourier,1.0,uniform,1.0,25,3000,2.4018851036089472e-05,4.1544437408447266e-05,2.157688868464902e-05,1.1102184057235718,98.7977294921875
single,fourier,1.0,uniform,1.0,30,3000,5.962907016510144e-05,8.767843246459961e-05,1.0252002539345995e-05,0.799243152141571,56.15531921386719
single,fourier,1.0,uniform,1.0,35,3000,1.4418920727621298e-05,1.633167266845703e-05,1.5616422388120554e-05,0.9523564577102661,34.06328582763672
single,fourier,1.0,uniform,1.0,40,3000,1.3466351447277702e-05,1.7881393432617188e-05,8.9407003542874e-06,1.0836094617843628,42.57538604736328
single,fourier,1.0,uniform,1.0,45,3000,0.00010502164514036849,0.0001507401466369629,9.524825873086229e-05,1.0852446556091309,55.12407684326172
single,fourier,1.0,uniform,1.0,50,3000,6.421546277124435e-05,6.115436553955078e-05,5.4359454225050285e-05,0.908722460269928,36.75236511230469
single,fourier,1.0,rational,1.0,0,3000,1.4067280972085427e-05,1.52587890625e-05,1.5020375940366648e-05,1.0121309757232666,32.24516677856445
single,fourier,1.0,rational,1.0,5,3000,2.8276122066017706e-06,3.2186508178710938e-06,3.218651954739471e-06,1.0862903594970703,44.476539611816406
single,fourier,1.0,rational,1.0,10,3000,9.506464266451076e-06,1.0907649993896484e-05,7.987025128386449e-06,0.897331714630127,23.938037872314453
single,fourier,1.0,rational,1.0,15,3000,6.010897322994424e-06,7.867813110351562e-06,7.629397259734105e-06,0.8121336102485657,30.72898292541504
single,fourier,1.0,rational,1.0,20,3000,1.2045446055708453e-05,1.52587890625e-05,1.4066701623960398e-05,1.042797565460205,29.308387756347656
single,fourier,1.0,rational,1.0,25,3000,2.4018851036089472e-05,4.1544437408447266e-05,2.157688868464902e-05,1.1102184057235718,98.7977294921875
single,fourier,1.0,rational,1.0,30,3000,5.962907016510144e-05,8.767843246459961e-05,1.0252002539345995e-05,0.799243152141571,56.15531921386719
single,fourier,1.0,rational,1.0,35,3000,1.4418920727621298e-05,1.633167266845703e-05,1.5616422388120554e-05,0.9523564577102661,34.06328582763672
single,fourier,1.0,rational,1.0,40,3000,1.3466351447277702e-05,1.7881393432617188e-05,8.9407003542874e-06,1.0836094617843628,42.57538604736328
single,fourier,1.0,rational,1.0,45,3000,0.00010502164514036849,0.0001507401466369629,9.524825873086229e-05,1.0852446556091309,55.12407684326172
single,fourier,1.0,rational,1.0,50,3000,6.421546277124435e-05,6.115436553955078e-05,5.4359454225050285e-05,0.908722460269928,36.75236511230469
single,fourier,1.0,rational,3.0,0,3000,3.813915100181475e-05,6.350874900817871e-05,4.410745077620959e-06,0.930767834186554,28.228073120117188
single,fourier,1.0,rational,3.0,5,3000,1.4579209164367057e-05,2.3871660232543945e-05,1.3351444977161009e-05,0.788864016532898,37.24938201904297
single,fourier,1.0,rational,3.0,10,3000,7.075325993355364e-05,6.920099258422852e-05,6.771089829271659e-05,0.8253415822982788,42.853206634521484
single,fourier,1.0,rational,3.0,15,3000,8.949907351052389e-05,0.00014597177505493164,2.9683124012080953e-05,1.0866661071777344,81.86630249023438
single,fourier,1.0,rational,3.0,20,3000,4.760111551149748e-06,6.139278411865234e-06,3.57628005076549e-06,0.8710471391677856,29.61492156982422
single,fourier,1.0,rational,3.0,25,3000,0.00011542659194674343,0.00014150142669677734,0.00013101105287205428,0.9330180883407593,55.59749984741211
single,fourier,1.0,rational,3.0,30,3000,1.942218659678474e-05,2.658367156982422e-05,7.510187970183324e-06,0.8423947095870972,38.27321243286133
single,fourier,1.0,rational,3.0,35,3000,1.2996454643143807e-05,1.8656253814697266e-05,5.2452105592237785e-06,0.857357382774353,37.989105224609375
single,fourier,1.0,rational,3.0,40,3000,0.00012064998009009287,0.00015223026275634766,9.745363058755174e-05,0.9679576754570007,61.38909912109375
single,fourier,1.0,rational,3.0,45,3000,1.2048223652527668e-05,1.71661376953125e-05,1.0132793249795213e-05,0.8563433289527893,39.91338348388672
single,fourier,1.0,rational,3.0,50,3000,8.096381498035043e-05,0.00015288591384887695,1.871586573543027e-05,0.7229238152503967,30.473678588867188
single,fourier,1.0,rational,10.0,0,3000,0.0002707068051677197,0.0003750920295715332,0.00019681460980791599,1.0220640897750854,98.47437286376953
single,fourier,1.0,rational,10.0,5,3000,8.965659799287096e-05,9.524822235107422e-05,8.583071758039296e-05,0.7705644369125366,27.011865615844727
single,fourier,1.0,rational,10.0,10,3000,0.0003852673980873078,0.0003852248191833496,0.00030696403700858355,0.9487700462341309,49.675655364990234
single,fourier,1.0,rational,10.0,15,3000,8.837399946060032e-05,0.00015783309936523438,1.6808515283628367e-05,0.7772480249404907,26.194108963012695
single,fourier,1.0,rational,10.0,20,3000,6.019942520651966e-05,0.00010210275650024414,1.2874607818957884e-05,0.7802243232727051,45.82870864868164
single,fourier,1.0,rational,10.0,25,3000,0.00011051824549213052,0.00011539459228515625,0.00010740760626504198,0.8071848154067993,53.76993179321289
single,fourier,1.0,rational,10.0,30,3000,8.6234460468404e-05,8.952617645263672e-05,8.547308971174061e-05,0.81220543384552,40.247859954833984
single,fourier,1.0,rational,10.0,35,3000,0.00015236625040415674,0.00024944543838500977,0.0001347065408481285,0.6067118048667908,34.27678298950195
single,fourier,1.0,rational,10.0,40,3000,4.398561213747598e-05,6.079673767089844e-05,4.935266406391747e-05,0.8019940257072449,35.87136459350586
single,fourier,1.0,rational,10.0,45,3000,0.0001538031647214666,0.0001698136329650879,0.0001527071581222117,0.8406444787979126,36.17580032348633
single,fourier,1.0,rational,10.0,50,3000,0.00022296447423286736,0.00040608644485473633,0.00010001663031289354,0.9713370203971863,36.91017150878906
single,fourier,1.0,down_inv,1.0,0,3000,1.4067280972085427e-05,1.52587890625e-05,1.5020375940366648e-05,1.0121309757232666,32.24516677856445
single,fourier,1.0,down_inv,1.0,5,3000,2.8276122066017706e-06,3.2186508178710938e-06,3.218651954739471e-06,1.0862903594970703,44.476539611816406
single,fourier,1.0,down_inv,1.0,10,3000,9.506464266451076e-06,1.0907649993896484e-05,7.987025128386449e-06,0.897331714630127,23.938037872314453
single,fourier,1.0,down_inv,1.0,15,3000,6.010897322994424e-06,7.867813110351562e-06,7.629397259734105e-06,0.8121336102485657,30.72898292541504
single,fourier,1.0,down_inv,1.0,20,3000,1.2045446055708453e-05,1.52587890625e-05,1.4066701623960398e-05,1.042797565460205,29.308387756347656
single,fourier,1.0,down_inv,1.0,25,3000,2.4018851036089472e-05,4.1544437408447266e-05,2.157688868464902e-05,1.1102184057235718,98.7977294921875
single,fourier,1.0,down_inv,1.0,30,3000,5.962907016510144e-05,8.767843246459961e-05,1.0252002539345995e-05,0.799243152141571,56.15531921386719
single,fourier,1.0,down_inv,1.0,35,3000,1.4418920727621298e-05,1.633167266845703e-05,1.5616422388120554e-05,0.9523564577102661,34.06328582763672
single,fourier,1.0,down_inv,1.0,40,3000,1.3466351447277702e-05,1.7881393432617188e-05,8.9407003542874e-06,1.0836094617843628,42.57538604736328
single,fourier,1.0,down_inv,1.0,45,3000,0.00010502164514036849,0.0001507401466369629,9.524825873086229e-05,1.0852446556091309,55.12407684326172
single,fourier,1.0,down_inv,1.0,50,3000,6.421546277124435e-05,6.115436553955078e-05,5.4359454225050285e-05,0.908722460269928,36.75236511230469
single,fourier,1.0,down_inv,3.0,0,3000,1.1794051715696696e-05,1.6808509826660156e-05,6.318094619928161e-06,1.0942960977554321,47.7548828125
single,fourier,1.0,down_inv,3.0,5,3000,2.6997720397048397e-06,4.0531158447265625e-06,3.3378612442902522e-06,1.3079320192337036,43.14457702636719
single,fourier,1.0,down_inv,3.0,10,3000,6.145260158518795e-06,9.000301361083984e-06,2.0265586044843076e-06,0.8530128598213196,26.144390106201172
single,fourier,1.0,down_inv,3.0,15,3000,8.962514584709425e-06,1.4722347259521484e-05,4.172326498519396e-06,0.7273837924003601,19.57322120666504
single,fourier,1.0,down_inv,3.0,20,3000,1.2528971637948416e-05,1.4424324035644531e-05,1.2159352081653196e-05,0.8047201633453369,22.254335403442383
single,fourier,1.0,down_inv,3.0,25,3000,1.2784003047272563e-05,1.2695789337158203e-05,1.2397770660754759e-05,1.059047818183899,40.01120376586914
single,fourier,1.0,down_inv,3.0,30,3000,1.2370173863018863e-05,1.755356788635254e-05,7.629397259734105e-06,0.999261736869812,48.41810989379883
single,fourier,1.0,down_inv,3.0,35,3000,2.0400117136887275e-05,2.2590160369873047e-05,1.9073493604082614e-05,0.9122516512870789,31.548479080200195
single,fourier,1.0,down_inv,3.0,40,3000,8.153800990839954e-06,1.3172626495361328e-05,6.318094619928161e-06,1.098058819770813,27.989973068237305
single,fourier,1.0,down_inv,3.0,45,3000,1.000455904431874e-05,1.043081283569336e-05,1.0132793249795213e-05,1.146462082862854,31.711383819580078
single,fourier,1.0,down_inv,3.0,50,3000,4.715080649475567e-06,6.556510925292969e-06,3.0994426651886897e-06,1.123164176940918,25.71082878112793
single,fourier,1.0,down_inv,10.0,0,3000,5.479375431605149e-06,8.791685104370117e-06,1.251697995030554e-06,1.3795210123062134,69.80268096923828
single,fourier,1.0,down_inv,10.0,5,3000,4.1524076550558675e-06,6.139278411865234e-06,2.2649774109595455e-06,0.8937840461730957,37.12602233886719
single,fourier,1.0,down_inv,10.0,10,3000,3.4610652619448956e-06,4.76837158203125e-06,1.192093321833454e-07,1.1093385219573975,34.08626937866211
single,fourier,1.0,down_inv,10.0,15,3000,8.935699952417053e-06,1.5974044799804688e-05,3.218651954739471e-06,1.0022393465042114,52.722530364990234
single,fourier,1.0,down_inv,10.0,20,3000,3.8193652471818496e-06,6.794929504394531e-06,9.536746574667632e-07,0.9331455230712891,23.99386215209961
single,fourier,1.0,down_inv,10.0,25,3000,4.04642514695297e-06,6.735324859619141e-06,2.0265586044843076e-06,0.7328442335128784,21.799293518066406
single,fourier,1.0,down_inv,10.0,30,3000,4.8964393499772996e-06,7.62939453125e-06,6.556513199029723e-07,0.9915953874588013,39.2040901184082
single,fourier,1.0,down_inv,10.0,35,3000,3.3972671644733055e-06,4.947185516357422e-06,2.086163249259698e-06,0.8766183257102966,42.73823165893555
single,fourier,1.0,down_inv,10.0,40,3000,4.09982749260962e-06,6.943941116333008e-06,1.192093321833454e-07,1.3609766960144043,20.03412437438965
single,fourier,1.0,down_inv,10.0,45,3000,3.952232873416506e-06,6.616115570068359e-06,2.145767894035089e-06,1.1308249235153198,22.81818389892578
single,fourier,1.0,down_inv,10.0,50,3000,3.7828781387361232e-06,5.364418029785156e-06,2.0265586044843076e-06,0.8217902779579163,25.57239532470703
single,fourier,15.0,uniform,1.0,0,3000,0.014939138665795326,0.01795649528503418,0.017573600634932518,0.9586341381072998,64.52477264404297
single,fourier,15.0,uniform,1.0,5,3000,0.020589953288435936,0.02562659978866577,0.025514790788292885,0.7909422516822815,34.971031188964844
single,fourier,15.0,uniform,1.0,10,3000,0.012628794647753239,0.015639066696166992,0.014720862731337547,0.9748772978782654,45.41309356689453
single,fourier,15.0,uniform,1.0,15,3000,0.024158358573913574,0.029385387897491455,0.029226671904325485,0.8681319355964661,32.2688102722168
single,fourier,15.0,uniform,1.0,20,3000,0.009938000701367855,0.01246112585067749,0.012438063509762287,0.9384722113609314,46.401893615722656
single,fourier,15.0,uniform,1.0,25,3000,0.02949107438325882,0.03539109230041504,0.03528774902224541,0.7752888798713684,26.13166618347168
single,fourier,15.0,uniform,1.0,30,3000,0.008062135428190231,0.009663939476013184,0.009567979723215103,0.9799033999443054,45.63683319091797
single,fourier,15.0,uniform,1.0,35,3000,0.011649387888610363,0.013997554779052734,0.013996009714901447,0.8597902059555054,32.73850631713867
single,fourier,15.0,uniform,1.0,40,3000,0.019770722836256027,0.0245322585105896,0.024425754323601723,0.7730616331100464,31.44193458557129
single,fourier,15.0,uniform,1.0,45,3000,0.020066801458597183,0.02388375997543335,0.023836204782128334,0.8564885258674622,33.15616989135742
single,fourier,15.0,uniform,1.0,50,3000,0.010081464424729347,0.012418031692504883,0.01234376896172762,0.8027917742729187,28.75179100036621
single,fourier,15.0,rational,1.0,0,3000,0.014939138665795326,0.01795649528503418,0.017573600634932518,0.9586341381072998,64.52477264404297
single,fourier,15.0,rational,1.0,5,3000,0.020589953288435936,0.02562659978866577,0.025514790788292885,0.7909422516822815,34.971031188964844
single,fourier,15.0,rational,1.0,10,3000,0.012628794647753239,0.015639066696166992,0.014720862731337547,0.9748772978782654,45.41309356689453
single,fourier,15.0,rational,1.0,15,3000,0.024158358573913574,0.029385387897491455,0.029226671904325485,0.8681319355964661,32.2688102722168
single,fourier,15.0,rational,1.0,20,3000,0.009938000701367855,0.01246112585067749,0.012438063509762287,0.9384722113609314,46.401893615722656
single,fourier,15.0,rational,1.0,25,3000,0.02949107438325882,0.03539109230041504,0.03528774902224541,0.7752888798713684,26.13166618347168
single,fourier,15.0,rational,1.0,30,3000,0.008062135428190231,0.009663939476013184,0.009567979723215103,0.9799033999443054,45.63683319091797
single,fourier,15.0,rational,1.0,35,3000,0.011649387888610363,0.013997554779052734,0.013996009714901447,0.8597902059555054,32.73850631713867
single,fourier,15.0,rational,1.0,40,3000,0.019770722836256027,0.0245322585105896,0.024425754323601723,0.7730616331100464,31.44193458557129
single,fourier,15.0,rational,1.0,45,3000,0.020066801458597183,0.02388375997543335,0.023836204782128334,0.8564885258674622,33.15616989135742
single,fourier,15.0,rational,1.0,50,3000,0.010081464424729347,0.012418031692504883,0.01234376896172762,0.8027917742729187,28.75179100036621
single,fourier,15.0,rational,3.0,0,3000,0.013521269895136356,0.01600891351699829,0.01600128971040249,0.9764145016670227,43.527923583984375
single,fourier,15.0,rational,3.0,5,3000,0.014321469701826572,0.01693516969680786,0.016740387305617332,0.9338545203208923,40.884403228759766
single,fourier,15.0,rational,3.0,10,3000,0.010539782233536243,0.013135254383087158,0.012482945807278156,0.9380354285240173,60.254573822021484
single,fourier,15.0,rational,3.0,15,3000,0.023997550830245018,0.029789268970489502,0.02964402362704277,0.8630613088607788,45.767417907714844
single,fourier,15.0,rational,3.0,20,3000,0.012438544072210789,0.014996528625488281,0.014900332316756248,0.8328939080238342,35.460914611816406
single,fourier,15.0,rational,3.0,25,3000,0.02959003485739231,0.0351487398147583,0.03490884229540825,0.829997718334198,35.815757751464844
single,fourier,15.0,rational,3.0,30,3000,0.013738930225372314,0.01613837480545044,0.016110366210341454,0.8511850237846375,37.167640686035156
single,fourier,15.0,rational,3.0,35,3000,0.011435854248702526,0.014236927032470703,0.014000956900417805,0.9284200072288513,54.26710891723633
single,fourier,15.0,rational,3.0,40,3000,0.022846560925245285,0.028676331043243408,0.028667937964200974,0.8936408162117004,39.222015380859375
single,fourier,15.0,rational,3.0,45,3000,0.021980859339237213,0.026718318462371826,0.026689717546105385,0.9951455593109131,55.48395538330078
single,fourier,15.0,rational,3.0,50,3000,0.010665842331945896,0.01299351453781128,0.011956457979977131,0.974648654460907,37.618125915527344
single,fourier,15.0,rational,10.0,0,3000,0.01398706529289484,0.016788899898529053,0.01667833887040615,0.900989294052124,47.820499420166016
single,fourier,15.0,rational,10.0,5,3000,0.014002923853695393,0.016967952251434326,0.016864007338881493,0.8952720761299133,42.96722412109375
single,fourier,15.0,rational,10.0,10,3000,0.007353430148214102,0.009547233581542969,0.009206417948007584,0.9058904051780701,35.60478210449219
single,fourier,15.0,rational,10.0,15,3000,0.02126350626349449,0.02583688497543335,0.024857887998223305,0.8149793148040771,35.80754852294922
single,fourier,15.0,rational,10.0,20,3000,0.014757699333131313,0.01789182424545288,0.017884081229567528,0.9089779853820801,51.31387710571289
single,fourier,15.0,rational,10.0,25,3000,0.0377759151160717,0.047138512134552,0.0470174141228199,0.7599866390228271,30.207780838012695
single,fourier,15.0,rational,10.0,30,3000,0.012443569488823414,0.0160520076751709,0.01600772701203823,0.9318418502807617,47.2711067199707
single,fourier,15.0,rational,10.0,35,3000,0.012817909941077232,0.015545904636383057,0.01546812616288662,0.9347434639930725,41.639610290527344
single,fourier,15.0,rational,10.0,40,3000,0.024491703137755394,0.028353750705718994,0.02816433645784855,0.8599677681922913,31.32716178894043
single,fourier,15.0,rational,10.0,45,3000,0.017087675631046295,0.020500481128692627,0.020411081612110138,0.9176510572433472,36.15927505493164
single,fourier,15.0,rational,10.0,50,3000,0.008948180824518204,0.010933339595794678,0.010918859392404556,1.0941733121871948,41.95720672607422
single,fourier,15.0,down_inv,1.0,0,3000,0.014939138665795326,0.01795649528503418,0.017573600634932518,0.9586341381072998,64.52477264404297
single,fourier,15.0,down_inv,1.0,5,3000,0.020589953288435936,0.02562659978866577,0.025514790788292885,0.7909422516822815,34.971031188964844
single,fourier,15.0,down_inv,1.0,10,3000,0.012628794647753239,0.015639066696166992,0.014720862731337547,0.9748772978782654,45.41309356689453
single,fourier,15.0,down_inv,1.0,15,3000,0.024158358573913574,0.029385387897491455,0.029226671904325485,0.8681319355964661,32.2688102722168
single,fourier,15.0,down_inv,1.0,20,3000,0.009938000701367855,0.01246112585067749,0.012438063509762287,0.9384722113609314,46.401893615722656
single,fourier,15.0,down_inv,1.0,25,3000,0.02949107438325882,0.03539109230041504,0.03528774902224541,0.7752888798713684,26.13166618347168
single,fourier,15.0,down_inv,1.0,30,3000,0.008062135428190231,0.009663939476013184,0.009567979723215103,0.9799033999443054,45.63683319091797
single,fourier,15.0,down_inv,1.0,35,3000,0.011649387888610363,0.013997554779052734,0.013996009714901447,0.8597902059555054,32.73850631713867
single,fourier,15.0,down_inv,1.0,40,3000,0.019770722836256027,0.0245322585105896,0.024425754323601723,0.7730616331100464,31.44193458557129
single,fourier,15.0,down_inv,1.0,45,3000,0.020066801458597183,0.02388375997543335,0.023836204782128334,0.8564885258674622,33.15616989135742
single,fourier,15.0,down_inv,1.0,50,3000,0.010081464424729347,0.012418031692504883,0.01234376896172762,0.8027917742729187,28.75179100036621
single,fourier,15.0,down_inv,3.0,0,3000,0.01874708943068981,0.02178412675857544,0.02171296626329422,0.9805952310562134,39.709285736083984
single,fourier,15.0,down_inv,3.0,5,3000,0.016059579327702522,0.019548118114471436,0.0195164754986763,0.8606799244880676,32.325687408447266
single,fourier,15.0,down_inv,3.0,10,3000,0.01216854713857174,0.01516956090927124,0.014645164832472801,0.9599221348762512,46.70316696166992
single,fourier,15.0,down_inv,3.0,15,3000,0.016196440905332565,0.01960045099258423,0.01934266835451126,0.8389721512794495,36.18263244628906
single,fourier,15.0,down_inv,3.0,20,3000,0.008572002872824669,0.010711610317230225,0.010376635938882828,0.893620491027832,43.804100036621094
single,fourier,15.0,down_inv,3.0,25,3000,0.0450468547642231,0.05398881435394287,0.05377276614308357,0.8178911805152893,54.53660202026367
single,fourier,15.0,down_inv,3.0,30,3000,0.011847293935716152,0.014749288558959961,0.01424360740929842,0.8909386992454529,40.16019058227539
single,fourier,15.0,down_inv,3.0,35,3000,0.009196664206683636,0.011130034923553467,0.011112038046121597,0.9120252132415771,44.358829498291016
single,fourier,15.0,down_inv,3.0,40,3000,0.023894978687167168,0.030087828636169434,0.03005189821124077,0.8199584484100342,36.56985855102539
single,fourier,15.0,down_inv,3.0,45,3000,0.01976625993847847,0.02394801378250122,0.023872563615441322,0.7790487408638,31.767066955566406
single,fourier,15.0,down_inv,3.0,50,3000,0.006087552756071091,0.007966160774230957,0.007897677831351757,0.9105769395828247,43.3200798034668
single,fourier,15.0,down_inv,10.0,0,3000,0.012757770717144012,0.01614236831665039,0.01602107845246792,0.8451254963874817,38.638641357421875
single,fourier,15.0,down_inv,10.0,5,3000,0.019032247364521027,0.021817266941070557,0.021807797253131866,0.9336023330688477,43.741336822509766
single,fourier,15.0,down_inv,10.0,10,3000,0.00851589348167181,0.010547399520874023,0.010053399950265884,0.9499194025993347,39.88079071044922
single,fourier,15.0,down_inv,10.0,15,3000,0.031659431755542755,0.03924757242202759,0.039184585213661194,0.7086390852928162,28.915281295776367
single,fourier,15.0,down_inv,10.0,20,3000,0.010700163431465626,0.013377130031585693,0.013334815390408039,0.924821138381958,45.79788589477539
single,fourier,15.0,down_inv,10.0,25,3000,0.032153185456991196,0.0387190580368042,0.038661614060401917,0.9897791743278503,39.013362884521484
single,fourier,15.0,down_inv,10.0,30,3000,0.011024179868400097,0.013674736022949219,0.013638322241604328,0.798268735408783,38.72633743286133
single,fourier,15.0,down_inv,10.0,35,3000,0.005464679095894098,0.007035732269287109,0.006980421487241983,0.9755173325538635,45.44083786010742
single,fourier,15.0,down_inv,10.0,40,3000,0.028286173939704895,0.034852564334869385,0.034827183932065964,0.8623126745223999,41.916561126708984
single,fourier,15.0,down_inv,10.0,45,3000,0.015579395927488804,0.01809096336364746,0.01805073581635952,0.8549845218658447,54.37440490722656
single,fourier,15.0,down_inv,10.0,50,3000,0.00892125628888607,0.011609077453613281,0.011535707861185074,0.9541085362434387,37.438499450683594
multi,mlp,0.0,uniform,1.0,0,3000,0.002193296328186989,0.002805948257446289,0.002579411957412958,0.7634315490722656,28.61098289489746
multi,mlp,0.0,uniform,1.0,5,3000,0.004935817327350378,0.005553126335144043,0.002782008843496442,0.5979334115982056,16.91788673400879
multi,mlp,0.0,uniform,1.0,10,3000,0.008407977409660816,0.012945771217346191,0.005048178602010012,0.8361374735832214,43.12187957763672
multi,mlp,0.0,uniform,1.0,15,3000,0.008758995682001114,0.010574519634246826,0.0024442269932478666,0.8609060645103455,37.31150817871094
multi,mlp,0.0,uniform,1.0,20,3000,0.004056875593960285,0.006464719772338867,0.007076962850987911,0.4932481646537781,15.445615768432617
multi,mlp,0.0,uniform,1.0,25,3000,0.008084495551884174,0.010382294654846191,0.001403959933668375,0.4685128331184387,12.306013107299805
multi,mlp,0.0,uniform,1.0,30,3000,0.008359197527170181,0.012062907218933105,0.001623662537895143,0.5947660207748413,13.799287796020508
multi,mlp,0.0,uniform,1.0,35,3000,0.006197438109666109,0.00769650936126709,0.0008547035977244377,0.528423547744751,24.960617065429688
multi,mlp,0.0,uniform,1.0,40,3000,0.006948651745915413,0.010022282600402832,0.0035778172314167023,0.8892108201980591,44.066219329833984
multi,mlp,0.0,uniform,1.0,45,3000,0.00802629068493843,0.010141968727111816,0.0008531156927347183,0.4384537637233734,7.940743446350098
multi,mlp,0.0,uniform,1.0,50,3000,0.007418619468808174,0.010749995708465576,2.165268233511597e-05,0.5714348554611206,12.20023250579834
multi,mlp,0.0,rational,1.0,0,3000,0.002193296328186989,0.002805948257446289,0.002579411957412958,0.7634315490722656,28.61098289489746
multi,mlp,0.0,rational,1.0,5,3000,0.004935817327350378,0.005553126335144043,0.002782008843496442,0.5979334115982056,16.91788673400879
multi,mlp,0.0,rational,1.0,10,3000,0.008407977409660816,0.012945771217346191,0.005048178602010012,0.8361374735832214,43.12187957763672
multi,mlp,0.0,rational,1.0,15,3000,0.008758995682001114,0.010574519634246826,0.0024442269932478666,0.8609060645103455,37.31150817871094
multi,mlp,0.0,rational,1.0,20,3000,0.004056875593960285,0.006464719772338867,0.007076962850987911,0.4932481646537781,15.445615768432617
multi,mlp,0.0,rational,1.0,25,3000,0.008084495551884174,0.010382294654846191,0.001403959933668375,0.4685128331184387,12.306013107299805
multi,mlp,0.0,rational,1.0,30,3000,0.008359197527170181,0.012062907218933105,0.001623662537895143,0.5947660207748413,13.799287796020508
multi,mlp,0.0,rational,1.0,35,3000,0.006197438109666109,0.00769650936126709,0.0008547035977244377,0.528423547744751,24.960617065429688
multi,mlp,0.0,rational,1.0,40,3000,0.006948651745915413,0.010022282600402832,0.0035778172314167023,0.8892108201980591,44.066219329833984
multi,mlp,0.0,rational,1.0,45,3000,0.00802629068493843,0.010141968727111816,0.0008531156927347183,0.4384537637233734,7.940743446350098
multi,mlp,0.0,rational,1.0,50,3000,0.007418619468808174,0.010749995708465576,2.165268233511597e-05,0.5714348554611206,12.20023250579834
multi,mlp,0.0,rational,3.0,0,3000,0.0058939456939697266,0.008777856826782227,0.003921156749129295,0.6169273257255554,19.089139938354492
multi,mlp,0.0,rational,3.0,5,3000,0.0044381991028785706,0.007147490978240967,0.004892351571470499,0.4985407590866089,10.104043960571289
multi,mlp,0.0,rational,3.0,10,3000,0.0036586360074579716,0.005978226661682129,0.0042419047094881535,0.5277175307273865,13.612861633300781
multi,mlp,0.0,rational,3.0,15,3000,0.00789736956357956,0.010616958141326904,0.011797969229519367,0.596306324005127,32.05583190917969
multi,mlp,0.0,rational,3.0,20,3000,0.007411014288663864,0.010795265436172485,0.004335733130574226,0.4707918167114258,11.724085807800293
multi,mlp,0.0,rational,3.0,25,3000,0.008892755955457687,0.012062430381774902,0.0009540172177366912,0.6050488948822021,27.378807067871094
multi,mlp,0.0,rational,3.0,30,3000,0.006655014585703611,0.0075585246086120605,0.004150675144046545,0.6535339951515198,27.693822860717773
multi,mlp,0.0,rational,3.0,35,3000,0.006435372866690159,0.009058475494384766,0.0024040252901613712,0.7220413684844971,27.721599578857422
multi,mlp,0.0,rational,3.0,40,3000,0.0070219822227954865,0.009331941604614258,0.0024782216642051935,0.9051674008369446,33.296382904052734
multi,mlp,0.0,rational,3.0,45,3000,0.006328660994768143,0.008820176124572754,0.0008540540002286434,0.6357638239860535,31.072616577148438
multi,mlp,0.0,rational,3.0,50,3000,0.0052237738855183125,0.007309317588806152,0.0033333583269268274,0.8192646503448486,25.214130401611328
multi,mlp,0.0,rational,10.0,0,3000,0.008546371012926102,0.011410713195800781,0.0016948276897892356,0.6569352149963379,49.222049713134766
multi,mlp,0.0,rational,10.0,5,3000,0.007021903060376644,0.009645581245422363,0.003248046850785613,0.6407996416091919,18.425838470458984
multi,mlp,0.0,rational,10.0,10,3000,0.007982195354998112,0.009437203407287598,0.000559505308046937,0.5557538270950317,12.053722381591797
multi,mlp,0.0,rational,10.0,15,3000,0.0041438802145421505,0.005907118320465088,0.007921994663774967,0.5640221238136292,15.250840187072754
multi,mlp,0.0,rational,10.0,20,3000,0.0025890551041811705,0.0031759142875671387,0.004811153747141361,0.5426163077354431,14.122580528259277
multi,mlp,0.0,rational,10.0,25,3000,0.008876110427081585,0.012352585792541504,0.00021753729379270226,0.45427271723747253,10.28663444519043
multi,mlp,0.0,rational,10.0,30,3000,0.00930614024400711,0.01431727409362793,0.003872077213600278,0.8029183149337769,25.78147315979004
multi,mlp,0.0,rational,10.0,35,3000,0.008913008496165276,0.010922431945800781,0.0020248866640031338,0.4671882390975952,5.3593034744262695
multi,mlp,0.0,rational,10.0,40,3000,0.006386605557054281,0.00824737548828125,0.002376887248829007,0.582109808921814,19.082670211791992
multi,mlp,0.0,rational,10.0,45,3000,0.007129658944904804,0.009620428085327148,0.003406183561310172,0.8522765040397644,38.67739486694336
multi,mlp,0.0,rational,10.0,50,3000,0.006968151777982712,0.009660840034484863,0.00274440529756248,0.6971439719200134,26.48324203491211
multi,mlp,0.0,down_inv,1.0,0,3000,0.002193296328186989,0.002805948257446289,0.002579411957412958,0.7634315490722656,28.61098289489746
multi,mlp,0.0,down_inv,1.0,5,3000,0.004935817327350378,0.005553126335144043,0.002782008843496442,0.5979334115982056,16.91788673400879
multi,mlp,0.0,down_inv,1.0,10,3000,0.008407977409660816,0.012945771217346191,0.005048178602010012,0.8361374735832214,43.12187957763672
multi,mlp,0.0,down_inv,1.0,15,3000,0.008758995682001114,0.010574519634246826,0.0024442269932478666,0.8609060645103455,37.31150817871094
multi,mlp,0.0,down_inv,1.0,20,3000,0.004056875593960285,0.006464719772338867,0.007076962850987911,0.4932481646537781,15.445615768432617
multi,mlp,0.0,down_inv,1.0,25,3000,0.008084495551884174,0.010382294654846191,0.001403959933668375,0.4685128331184387,12.306013107299805
multi,mlp,0.0,down_inv,1.0,30,3000,0.008359197527170181,0.012062907218933105,0.001623662537895143,0.5947660207748413,13.799287796020508
multi,mlp,0.0,down_inv,1.0,35,3000,0.006197438109666109,0.00769650936126709,0.0008547035977244377,0.528423547744751,24.960617065429688
multi,mlp,0.0,down_inv,1.0,40,3000,0.006948651745915413,0.010022282600402832,0.0035778172314167023,0.8892108201980591,44.066219329833984
multi,mlp,0.0,down_inv,1.0,45,3000,0.00802629068493843,0.010141968727111816,0.0008531156927347183,0.4384537637233734,7.940743446350098
multi,mlp,0.0,down_inv,1.0,50,3000,0.007418619468808174,0.010749995708465576,2.165268233511597e-05,0.5714348554611206,12.20023250579834
multi,mlp,0.0,down_inv,3.0,0,3000,0.0005651781102642417,0.0008696913719177246,0.0006373106152750552,0.739617109298706,43.781494140625
multi,mlp,0.0,down_inv,3.0,5,3000,0.0003117609303444624,0.0003999471664428711,0.00022446614457294345,0.5587272047996521,17.223289489746094
multi,mlp,0.0,down_inv,3.0,10,3000,0.00038277386920526624,0.0004761219024658203,0.0001970394077943638,0.5796313285827637,13.873394012451172
multi,mlp,0.0,down_inv,3.0,15,3000,0.00022472719138022512,0.00034946203231811523,3.1252038752427325e-05,0.7123733758926392,19.19096565246582
multi,mlp,0.0,down_inv,3.0,20,3000,0.00047755130799487233,0.000619351863861084,8.163061283994466e-05,0.5388404726982117,15.73243236541748
multi,mlp,0.0,down_inv,3.0,25,3000,0.0016414750134572387,0.0021445751190185547,3.0169405363267288e-05,0.6793017387390137,21.306949615478516
multi,mlp,0.0,down_inv,3.0,30,3000,0.00029977489612065256,0.0004163980484008789,4.5831511670257896e-05,0.6289976239204407,18.892541885375977
multi,mlp,0.0,down_inv,3.0,35,3000,0.0001571865868754685,0.00019991397857666016,0.00011670796084217727,0.6079573035240173,19.053247451782227
multi,mlp,0.0,down_inv,3.0,40,3000,0.00021697170450352132,0.0003727078437805176,0.00018967750656884164,0.7389163374900818,26.447416305541992
multi,mlp,0.0,down_inv,3.0,45,3000,0.0013094962341710925,0.001728355884552002,0.000619411061052233,0.6449062824249268,13.899347305297852
multi,mlp,0.0,down_inv,3.0,50,3000,0.0013129976578056812,0.0017724037170410156,1.5012527001090348e-05,0.5967884063720703,13.476583480834961
multi,mlp,0.0,down_inv,10.0,0,3000,0.0001785100466804579,0.00023931264877319336,0.00010075714817503467,0.5901100039482117,16.228656768798828
multi,mlp,0.0,down_inv,10.0,5,3000,5.327870530891232e-05,8.07046890258789e-05,1.7538674001116306e-05,0.8602217435836792,39.55595397949219
multi,mlp,0.0,down_inv,10.0,10,3000,0.0003491305687930435,0.0004799962043762207,4.330536739871604e-06,0.8566382527351379,25.683326721191406
multi,mlp,0.0,down_inv,10.0,15,3000,0.0005423220572993159,0.0007799863815307617,0.0001971115852938965,0.6120092272758484,16.555986404418945
multi,mlp,0.0,down_inv,10.0,20,3000,0.00017738042515702546,0.00024110078811645508,3.500517050269991e-05,0.7724726796150208,51.5965576171875
multi,mlp,0.0,down_inv,10.0,25,3000,0.0003565641527529806,0.00041866302490234375,9.32508846744895e-05,0.7201287746429443,27.299097061157227
multi,mlp,0.0,down_inv,10.0,30,3000,0.00020160499843768775,0.00026351213455200195,3.493299664114602e-05,0.9102110862731934,29.328886032104492
multi,mlp,0.0,down_inv,10.0,35,3000,0.00014832250599283725,0.00020134449005126953,9.758142550708726e-05,0.6828466057777405,25.793176651000977
multi,mlp,0.0,down_inv,10.0,40,3000,0.0002804683172143996,0.00043272972106933594,0.0003047254285775125,0.6549292802810669,16.152978897094727
multi,mlp,0.0,down_inv,10.0,45,3000,0.0005463607958517969,0.0007575750350952148,4.287231058697216e-05,0.6546403765678406,32.96171951293945
multi,mlp,0.0,down_inv,10.0,50,3000,0.00019830497330985963,0.00027954578399658203,3.2479024412168656e-06,0.8011770844459534,18.68708038330078
multi,fourier,1.0,uniform,1.0,0,3000,0.0036933838855475187,0.006703674793243408,0.0002379629877395928,0.8409243226051331,63.08352279663086
multi,fourier,1.0,uniform,1.0,5,3000,0.0031365372706204653,0.005817711353302002,0.003130977973341942,0.8783113360404968,104.39571380615234
multi,fourier,1.0,uniform,1.0,10,3000,0.0026806602254509926,0.005734920501708984,0.00042663002386689186,1.1438977718353271,142.78453063964844
multi,fourier,1.0,uniform,1.0,15,3000,0.0034973006695508957,0.007468998432159424,0.001000642660073936,1.0403143167495728,144.3172607421875
multi,fourier,1.0,uniform,1.0,20,3000,0.0026338808238506317,0.004877209663391113,0.0020129778422415257,0.9559977650642395,62.31271743774414
multi,fourier,1.0,uniform,1.0,25,3000,0.0021066474728286266,0.003383159637451172,0.003660891205072403,0.8768754601478577,48.085655212402344
multi,fourier,1.0,uniform,1.0,30,3000,0.0023709402885288,0.005819559097290039,0.0005190869560465217,1.2029852867126465,139.42428588867188
multi,fourier,1.0,uniform,1.0,35,3000,0.0031556948088109493,0.005366384983062744,0.004634973127394915,0.9656709432601929,283.2716979980469
multi,fourier,1.0,uniform,1.0,40,3000,0.0038386713713407516,0.00856715440750122,0.00487827742472291,1.0927238464355469,93.45681762695312
multi,fourier,1.0,uniform,1.0,45,3000,0.002635605400428176,0.0055048465728759766,0.0024612604174762964,0.8721398711204529,49.652198791503906
multi,fourier,1.0,uniform,1.0,50,3000,0.0023803713265806437,0.005683720111846924,0.0008207088685594499,0.872347891330719,92.18373107910156
multi,fourier,1.0,rational,1.0,0,3000,0.0036933838855475187,0.006703674793243408,0.0002379629877395928,0.8409243226051331,63.08352279663086
multi,fourier,1.0,rational,1.0,5,3000,0.0031365372706204653,0.005817711353302002,0.003130977973341942,0.8783113360404968,104.39571380615234
multi,fourier,1.0,rational,1.0,10,3000,0.0026806602254509926,0.005734920501708984,0.00042663002386689186,1.1438977718353271,142.78453063964844
multi,fourier,1.0,rational,1.0,15,3000,0.0034973006695508957,0.007468998432159424,0.001000642660073936,1.0403143167495728,144.3172607421875
multi,fourier,1.0,rational,1.0,20,3000,0.0026338808238506317,0.004877209663391113,0.0020129778422415257,0.9559977650642395,62.31271743774414
multi,fourier,1.0,rational,1.0,25,3000,0.0021066474728286266,0.003383159637451172,0.003660891205072403,0.8768754601478577,48.085655212402344
multi,fourier,1.0,rational,1.0,30,3000,0.0023709402885288,0.005819559097290039,0.0005190869560465217,1.2029852867126465,139.42428588867188
multi,fourier,1.0,rational,1.0,35,3000,0.0031556948088109493,0.005366384983062744,0.004634973127394915,0.9656709432601929,283.2716979980469
multi,fourier,1.0,rational,1.0,40,3000,0.0038386713713407516,0.00856715440750122,0.00487827742472291,1.0927238464355469,93.45681762695312
multi,fourier,1.0,rational,1.0,45,3000,0.002635605400428176,0.0055048465728759766,0.0024612604174762964,0.8721398711204529,49.652198791503906
multi,fourier,1.0,rational,1.0,50,3000,0.0023803713265806437,0.005683720111846924,0.0008207088685594499,0.872347891330719,92.18373107910156
multi,fourier,1.0,rational,3.0,0,3000,0.004124853294342756,0.0078812837600708,0.0062622446566820145,1.1819864511489868,85.1314926147461
multi,fourier,1.0,rational,3.0,5,3000,0.0025180841330438852,0.004214882850646973,0.0021928392816334963,0.939954400062561,119.0271224975586
multi,fourier,1.0,rational,3.0,10,3000,0.0025356237310916185,0.004451394081115723,0.001051093451678753,0.9243935942649841,81.47488403320312
multi,fourier,1.0,rational,3.0,15,3000,0.003787306835874915,0.007377684116363525,0.00289525231346488,0.9872804880142212,72.7131576538086
multi,fourier,1.0,rational,3.0,20,3000,0.0019401420140638947,0.00390017032623291,0.003874314483255148,1.0652614831924438,97.8502426147461
multi,fourier,1.0,rational,3.0,25,3000,0.0029841570649296045,0.006070137023925781,0.0001551775640109554,0.8499136567115784,93.74666595458984
multi,fourier,1.0,rational,3.0,30,3000,0.00267598289065063,0.0050620436668396,0.0020821220241487026,1.2583284378051758,183.131591796875
multi,fourier,1.0,rational,3.0,35,3000,0.0028714982327073812,0.005203187465667725,0.002388146473094821,1.037283182144165,128.958251953125
multi,fourier,1.0,rational,3.0,40,3000,0.0024071792140603065,0.004519224166870117,0.0009355402435176075,0.89572674036026,58.96845626831055
multi,fourier,1.0,rational,3.0,45,3000,0.0022222367115318775,0.004035830497741699,0.00014853740867692977,0.8888031244277954,39.58391571044922
multi,fourier,1.0,rational,3.0,50,3000,0.004332075826823711,0.006813168525695801,0.007330082822591066,0.8835775852203369,59.17896270751953
multi,fourier,1.0,rational,10.0,0,3000,0.0030133058317005634,0.005055725574493408,0.004594266414642334,1.1188366413116455,58.782352447509766
multi,fourier,1.0,rational,10.0,5,3000,0.003176096361130476,0.005017876625061035,0.004924830514937639,0.8966792821884155,93.39112854003906
multi,fourier,1.0,rational,10.0,10,3000,0.003275156719610095,0.006768703460693359,0.0025268681347370148,0.844769299030304,77.16608428955078
multi,fourier,1.0,rational,10.0,15,3000,0.0024679095949977636,0.0048670172691345215,0.001262784469872713,0.9261038899421692,126.34748840332031
multi,fourier,1.0,rational,10.0,20,3000,0.002121049677953124,0.004675030708312988,0.002108682645484805,1.0559085607528687,80.41242218017578
multi,fourier,1.0,rational,10.0,25,3000,0.0020943398121744394,0.004325270652770996,0.0005547417094931006,0.9280626177787781,42.57847595214844
multi,fourier,1.0,rational,10.0,30,3000,0.003165067406371236,0.006315767765045166,0.0026230060029774904,1.336575984954834,216.79391479492188
multi,fourier,1.0,rational,10.0,35,3000,0.0029851868748664856,0.0067566633224487305,0.005412593483924866,1.1723973751068115,68.49529266357422
multi,fourier,1.0,rational,10.0,40,3000,0.0025139511562883854,0.0046536922454833984,0.0021869931370019913,0.9545862078666687,47.330223083496094
multi,fourier,1.0,rational,10.0,45,3000,0.0032395219895988703,0.0061942338943481445,0.002615571953356266,1.0154961347579956,79.90110778808594
multi,fourier,1.0,rational,10.0,50,3000,0.002334048505872488,0.005675852298736572,0.00024157176085282117,1.2290689945220947,74.5114974975586
multi,fourier,1.0,down_inv,1.0,0,3000,0.0036933838855475187,0.006703674793243408,0.0002379629877395928,0.8409243226051331,63.08352279663086
multi,fourier,1.0,down_inv,1.0,5,3000,0.0031365372706204653,0.005817711353302002,0.003130977973341942,0.8783113360404968,104.39571380615234
multi,fourier,1.0,down_inv,1.0,10,3000,0.0026806602254509926,0.005734920501708984,0.00042663002386689186,1.1438977718353271,142.78453063964844
multi,fourier,1.0,down_inv,1.0,15,3000,0.0034973006695508957,0.007468998432159424,0.001000642660073936,1.0403143167495728,144.3172607421875
multi,fourier,1.0,down_inv,1.0,20,3000,0.0026338808238506317,0.004877209663391113,0.0020129778422415257,0.9559977650642395,62.31271743774414
multi,fourier,1.0,down_inv,1.0,25,3000,0.0021066474728286266,0.003383159637451172,0.003660891205072403,0.8768754601478577,48.085655212402344
multi,fourier,1.0,down_inv,1.0,30,3000,0.0023709402885288,0.005819559097290039,0.0005190869560465217,1.2029852867126465,139.42428588867188
multi,fourier,1.0,down_inv,1.0,35,3000,0.0031556948088109493,0.005366384983062744,0.004634973127394915,0.9656709432601929,283.2716979980469
multi,fourier,1.0,down_inv,1.0,40,3000,0.0038386713713407516,0.00856715440750122,0.00487827742472291,1.0927238464355469,93.45681762695312
multi,fourier,1.0,down_inv,1.0,45,3000,0.002635605400428176,0.0055048465728759766,0.0024612604174762964,0.8721398711204529,49.652198791503906
multi,fourier,1.0,down_inv,1.0,50,3000,0.0023803713265806437,0.005683720111846924,0.0008207088685594499,0.872347891330719,92.18373107910156
multi,fourier,1.0,down_inv,3.0,0,3000,0.0034807396586984396,0.00716400146484375,0.0034381572622805834,0.9929823875427246,76.84615325927734
multi,fourier,1.0,down_inv,3.0,5,3000,0.0023846072144806385,0.00419539213180542,0.0007733616512268782,0.8983091115951538,103.48355865478516
multi,fourier,1.0,down_inv,3.0,10,3000,0.0027463920414447784,0.0049555301666259766,0.0038759745657444,0.9265676140785217,44.785865783691406
multi,fourier,1.0,down_inv,3.0,15,3000,0.0019345680484548211,0.0033990144729614258,0.002653608564287424,0.8966881632804871,83.22787475585938
multi,fourier,1.0,down_inv,3.0,20,3000,0.003579276381060481,0.00479733943939209,0.004700075834989548,0.8604007363319397,30.345714569091797
multi,fourier,1.0,down_inv,3.0,25,3000,0.002805761992931366,0.006048798561096191,0.0008545592427253723,1.1410750150680542,125.3401870727539
multi,fourier,1.0,down_inv,3.0,30,3000,0.0023044205736368895,0.0033986568450927734,0.0018239498604089022,1.0123876333236694,85.73420715332031
multi,fourier,1.0,down_inv,3.0,35,3000,0.002391921356320381,0.00516742467880249,0.00013958763156551868,0.9102032780647278,76.30280303955078
multi,fourier,1.0,down_inv,3.0,40,3000,0.0032166235614567995,0.006094455718994141,0.0021626700181514025,0.8908645510673523,77.89154052734375
multi,fourier,1.0,down_inv,3.0,45,3000,0.0032096928916871548,0.006359696388244629,0.002562739420682192,0.8699208498001099,49.3618278503418
multi,fourier,1.0,down_inv,3.0,50,3000,0.0019601171370595694,0.003247976303100586,0.0006565815419889987,0.9172285199165344,125.08113098144531
multi,fourier,1.0,down_inv,10.0,0,3000,0.0015473311068490148,0.002534329891204834,0.0021425329614430666,1.1436206102371216,155.39781188964844
multi,fourier,1.0,down_inv,10.0,5,3000,0.002738898852840066,0.006445348262786865,0.0004220107803121209,0.9591974020004272,160.43186950683594
multi,fourier,1.0,down_inv,10.0,10,3000,0.0026609799824655056,0.005150139331817627,0.005268242210149765,0.7283223867416382,34.58160400390625
multi,fourier,1.0,down_inv,10.0,15,3000,0.0030763468239456415,0.005824565887451172,0.004515739157795906,1.0936721563339233,121.1972885131836
multi,fourier,1.0,down_inv,10.0,20,3000,0.0026494513731449842,0.005352973937988281,0.002108466112986207,1.0763744115829468,224.88462829589844
multi,fourier,1.0,down_inv,10.0,25,3000,0.003244326449930668,0.005414366722106934,0.005644854623824358,0.9477417469024658,109.3837890625
multi,fourier,1.0,down_inv,10.0,30,3000,0.0018253084272146225,0.003209054470062256,0.001687177107669413,1.014393925666809,105.52278900146484
multi,fourier,1.0,down_inv,10.0,35,3000,0.00202964898198843,0.0036405324935913086,6.85668283040286e-06,0.8631286025047302,58.36894226074219
multi,fourier,1.0,down_inv,10.0,40,3000,0.0038449557032436132,0.0061661601066589355,0.0060050105676054955,0.8149871826171875,31.893281936645508
multi,fourier,1.0,down_inv,10.0,45,3000,0.0035322995390743017,0.007242023944854736,0.004560921341180801,1.1468743085861206,132.1793212890625
multi,fourier,1.0,down_inv,10.0,50,3000,0.0029265116900205612,0.006482481956481934,0.0035866948310285807,1.0400733947753906,215.28738403320312
multi,fourier,15.0,uniform,1.0,0,3000,0.0897190272808075,0.11952698230743408,0.019914694130420685,1.0195130109786987,54.599853515625
multi,fourier,15.0,uniform,1.0,5,3000,0.10870974510908127,0.15152519941329956,0.03961466625332832,1.0069888830184937,51.08452224731445
multi,fourier,15.0,uniform,1.0,10,3000,0.09036824852228165,0.12491273880004883,0.02901567704975605,0.9282497763633728,63.73457336425781
multi,fourier,15.0,uniform,1.0,15,3000,0.11405006051063538,0.15327173471450806,0.022394215688109398,1.1049184799194336,42.65775680541992
multi,fourier,15.0,uniform,1.0,20,3000,0.10424399375915527,0.13911700248718262,0.020782461389899254,1.0893617868423462,51.345985412597656
multi,fourier,15.0,uniform,1.0,25,3000,0.117923304438591,0.15717661380767822,0.03018990345299244,1.182433009147644,48.2197380065918
multi,fourier,15.0,uniform,1.0,30,3000,0.09830066561698914,0.1269475221633911,0.012206988409161568,1.0449293851852417,49.04648971557617
multi,fourier,15.0,uniform,1.0,35,3000,0.11134372651576996,0.15288227796554565,0.028110234066843987,0.9942643642425537,68.12316131591797
multi,fourier,15.0,uniform,1.0,40,3000,0.09312158077955246,0.12893623113632202,0.031066836789250374,0.9810962677001953,58.19841766357422
multi,fourier,15.0,uniform,1.0,45,3000,0.10914111137390137,0.14584040641784668,0.0231870636343956,0.9969750046730042,58.247276306152344
multi,fourier,15.0,uniform,1.0,50,3000,0.10822046548128128,0.1524023413658142,0.044765911996364594,1.2220749855041504,98.6029281616211
multi,fourier,15.0,rational,1.0,0,3000,0.0897190272808075,0.11952698230743408,0.019914694130420685,1.0195130109786987,54.599853515625
multi,fourier,15.0,rational,1.0,5,3000,0.10870974510908127,0.15152519941329956,0.03961466625332832,1.0069888830184937,51.08452224731445
multi,fourier,15.0,rational,1.0,10,3000,0.09036824852228165,0.12491273880004883,0.02901567704975605,0.9282497763633728,63.73457336425781
multi,fourier,15.0,rational,1.0,15,3000,0.11405006051063538,0.15327173471450806,0.022394215688109398,1.1049184799194336,42.65775680541992
multi,fourier,15.0,rational,1.0,20,3000,0.10424399375915527,0.13911700248718262,0.020782461389899254,1.0893617868423462,51.345985412597656
multi,fourier,15.0,rational,1.0,25,3000,0.117923304438591,0.15717661380767822,0.03018990345299244,1.182433009147644,48.2197380065918
multi,fourier,15.0,rational,1.0,30,3000,0.09830066561698914,0.1269475221633911,0.012206988409161568,1.0449293851852417,49.04648971557617
multi,fourier,15.0,rational,1.0,35,3000,0.11134372651576996,0.15288227796554565,0.028110234066843987,0.9942643642425537,68.12316131591797
multi,fourier,15.0,rational,1.0,40,3000,0.09312158077955246,0.12893623113632202,0.031066836789250374,0.9810962677001953,58.19841766357422
multi,fourier,15.0,rational,1.0,45,3000,0.10914111137390137,0.14584040641784668,0.0231870636343956,0.9969750046730042,58.247276306152344
multi,fourier,15.0,rational,1.0,50,3000,0.10822046548128128,0.1524023413658142,0.044765911996364594,1.2220749855041504,98.6029281616211
multi,fourier,15.0,rational,3.0,0,3000,0.08717238157987595,0.12169802188873291,0.02555052749812603,0.9800527095794678,45.607479095458984
multi,fourier,15.0,rational,3.0,5,3000,0.09953434765338898,0.13698852062225342,0.03404891490936279,1.0687507390975952,42.22718048095703
multi,fourier,15.0,rational,3.0,10,3000,0.08931012451648712,0.1203916072845459,0.023572120815515518,1.0682432651519775,49.02457046508789
multi,fourier,15.0,rational,3.0,15,3000,0.10590770095586777,0.14587771892547607,0.028551733121275902,0.9780429005622864,48.106563568115234
multi,fourier,15.0,rational,3.0,20,3000,0.1105167493224144,0.15923047065734863,0.04531162977218628,0.9130012392997742,35.59600067138672
multi,fourier,15.0,rational,3.0,25,3000,0.11098979413509369,0.16090017557144165,0.04511747881770134,1.0728847980499268,82.89447784423828
multi,fourier,15.0,rational,3.0,30,3000,0.10752485692501068,0.1519262194633484,0.04096543416380882,1.0507605075836182,62.30850601196289
multi,fourier,15.0,rational,3.0,35,3000,0.13017138838768005,0.18270260095596313,0.04890438914299011,1.0712134838104248,37.74796676635742
multi,fourier,15.0,rational,3.0,40,3000,0.0918208435177803,0.13103920221328735,0.0345555879175663,1.0932226181030273,69.25840759277344
multi,fourier,15.0,rational,3.0,45,3000,0.11226491630077362,0.1530328392982483,0.027346977964043617,0.9556177258491516,42.464996337890625
multi,fourier,15.0,rational,3.0,50,3000,0.09738513827323914,0.14144426584243774,0.045916248112916946,1.0489916801452637,59.955570220947266
multi,fourier,15.0,rational,10.0,0,3000,0.09304925054311752,0.1313227415084839,0.033247046172618866,1.007347583770752,48.46489334106445
multi,fourier,15.0,rational,10.0,5,3000,0.11071925610303879,0.1579940915107727,0.04973448067903519,0.9981803894042969,51.188053131103516
multi,fourier,15.0,rational,10.0,10,3000,0.08705813437700272,0.12440109252929688,0.03450087830424309,0.9993895888328552,51.859378814697266
multi,fourier,15.0,rational,10.0,15,3000,0.11022177338600159,0.14811939001083374,0.02487972564995289,1.0251469612121582,31.365583419799805
multi,fourier,15.0,rational,10.0,20,3000,0.11981496959924698,0.16954416036605835,0.0455436035990715,0.9239882826805115,29.987144470214844
multi,fourier,15.0,rational,10.0,25,3000,0.12386877834796906,0.16926246881484985,0.04012451320886612,1.0615102052688599,44.86614990234375
multi,fourier,15.0,rational,10.0,30,3000,0.11806420981884003,0.16708385944366455,0.04964267462491989,1.0233798027038574,29.585678100585938
multi,fourier,15.0,rational,10.0,35,3000,0.13139036297798157,0.1865946650505066,0.054164186120033264,0.9036136269569397,29.566429138183594
multi,fourier,15.0,rational,10.0,40,3000,0.08984596282243729,0.13127148151397705,0.04146142303943634,1.251873254776001,56.68018341064453
multi,fourier,15.0,rational,10.0,45,3000,0.09801607578992844,0.13482177257537842,0.028805647045373917,0.9185724258422852,35.14449691772461
multi,fourier,15.0,rational,10.0,50,3000,0.09717806428670883,0.14387214183807373,0.04851435124874115,1.1671032905578613,53.554473876953125
multi,fourier,15.0,down_inv,1.0,0,3000,0.0897190272808075,0.11952698230743408,0.019914694130420685,1.0195130109786987,54.599853515625
multi,fourier,15.0,down_inv,1.0,5,3000,0.10870974510908127,0.15152519941329956,0.03961466625332832,1.0069888830184937,51.08452224731445
multi,fourier,15.0,down_inv,1.0,10,3000,0.09036824852228165,0.12491273880004883,0.02901567704975605,0.9282497763633728,63.73457336425781
multi,fourier,15.0,down_inv,1.0,15,3000,0.11405006051063538,0.15327173471450806,0.022394215688109398,1.1049184799194336,42.65775680541992
multi,fourier,15.0,down_inv,1.0,20,3000,0.10424399375915527,0.13911700248718262,0.020782461389899254,1.0893617868423462,51.345985412597656
multi,fourier,15.0,down_inv,1.0,25,3000,0.117923304438591,0.15717661380767822,0.03018990345299244,1.182433009147644,48.2197380065918
multi,fourier,15.0,down_inv,1.0,30,3000,0.09830066561698914,0.1269475221633911,0.012206988409161568,1.0449293851852417,49.04648971557617
multi,fourier,15.0,down_inv,1.0,35,3000,0.11134372651576996,0.15288227796554565,0.028110234066843987,0.9942643642425537,68.12316131591797
multi,fourier,15.0,down_inv,1.0,40,3000,0.09312158077955246,0.12893623113632202,0.031066836789250374,0.9810962677001953,58.19841766357422
multi,fourier,15.0,down_inv,1.0,45,3000,0.10914111137390137,0.14584040641784668,0.0231870636343956,0.9969750046730042,58.247276306152344
multi,fourier,15.0,down_inv,1.0,50,3000,0.10822046548128128,0.1524023413658142,0.044765911996364594,1.2220749855041504,98.6029281616211
multi,fourier,15.0,down_inv,3.0,0,3000,0.10091523826122284,0.13467031717300415,0.02312549762427807,1.0687230825424194,66.35820770263672
multi,fourier,15.0,down_inv,3.0,5,3000,0.11152544617652893,0.14951694011688232,0.025196000933647156,1.1083556413650513,56.97367477416992
multi,fourier,15.0,down_inv,3.0,10,3000,0.08470752090215683,0.11437046527862549,0.01715737022459507,1.0544281005859375,58.14219665527344
multi,fourier,15.0,down_inv,3.0,15,3000,0.11258451640605927,0.14498692750930786,0.008677384816110134,1.0941376686096191,69.47077941894531
multi,fourier,15.0,down_inv,3.0,20,3000,0.11053334176540375,0.14857691526412964,0.027936868369579315,1.0575008392333984,72.11341094970703
multi,fourier,15.0,down_inv,3.0,25,3000,0.10884538292884827,0.14425253868103027,0.01838875748217106,1.031768798828125,45.019351959228516
multi,fourier,15.0,down_inv,3.0,30,3000,0.0909651443362236,0.12700891494750977,0.029283737763762474,1.1974616050720215,78.43620300292969
multi,fourier,15.0,down_inv,3.0,35,3000,0.12192315608263016,0.1711350679397583,0.04464941844344139,1.0907187461853027,80.7425765991211
multi,fourier,15.0,down_inv,3.0,40,3000,0.09617256373167038,0.1359328031539917,0.035079799592494965,1.129449486732483,83.18622589111328
multi,fourier,15.0,down_inv,3.0,45,3000,0.11196138709783554,0.1482883095741272,0.020369183272123337,1.139712929725647,100.88629913330078
multi,fourier,15.0,down_inv,3.0,50,3000,0.10297932475805283,0.1444661021232605,0.03298504650592804,1.0879902839660645,85.92991638183594
multi,fourier,15.0,down_inv,10.0,0,3000,0.10282722115516663,0.13466131687164307,0.020114043727517128,1.1280335187911987,117.1055679321289
multi,fourier,15.0,down_inv,10.0,5,3000,0.11269573867321014,0.14442360401153564,0.011121612042188644,1.158608317375183,75.25817108154297
multi,fourier,15.0,down_inv,10.0,10,3000,0.09801334887742996,0.13192862272262573,0.01450087409466505,1.1118603944778442,88.15318298339844
multi,fourier,15.0,down_inv,10.0,15,3000,0.14040395617485046,0.18361806869506836,0.017047518864274025,1.0218604803085327,86.56149291992188
multi,fourier,15.0,down_inv,10.0,20,3000,0.10970201343297958,0.15042412281036377,0.028308717533946037,0.935107946395874,53.51594543457031
multi,fourier,15.0,down_inv,10.0,25,3000,0.11910555511713028,0.16199636459350586,0.02756343223154545,0.9927626252174377,71.97386932373047
multi,fourier,15.0,down_inv,10.0,30,3000,0.11191779375076294,0.1571398377418518,0.03324401378631592,0.9876062870025635,92.18933868408203
multi,fourier,15.0,down_inv,10.0,35,3000,0.11659228056669235,0.15546554327011108,0.023137912154197693,1.1184501647949219,92.89665985107422
multi,fourier,15.0,down_inv,10.0,40,3000,0.11276338249444962,0.15607738494873047,0.03235798701643944,1.148945927619934,83.3591079711914
multi,fourier,15.0,down_inv,10.0,45,3000,0.11737034469842911,0.1601473093032837,0.030459189787507057,1.191156029701233,91.16773986816406
multi,fourier,15.0,down_inv,10.0,50,3000,0.11952465027570724,0.16140925884246826,0.02830243855714798,1.1037009954452515,87.53701782226562
