config,eps,lift,sigma,seed,best_L2,best_layer,best_ep,end_L2,end_layer
E_exp_eps01_sig15,0.01,exp,15.0,0,0.0022054596140201,0.00019491811907620122,1600,0.0022054596140201,0.00019491811907620122
E_exp_eps01_sig15,0.01,exp,15.0,1,0.0019477272331361608,0.0001131743257596271,1800,0.0019477272331361608,0.0001131743257596271
E_exp_eps01_sig15,0.01,exp,15.0,2,0.0016274244429425047,9.616082240888588e-05,2000,0.0016274244429425047,9.616082240888588e-05
E_exp_eps01_sig15,0.01,exp,15.0,3,0.0032941127963716328,0.00018738179633946052,2000,0.0032941127963716328,0.00018738179633946052
F_logistic_eps01_sig15,0.01,logistic,15.0,0,5.519741177096304,1.26641282249352,200,5.519741177096304,1.26641282249352
F_logistic_eps01_sig15,0.01,logistic,15.0,1,4.6109641871447336,1.4176595537793166,400,4.6109641871447336,1.4176595537793166
F_logistic_eps01_sig15,0.01,logistic,15.0,2,5.281704314236739,1.2354892334665004,200,5.281704314236739,1.2354892334665004
F_logistic_eps01_sig15,0.01,logistic,15.0,3,4.913233351381829,1.256721983087342,200,4.913233351381829,1.256721983087342
G_logistic_eps01_sig3,0.01,logistic,3.0,0,7.471448187631926,1.7480350973582681,2000,7.471448187631926,1.7480350973582681
G_logistic_eps01_sig3,0.01,logistic,3.0,1,8.601501369103389,1.9709440691247406,2000,8.601501369103389,1.9709440691247406
G_logistic_eps01_sig3,0.01,logistic,3.0,2,8.113011860887076,1.8881988621862953,2000,8.113011860887076,1.8881988621862953
G_logistic_eps01_sig3,0.01,logistic,3.0,3,8.117383905789515,1.8717705114608278,2000,8.117383905789515,1.8717705114608278
